id,title,so_ky_hieu,ngay_ban_hanh,loai_van_ban,ngay_co_hieu_luc,ngay_het_hieu_luc,nguon_thu_thap,ngay_dang_cong_bao,nganh,linh_vuc,co_quan_ban_hanh,chuc_danh,nguoi_ky,pham_vi,thong_tin_ap_dung,tinh_trang_hieu_luc,agent_category,status_checked_at,status_filter
172978,"Nghị quyết số 111/2024/NQ-HĐND Bãi bỏ Nghị quyết số 78/2024/NQ-HĐND ngày 10 tháng 7 năm 2024 của Hội đồng nhân dân tỉnh Gia Lai quy định giá dịch vụ khám bệnh, chữa bệnh không thuộc phạm vi thanh toán của Quỹ Bảo hiểm y tế nhưng không phải là dịch vụ khám bệnh, chữa bệnh theo yêu cầu trong các cơ sở khám bệnh, chữa bệnh của Nhà nước thuộc tỉnh Gia Lai quản lý",111/2024/NQ-HĐND,11/12/2024,Nghị quyết,21/12/2024,,Văn phòng Đoàn đại biểu Quốc hội và Hội đồng nhân dân tỉnh,,,Chưa phân loại,HĐND Tỉnh Gia Lai,Chủ tịch,Hồ Văn Niên,Địa phương,,Còn hiệu lực,"bhyt,vien_phi",2026-08-04,Còn hiệu lực và không là target của quan hệ Bãi bỏ/Thay thế
157778,Nghị quyết số 105/2022/NQ-HĐND Quy định mức hỗ trợ đóng bảo hiểm y tế cho nhóm đối tượng trên địa bàn tỉnh Nam Định,105/2022/NQ-HĐND,09/12/2022,Nghị quyết,01/01/2023,,,,Lao động - Thương binh và Xã hội,Chưa phân loại,HĐND tỉnh Nam Định,Chủ tịch,Lê Quốc Chỉnh,Địa phương,,Còn hiệu lực,bhyt,2026-08-04,Còn hiệu lực và không là target của quan hệ Bãi bỏ/Thay thế
177421,"Nghị quyết số 05/2025/NQ-HĐND Bãi bỏ Nghị quyết số 54/2019/NQ-HĐND ngày 13/12/2019 của Hội đồng nhân dân tỉnh Bình Định quy định mức giá dịch vụ khám bệnh, chữa bệnh không thuộc phạm vi thanh toán của Quỹ bảo hiểm y tế trong các cơ sở khám bệnh, chữa bệnh của Nhà nước thuộc tỉnh Bình Định",05/2025/NQ-HĐND,28/04/2025,Nghị quyết,08/05/2025,,Văn phòng HĐND tỉnh,,,Chưa phân loại,HĐND tỉnh Bình Định,Chủ tịch,Hồ Quốc Dũng,Địa phương,,Còn hiệu lực,"bhyt,vien_phi",2026-08-04,Còn hiệu lực và không là target của quan hệ Bãi bỏ/Thay thế
128759,"Quyết định số 02/2018/QĐ-UBND Bãi bỏ các quy định về thực hiện mức hỗ trợ đóng bảo hiểm xã hội tự nguyện, bảo hiểm y tế cho cán bộ không chuyên trách xã, phường, thị trấn trên địa bàn tỉnh Quảng Nam theo Quyết định số 02/2010/QĐ-UBND ngày 19/01/2010 của UBND tỉnh Quảng Nam",02/2018/QĐ-UBND,31/01/2018,Quyết định,15/02/2018,,Bản chính văn bản,,Lao động - Thương binh và Xã hội,Chưa phân loại,UBND tỉnh Quảng Nam,Chủ tịch,Đinh Văn Thu,Địa phương,,Còn hiệu lực,bhyt,2026-08-04,Còn hiệu lực và không là target của quan hệ Bãi bỏ/Thay thế
173176,"Nghị quyết số 68/2024/NQ-HĐND Quy định giá dịch vụ khám bệnh, chữa bệnh thuộc danh mục thanh toán của Quỹ bảo hiểm y tế, giá dịch vụ khám bệnh, chữa bệnh do ngân sách nhà nước thanh toán và giá dịch vụ khám bệnh, chữa bệnh không thuộc danh mục thanh toán của Quỹ bảo hiểm y tế mà không phải là dịch vụ khám bệnh, chữa bệnh theo yêu cầu tại các cơ sở khám bệnh, chữa bệnh công lập thuộc thành phố Đà Nẵng",68/2024/NQ-HĐND,13/12/2024,Nghị quyết,01/01/2025,,,,"Y tế, Tài chính",Chưa phân loại,HĐND thành phố Đà Nẵng,Chủ tịch,Ngô Xuân Thắng,Địa phương,,Còn hiệu lực,"bhyt,vien_phi",2026-08-04,Còn hiệu lực và không là target của quan hệ Bãi bỏ/Thay thế
181847,"Nghị định số 233/2025/NĐ-CP Quy định cơ chế tài chính về bảo hiểm xã hội, bảo hiểm thất nghiệp, bảo hiểm y tế; chi tổ chức và hoạt động bảo hiểm xã hội, bảo hiểm thất nghiệp, bảo hiểm y tế",233/2025/NĐ-CP,26/08/2025,Nghị định,26/08/2025,,,,"Tài chính, Bảo Hiểm","Bảo hiểm xã hội, Bảo hiểm y tế",Chính phủ,Phó Thủ tướng,Hồ Đức Phớc,Trung ương,,Còn hiệu lực,bhyt,2026-08-04,Còn hiệu lực và không là target của quan hệ Bãi bỏ/Thay thế
168803,Nghị quyết số 15/2024/NQ-HĐND Quy định chính sách hỗ trợ kinh phí đóng bảo hiểm y tế; chi phí cùng chi trả đối với thuốc kháng HIV cho người nhiễm HIV/AIDS có thẻ bảo hiểm y tế trên địa bàn tỉnh Nghệ An,15/2024/NQ-HĐND,11/07/2024,Nghị quyết,21/07/2024,,,,,Chưa phân loại,HĐND Tỉnh Nghệ An,Chủ tịch,Thái Thanh Quý,Địa phương,,Còn hiệu lực,bhyt,2026-08-04,Còn hiệu lực và không là target của quan hệ Bãi bỏ/Thay thế
185924,"Nghị quyết số 50/2025/NQ-HĐND Sửa đổi, bổ sung một số điều của Nghị quyết số 28/2024/NQ-HĐND ngày 31 tháng 12 năm 2024 của Hội đồng nhân dân tỉnh quy định giá dịch vụ khám bệnh, chữa bệnh do quỹ bảo hiểm y tế thanh toán; giá dịch vụ khám bệnh, chữa bệnh do ngân sách nhà nước thanh toán; giá dịch vụ khám bệnh, chữa bệnh không thuộc danh mục do quỹ bảo hiểm y tế thanh toán mà không phải là dịch vụ khám bệnh, chữa bệnh theo yêu cầu đối với các cơ sở khám bệnh, chữa bệnh của Nhà nước thuộc tỉnh Lạng Sơn quản lý",50/2025/NQ-HĐND,30/12/2025,Nghị quyết,01/01/2026,,,,Lao động - Thương binh và Xã hội,"Lao động, tiền lương, tiền công",HĐND Tỉnh Lạng Sơn,Chủ tịch,Đoàn Thị Hậu,Địa phương,,Còn hiệu lực,"bhyt,vien_phi",2026-08-04,Còn hiệu lực và không là target của quan hệ Bãi bỏ/Thay thế
102592,Quyết định số 45/2012/QĐ-UBND Ban hành Đề án Hỗ trợ kinh phí mua thẻ bảo hiểm y tế cho hộ gia đình cận nghèo trên địa bàn tỉnh Ninh Thuận giai đoạn 2012 - 2015,45/2012/QĐ-UBND,17/08/2012,Quyết định,27/08/2012,,,,,Chưa phân loại,UBND tỉnh Ninh Thuận,Phó Chủ tịch,Võ Đại,Địa phương,,Còn hiệu lực,bhyt,2026-08-04,Còn hiệu lực và không là target của quan hệ Bãi bỏ/Thay thế
184559,Nghị quyết số 64/2025/NQ-HĐND Quy định mức hỗ trợ đóng bảo hiểm y tế cho một số đối tượng trên địa bàn tỉnh Phú Thọ giao đoạn 2026-2030,64/2025/NQ-HĐND,25/11/2025,Nghị quyết,01/01/2026,,Hệ điều hành văn bản của tỉnh,,Y tế,,HĐND Tỉnh Phú Thọ,Chủ tịch,Bùi Đức Hinh,Địa phương,,Còn hiệu lực,bhyt,2026-08-04,Còn hiệu lực và không là target của quan hệ Bãi bỏ/Thay thế
184589,"Nghị quyết số 68/2025/NQ-HĐND Quy định mức hỗ trợ đóng bảo hiểm y tế cho các đối tượng cao hơn mức hỗ trợ tối thiểu; đối tượng được hỗ trợ và mức hỗ trợ cùng chi trả chi phí khám bệnh, chữa bệnh bảo hiểm y tế cho người tham gia bảo hiểm y tế khi đi khám bệnh, chữa bệnh trên địa bàn tỉnh Lâm Đồng",68/2025/NQ-HĐND,10/12/2025,Nghị quyết,01/01/2026,,Văn bản gốc,,An ninh quốc gia,Bảo vệ bí mật nhà nước,HĐND Tỉnh Lâm Đồng,Chủ tịch,Lưu Văn Trung,Địa phương,,Còn hiệu lực,"bhyt,vien_phi",2026-08-04,Còn hiệu lực và không là target của quan hệ Bãi bỏ/Thay thế
185356,Nghị quyết số '26/2025/NQ-HĐND Quy định mức hỗ trợ đóng bảo hiểm y tế cho một số đối tượng trên địa bàn thành phố Cần Thơ,'26/2025/NQ-HĐND,10/12/2025,Nghị quyết,10/12/2025,,Bản gốc văn bản,,Lao động - Thương binh và Xã hội,"Lao động, tiền lương, tiền công",HĐND Thành phố Cần Thơ,Chủ tịch,Đồng Văn Thanh,Địa phương,,Còn hiệu lực,bhyt,2026-08-04,Còn hiệu lực và không là target của quan hệ Bãi bỏ/Thay thế
88622,"Quyết định 3651/QĐ-UBND ban hành Kế hoạch Chương trình hành động 32-CTrHĐ/TU thực hiện Nghị quyết 21-NQ/TW về tăng cường sự lãnh đạo của Đảng đối với công tác bảo hiểm xã hội, bảo hiểm y tế giai đoạn 2012 - 2020 do thành phố Hồ Chí Minh ban hành",3651/QĐ-UBND,05/07/2013,Quyết định,05/07/2013,,Số 30,15/07/2013,,Chưa phân loại,UBND Thành phố Hồ Chí Minh,Phó Chủ tịch,Hứa Ngọc Thuận,Địa phương,,Còn hiệu lực,bhyt,2026-08-04,Còn hiệu lực và không là target của quan hệ Bãi bỏ/Thay thế
96394,"Nghị quyết số 42/2014/NQ-HDND Về việc phê duyệt chế độ hỗ trợ bảo hiểm xã hội tự nguyện, bảo hiểm y tế cho công an viên và thôn, ấp, khu đội trưởng được bố trí ở thôn, ấp, khu phố trên địa bàn tỉnh Bà Rịa - Vũng Tàu",42/2014/NQ-HDND,18/12/2014,Nghị quyết,28/12/2014,,Công báo số 89,22/12/2014,Bảo Hiểm,Chưa phân loại,HĐND tỉnh Bà Rịa - Vũng Tàu,Chủ tịch,Nguyễn Hồng Lĩnh,Địa phương,,Còn hiệu lực,bhyt,2026-08-04,Còn hiệu lực và không là target của quan hệ Bãi bỏ/Thay thế
56648,Chỉ thị số 14/CT-UB Về việc triển khai bảo hiểm y tế tự nguyện,14/CT-UB,06/07/2004,Chỉ thị,06/07/2004,,,,Y tế,Bảo hiểm y tế,UBND thành phố Đà Nẵng,Chủ tịch,Huỳnh Năm,Địa phương,,Còn hiệu lực,bhyt,2026-08-04,Còn hiệu lực và không là target của quan hệ Bãi bỏ/Thay thế
22796,Quyết định số 20/2002/QĐ-TTg Về việc chuyển Bảo hiểm Y tế Việt Nam sang Bảo hiểm Xã hội Việt Nam.,20/2002/QĐ-TTg,24/01/2002,Quyết định,24/01/2002,,"Công báo số 9+10, năm 2002",08/03/2002,Bảo Hiểm,Chưa phân loại,Thủ tướng Chính phủ,Thủ tướng,Phan Văn Khải,Trung ương,,Còn hiệu lực,bhyt,2026-08-04,Còn hiệu lực và không là target của quan hệ Bãi bỏ/Thay thế
152410,"Nghị quyết số 16/2021/NQ-HĐND Quy định mức hỗ trợ đóng bảo hiểm y tế từ ngân sách địa phương đối với người thuộc hộ gia đình làm nông nghiệp, lâm nghiệp, ngư nghiệp có mức sống trung bình và học sinh, sinh viên trên địa bàn tỉnh Kiên Giang",16/2021/NQ-HĐND,13/12/2021,Nghị quyết,23/12/2021,,Công báo tỉnh Kiên Giang,,,Chưa phân loại,HĐND tỉnh Kiên Giang,Chủ tịch,Mai Văn Huỳnh,Địa phương,,Còn hiệu lực,bhyt,2026-08-04,Còn hiệu lực và không là target của quan hệ Bãi bỏ/Thay thế
181625,"Nghị quyết số 09/2025/NQ-HĐND Về việc sửa đổi khoản 1 Điều 1 Nghị quyết số 13/2023/NQ-HĐND ngày 14 tháng 12 năm 2023 của Hội đồng nhân dân tỉnh quy định mức hỗ trợ đóng bảo hiểm y tế cho đối tượng hộ cận nghèo trên địa bàn tỉnh Thanh Hóa, giai đoạn 2024 - 2025",09/2025/NQ-HĐND,24/06/2025,Nghị quyết,01/07/2025,,,,,Chưa phân loại,HĐND Tỉnh Thanh Hóa,Chủ tịch,Lại Thế Nguyên,Địa phương,,Còn hiệu lực,bhyt,2026-08-04,Còn hiệu lực và không là target của quan hệ Bãi bỏ/Thay thế
172810,"Nghị quyết số 26/2024/NQ-HĐND bãi bỏ Nghị quyết số 02/2024/NQ-HĐND ngày 26/02/2024 của HĐND tỉnh Quy định giá dịch vụ khám bệnh, chữa bệnh không thuộc phạm vi thanh toán của Quỹ Bảo hiểm y tế trong các cơ sở khám bệnh, chữa bệnh của Nhà nước trên địa bàn tỉnh Trà Vinh",26/2024/NQ-HĐND,09/12/2024,Nghị quyết,01/01/2025,,,,Lao động - Thương binh và Xã hội,Chưa phân loại,HĐND tỉnh Trà Vinh,Chủ tịch,Kim Ngọc Thái,Địa phương,,Còn hiệu lực,"bhyt,vien_phi",2026-08-04,Còn hiệu lực và không là target của quan hệ Bãi bỏ/Thay thế
5326,Quyết định số 449/1997/QĐ-UB Về việc ban hành bản quy chế làm việc của Hội đồng quản trị Bảo hiểm y tế tỉnh.,449/1997/QĐ-UB,09/04/1997,Quyết định,09/04/1997,,STP tỉnh Phú Thọ;,,,Chưa phân loại,UBND Tỉnh Phú Thọ,Phó Chủ tịch,Trần Nho,Địa phương,,Còn hiệu lực,bhyt,2026-08-04,Còn hiệu lực và không là target của quan hệ Bãi bỏ/Thay thế
179585,"Thông tư số 22/2021/TT-BYT của Bộ Y tế về quy định ngưng hiệu lực Thông tư 04/2021/TT-BYT ngày 29/4/2021 của Bộ trưởng Bộ Y tế hướng dẫn thanh toán chi phí khám bệnh, chữa bệnh bảo hiểm y tế theo định suất",22/2021/TT-BYT,01/12/2021,Thông tư,01/12/2021,,,,Y tế,Kế hoạch tài chính,Bộ Y tế,Thứ trưởng,Trần Văn Thuấn,Trung ương,,Còn hiệu lực,"bhyt,vien_phi",2026-08-04,Còn hiệu lực và không là target của quan hệ Bãi bỏ/Thay thế
142685,"Quyết định số 25/2020/QĐ-UBND Về việc bãi bỏ Quyết định số 51/2017/QĐ-UBND ngày 21 tháng 12 năm 2017 của Ủy ban nhân dân tỉnh Tây Ninh về việc quy định giá dịch vụ khám bệnh, chữa bệnh không thuộc phạm vi thanh toán của Qũy bảo hiểm y tế trong các cơ sở khám bệnh, chữa bệnh của Nhà nước trên địa bàn tỉnh Tây Ninh",25/2020/QĐ-UBND,22/06/2020,Quyết định,02/07/2020,,Bản chính Quyết định số 25/2020/QĐ-UBND,,Y tế,Môi trường y tế,UBND Tỉnh Tây Ninh,Phó Chủ tịch,Trần Văn Chiến,Địa phương,,Còn hiệu lực,"bhyt,vien_phi",2026-08-04,Còn hiệu lực và không là target của quan hệ Bãi bỏ/Thay thế
153608,"Nghị quyết số 11/2022/NQ-HĐND Quy định giá dịch vụ xét nghiệm SARS-CoV-2 trong trường hợp không thuộc phạm vi thanh toán của Quỹ bảo hiểm y tế tại các cơ sở khám bệnh, chữa bệnh của Nhà nước trên địa bàn tỉnh Ninh Bình",11/2022/NQ-HĐND,30/03/2022,Nghị quyết,30/03/2022,,,,,Chưa phân loại,HĐND Tỉnh Ninh Bình,Chủ tịch,Trần Hồng Quảng,Địa phương,,Còn hiệu lực,bhyt,2026-08-04,Còn hiệu lực và không là target của quan hệ Bãi bỏ/Thay thế
126175,"Quyết định số 23/2017/QĐ-UBND Triển khai thực hiện Nghị quyết số 08/2017/NQ-HĐND Ngày 14 tháng 7 năm 2017 của Hội đồng nhân dân tỉnh Bạc Liêu về việc quy định mức giá dịch vụ khám bệnh, chữa bệnh không thuộc phạm vi thanh toán của Quỹ bảo hiểm y tế trong các cơ sở khám bệnh, chữa bệnh của Nhà nước trên địa bàn tỉnh Bạc Liêu",23/2017/QĐ-UBND,17/11/2017,Quyết định,04/12/2017,,Văn bản gốc,,,Chưa phân loại,UBND tỉnh Bạc Liêu,Chủ tịch,Dương Thành Trung,Địa phương,,Còn hiệu lực,"bhyt,vien_phi",2026-08-04,Còn hiệu lực và không là target của quan hệ Bãi bỏ/Thay thế
130006,Nghị quyết số 154/2018/NQ-HĐND Quy định mức hỗ trợ và nguồn kinh phí đóng bảo hiểm y tế cho Tổ phó Tổ dân phố và Phó Trưởng thôn trên địa bàn thành phố Đà Nẵng,154/2018/NQ-HĐND,12/07/2018,Nghị quyết,01/08/2018,,,,Tài chính,Chưa phân loại,HĐND thành phố Đà Nẵng,Chủ tịch,Nguyễn Nho Trung,Địa phương,,Còn hiệu lực,bhyt,2026-08-04,Còn hiệu lực và không là target của quan hệ Bãi bỏ/Thay thế
36f5c720-453b-11f1-acd6-db04b8fc4659,"Thông tư 06/2026/TT-BYT QUY ĐỊNH VỀ MÃ HÓA BỆNH TẬT, NGUYÊN NHÂN TỬ VONG THEO ICD-10",06/2026/TT-BYT,02/04/2026,Thông tư,01/07/2026,,,,Y tế,"Khám chữa bệnh, Bảo hiểm y tế",Bộ Y tế,Thứ trưởng,Trần Văn Thuấn,Trung ương,,Còn hiệu lực,bhyt,2026-08-04,Còn hiệu lực và không là target của quan hệ Bãi bỏ/Thay thế
167234,"Nghị quyết số 05/2024/NQ-HĐND Sửa đổi khoản 1 Điều 1 Nghị quyết số 19/2022/NQ-HĐND ngày 09 tháng 12 năm 2022 của Hội đồng nhân dân tỉnh quy định mức hỗ trợ đóng bảo hiểm y tế cho người có uy tín trong đồng bào dân tộc thiểu số không thuộc đối tượng đã được ngân sách nhà nước đóng và hỗ trợ mức đóng bảo hiểm y tế trên địa bàn tỉnh Trà Vinh, giai đoạn 2023 - 2025",05/2024/NQ-HĐND,26/02/2024,Nghị quyết,26/02/2024,,,,,Chưa phân loại,HĐND tỉnh Trà Vinh,Chủ tịch,Kim Ngọc Thái,Địa phương,,Còn hiệu lực,bhyt,2026-08-04,Còn hiệu lực và không là target của quan hệ Bãi bỏ/Thay thế
159070,"Nghị quyết số 34/2022/NQ-HĐND Quy định việc hỗ trợ đóng bảo hiểm xã hội và bảo hiểm y tế cho ấp (khu) đội trưởng, người hoạt động không chuyên trách ở ấp, khu phố và người trực tiếp tham gia công việc ở ấp, khu phố trên địa bàn tỉnh Kiên Giang",34/2022/NQ-HĐND,29/12/2022,Nghị quyết,09/01/2023,,Công báo tỉnh Kiên Giang,09/01/2023,,Chưa phân loại,HĐND tỉnh Kiên Giang,Chủ tịch,Mai Văn Huỳnh,Địa phương,,Còn hiệu lực,bhyt,2026-08-04,Còn hiệu lực và không là target của quan hệ Bãi bỏ/Thay thế
48905,"Quyết định số 37/2014/QĐ-UBND Ban hành Quy chế phối hợp trong công tác thực hiện pháp luật về bảo hiểm xã hội, bảo hiểm y tế, bảo hiểm thất nghiệp trên địa bàn tỉnh Hà Nam",37/2014/QĐ-UBND,03/09/2014,Quyết định,13/09/2014,,,,Bảo Hiểm,Chưa phân loại,UBND tỉnh Hà Nam,Phó Chủ tịch,Trần Hồng Nga,Địa phương,,Còn hiệu lực,bhyt,2026-08-04,Còn hiệu lực và không là target của quan hệ Bãi bỏ/Thay thế
127243,"Quyết định số 52/2017/QĐ-UBND Sửa đổi, bổ sung Quyết định số 52/2016/QĐ-UBND ngày 21/12/2016 của UBND tỉnh về việc hỗ trợ kinh phí đóng bảo hiểm y tế giai đoạn 2017-2020",52/2017/QĐ-UBND,19/12/2017,Quyết định,01/01/2018,,,,,Chưa phân loại,UBND tỉnh Hà Nam,Chủ tịch,Nguyễn Xuân Đông,Địa phương,,Còn hiệu lực,bhyt,2026-08-04,Còn hiệu lực và không là target của quan hệ Bãi bỏ/Thay thế
100729,"Quyết định số 2583/2014/QĐ-UBND Về việc ban hành Quy chế phối hợp công tác thực hiện pháp luật về bảo hiểm xã hội, bảo hiểm y tế, bảo hiểm thất nghiệp",2583/2014/QĐ-UBND,25/11/2014,Quyết định,05/12/2014,,,,Bảo Hiểm,Chưa phân loại,UBND Thành phố Hải Phòng,Chủ tịch,Dương Anh Điền,Địa phương,,Còn hiệu lực,bhyt,2026-08-04,Còn hiệu lực và không là target của quan hệ Bãi bỏ/Thay thế
51860,Quyết định số 1219/QĐ-UBND Về việc ban hành quy trình cấp thẻ bảo hiểm y tế cho người nghèo,1219/QĐ-UBND,17/06/2009,Quyết định,17/06/2009,,Công báo số 18 năm 2009,05/07/2009,,Chưa phân loại,UBND tỉnh Thừa Thiên Huế,Phó Chủ tịch,Ngô Hòa,Địa phương,,Còn hiệu lực,bhyt,2026-08-04,Còn hiệu lực và không là target của quan hệ Bãi bỏ/Thay thế
132733,"Nghị quyết số 35/2018/NQ-HĐND về thực hiện chế độ lương và hỗ trợ bảo hiểm xã hội, bảo hiểm y tế , bảo hiểm thất nghiệp đối với lao động hợp đồng vị trí nấu ăn trong các trường mầm non công lập tỉnh Quảng trị",35/2018/NQ-HĐND,08/12/2018,Nghị quyết,18/12/2018,,Cổng thông tin điện tử tỉnh Quảng trị,,Giáo dục và đào tạo,Giáo dục mầm non,HĐND Tỉnh Quảng Trị,Chủ tịch,Nguyễn Văn Hùng,Địa phương,,Còn hiệu lực,bhyt,2026-08-04,Còn hiệu lực và không là target của quan hệ Bãi bỏ/Thay thế
54850,"Quyết định số 08/2015/QĐ-TTg Thí điểm về giao dịch điện tử trong việc thực hiện thủ tục tham gia bảo hiểm xã hội, bảo hiểm y tế, bảo hiểm thất nghiệp và đề nghị cấp sổ bảo hiểm xã hội, thẻ bảo hiểm y tế",08/2015/QĐ-TTg,09/03/2015,Quyết định,01/05/2015,,Công báo số 377 + 378,27/03/2015,Bảo Hiểm,Chưa phân loại,Thủ tướng Chính phủ,Thủ tướng,Nguyễn Tấn Dũng,Trung ương,,Còn hiệu lực,bhyt,2026-08-04,Còn hiệu lực và không là target của quan hệ Bãi bỏ/Thay thế
184970,Nghị quyết số 29/2025/NQ-HĐND Quy định mức hỗ trợ đóng bảo hiểm y tế cho một số đối tượng tham gia bảo hiểm y tế trên địa bàn tỉnh Cao Bằng giai đoạn 2026 - 2030,29/2025/NQ-HĐND,11/12/2025,Nghị quyết,01/01/2026,,,,Lao động - Thương binh và Xã hội,"Lao động, tiền lương, tiền công",HĐND Tỉnh Cao Bằng,Chủ tịch,Bế Thanh Tịnh,Địa phương,,Còn hiệu lực,bhyt,2026-08-04,Còn hiệu lực và không là target của quan hệ Bãi bỏ/Thay thế
5218a7f0-6c7f-11f1-9c2b-932f5a2f1e38,"Quy định chính sách hỗ trợ bảo hiểm y tế đối với đồng bào dân tộc thiểu số trên địa bàn thành phố Đà Nẵng, giai đoạn 2026 - 2031",51/2026/NQ-HĐND,29/05/2026,Nghị quyết,01/07/2026,01/01/2032,,,Y tế,Bảo hiểm y tế,HĐND thành phố Đà Nẵng,Chủ tịch,Nguyễn Đức Dũng,Địa phương,,Còn hiệu lực,bhyt,2026-08-04,Còn hiệu lực và không là target của quan hệ Bãi bỏ/Thay thế
156562,Nghị quyết số 13/2022/NQ-HĐND Về việc Quy định giá dịch vụ xét nghiệm SARS-CoV-2 không thuộc phạm vi thanh toán của Quỹ bảo hiểm y tế tại các cơ sở y tế của Nhà nước thuộc tỉnh Thừa Thiên Huế,13/2022/NQ-HĐND,14/07/2022,Nghị quyết,24/07/2022,,"Công báo số 33, 34 năm 2022",27/07/2022,Y tế,Chưa phân loại,HĐND tỉnh Thừa Thiên Huế,Chủ tịch,Lê Trường Lưu,Địa phương,,Còn hiệu lực,bhyt,2026-08-04,Còn hiệu lực và không là target của quan hệ Bãi bỏ/Thay thế
148465,"Thông tư số 04/2021/TT-BYT hướng dẫn thanh toán chi phí khám bệnh, chữa bệnh bảo hiểm y tế theo định suất",04/2021/TT-BYT,29/04/2021,Thông tư,01/07/2021,,,,Y tế,Bảo hiểm y tế,Bộ Y tế,Thứ trưởng,Trần Văn Thuấn,Trung ương,,Còn hiệu lực,"bhyt,vien_phi",2026-08-04,Còn hiệu lực và không là target của quan hệ Bãi bỏ/Thay thế
109775,Thông tư liên tịch số 01-TT/LB Thông tư hướng dẫn chế độ thu chi quỹ bảo hiểm y tế,01-TT/LB,20/02/1993,Thông tư liên tịch,20/02/1993,,,,Chưa phân loại,Quản lý dịch vụ tài chính và các quỹ tài chính,Bộ Tài chính,,Tào Hữu Phùng,Trung ương,,Còn hiệu lực,bhyt,2026-08-04,Còn hiệu lực và không là target của quan hệ Bãi bỏ/Thay thế
49482,"Quyết định số 104/2009/QĐ-UBND Về việc phân công, phân cấp quản lý mua, cấp phát thẻ bảo hiểm y tế cho các đối tượng được Ngân sách Nhà nước đảm bảo trên địa bàn tỉnh Nghệ An",104/2009/QĐ-UBND,18/11/2009,Quyết định,01/01/2010,,Công báo số 30 + 31 năm 2009,04/12/2009,Lao động - Thương binh và Xã hội,Bảo hiểm xã hội bắt buộc và bảo hiểm xã hội tự nguyện,UBND Tỉnh Nghệ An,Phó Chủ tịch,Nguyễn Xuân Đường,Địa phương,,Còn hiệu lực,bhyt,2026-08-04,Còn hiệu lực và không là target của quan hệ Bãi bỏ/Thay thế
130135,Nghị quyết số 59/2018/NQ-HĐND Quy định mức hỗ trợ đóng bảo hiểm y tế từ ngân sách nhà nước cho người thuộc hộ gia đình nghèo đa chiều thiếu hụt các dịch vụ xã hội cơ bản khác (không thiếu hụt Bảo hiểm y tế) trên địa bàn tỉnh,59/2018/NQ-HĐND,20/07/2018,Nghị quyết,31/07/2018,,,,Tài chính,Lĩnh vực giá,HĐND tỉnh Bình Thuận,Chủ tịch,Nguyễn Mạnh Hùng,Địa phương,,Còn hiệu lực,bhyt,2026-08-04,Còn hiệu lực và không là target của quan hệ Bãi bỏ/Thay thế
182608,"Thông tư số 86 /2025/TT-BCA Quy định biện pháp thực hiện bảo hiểm y tế đối với công nhân công an, người lao động, học sinh, sinh viên và thân nhân của cán bộ, chiến sĩ, công nhân công an đang công tác, học tập trong Công an nhân dân",86 /2025/TT-BCA,15/09/2025,Thông tư,13/10/2025,,,,,Chưa phân loại,Bộ Công an,Bộ trưởng,Đại tướng Lương Tam Quang,Trung ương,,Còn hiệu lực,bhyt,2026-08-04,Còn hiệu lực và không là target của quan hệ Bãi bỏ/Thay thế
148676,Nghị quyết số 12/2021/NQ-HĐND Quy định mức hỗ trợ đóng bảo hiểm y tế cho người thuộc hộ nghèo đa chiều thiếu hụt các dịch vụ xã hội cơ bản khác và người thuộc hộ gia đình cận nghèo trên địa bàn tỉnh Lạng Sơn,12/2021/NQ-HĐND,17/07/2021,Nghị quyết,01/08/2021,,Bản chính văn bản,,Y tế,Bảo hiểm y tế,HĐND Tỉnh Lạng Sơn,Chủ tịch,Đoàn Thị Hậu,Địa phương,,Còn hiệu lực,bhyt,2026-08-04,Còn hiệu lực và không là target của quan hệ Bãi bỏ/Thay thế
174989,Nghị quyết số 01/2025/NQ-HĐND Quy định mức hỗ trợ bảo hiểm y tế cho người dân tộc thiểu số đang sinh sống tại khu vực biên giới trên địa bàn tỉnh Kiên Giang,01/2025/NQ-HĐND,08/01/2025,Nghị quyết,18/01/2025,,Công báo tỉnh Kiên Giang,,Lao động - Thương binh và Xã hội,Chưa phân loại,HĐND tỉnh Kiên Giang,Chủ tịch,Lâm Minh Thành,Địa phương,,Còn hiệu lực,bhyt,2026-08-04,Còn hiệu lực và không là target của quan hệ Bãi bỏ/Thay thế
173343,"Nghị quyết số 30/2024/NQ-HĐND Bãi bỏ Nghị quyết số 16/2019/NQ-HĐND ngày 04 tháng 10 năm 2019 của Hội đồng nhân dân tỉnh Hậu Giang quy định mức giá dịch vụ khám bệnh, chữa bệnh không thuộc phạm vi thanh toán của quỹ bảo hiểm y tế trong các cơ sở khám bệnh, chữa bệnh của Nhà nước trên địa bàn tỉnh Hậu Giang",30/2024/NQ-HĐND,10/12/2024,Nghị quyết,01/01/2025,,Bản gốc văn bản,,Y tế,Chưa phân loại,HĐND tỉnh Hậu Giang,Chủ tịch,Trần Văn Huyến,Địa phương,,Còn hiệu lực,"bhyt,vien_phi",2026-08-04,Còn hiệu lực và không là target của quan hệ Bãi bỏ/Thay thế
156169,"Nghị quyết số 12/2022/NQ-HĐND Quy định mức giá dịch vụ xét nghiệm SARS-CoV-2 trong trường hợp không thuộc phạm vi thanh toán của Quỹ bảo hiểm y tế tại các cơ sở khám bệnh, chữa bệnh công lập thuộc tỉnh Ninh Thuận",12/2022/NQ-HĐND,20/07/2022,Nghị quyết,01/08/2022,,,,,Chưa phân loại,HĐND tỉnh Ninh Thuận,Chủ tịch,Phạm Văn Hậu,Địa phương,,Còn hiệu lực,bhyt,2026-08-04,Còn hiệu lực và không là target của quan hệ Bãi bỏ/Thay thế
184799,"Nghị quyết số 23/2025/NQ-HĐND Quy định mức hỗ trợ đóng bảo hiểm y tế đối với người thuộc hộ cận nghèo, người cao tuổi từ đủ 60 tuổi đến dưới 75 tuổi, người dân tộc thiểu số có khó khăn đặc thù trên địa bàn tỉnh Lào Cai",23/2025/NQ-HĐND,09/12/2025,Nghị quyết,01/01/2026,,,,Lao động - Thương binh và Xã hội,"Lao động, tiền lương, tiền công",HĐND Tỉnh Lào Cai,Chủ tịch,Trịnh Việt Hùng,Địa phương,,Còn hiệu lực,bhyt,2026-08-04,Còn hiệu lực và không là target của quan hệ Bãi bỏ/Thay thế
173743,"Nghị quyết số 118/2024/NQ-HĐND Bãi bỏ Nghị quyết số 32/2024/NQ-HĐND ngày 11 tháng 7 năm 2024 của Hội đồng nhân dân tỉnh quy định giá cụ thể dịch vụ khám bệnh, chữa bệnh không thuộc phạm vi thanh toán của Quỹ bảo hiểm y tế nhưng không phải là đối tượng khám chữa bệnh theo yêu cầu trong các cơ sở khám bệnh, chữa bệnh của Nhà nước trên địa bàn tỉnh Kon Tum",118/2024/NQ-HĐND,27/12/2024,Nghị quyết,01/01/2025,,,,Y tế,Chưa phân loại,HĐND tỉnh Kon Tum,Chủ tịch,Dương Văn Trang,Địa phương,,Còn hiệu lực,bhyt,2026-08-04,Còn hiệu lực và không là target của quan hệ Bãi bỏ/Thay thế
143761,"Quyết định số 37/2020/QĐ-UBND Về việc bãi bỏ Quyết định số 28/2013/QĐ-UBND ngày 26/7/2013 của UBND tỉnh ban hành quy định phối hợp giải quyết thủ tục hành chính về đăng ký khai sinh, khai tử, bảo hiểm y tế và đăng ký thường trú trên địa bàn tỉnh và Quyết định số 23/2015/QĐ-UBND ngày 01/6/2015 về việc sửa đổi, bổ sung Quyết định số 28/2013/QĐ-UBND ngày 26/7/2013 của UBND tỉnh",37/2020/QĐ-UBND,25/08/2020,Quyết định,15/09/2020,,Văn bản chính văn bản điện tử,31/08/2020,Tư pháp,Hành chính tư pháp,UBND tỉnh Long An,Chủ tịch,Trần Văn Cần,Địa phương,,Còn hiệu lực,bhyt,2026-08-04,Còn hiệu lực và không là target của quan hệ Bãi bỏ/Thay thế
129162,Nghị quyết số 57/2018/NQ-HĐND Hỗ trợ kinh phí 30% mệnh giá mua thẻ bảo hiểm y tế cho người thuộc hộ nghèo đa chiều thiếu hụt các dịch vụ xã hội cơ bản khác (không bị thiếu hụt bảo hiểm y tế) trên địa bàn tỉnh Trà Vinh từ năm 2018 đến năm 2020,57/2018/NQ-HĐND,04/05/2018,Nghị quyết,15/05/2018,,công báo,24/05/2018,,Chưa phân loại,HĐND tỉnh Trà Vinh,Chủ tịch,Trần Trí Dũng,Địa phương,,Còn hiệu lực,bhyt,2026-08-04,Còn hiệu lực và không là target của quan hệ Bãi bỏ/Thay thế
149470,"Thông tư số 48/2017/TT-BYT Quy định trích chuyển dữ liệu điện tử trong quản lý và thanh toán chi phí khám bệnh, chữa bệnh bảo hiểm y tế",48/2017/TT-BYT,28/12/2017,Thông tư,01/03/2018,,,,Y tế,Bảo hiểm y tế,Bộ Y tế,Thứ trưởng,Phạm Lê Tuấn,Trung ương,,Còn hiệu lực,"bhyt,vien_phi",2026-08-04,Còn hiệu lực và không là target của quan hệ Bãi bỏ/Thay thế
125855,Nghị quyết số 35/2017/NQ-HĐND Hỗ trợ kinh phí 30% mệnh giá mua thẻ bảo hiểm y tế cho người thuộc hộ cận nghèo trên địa bàn tỉnh Trà Vinh từ năm 2017 đến năm 2020,35/2017/NQ-HĐND,13/07/2017,Nghị quyết,23/07/2017,,văn bản giấy,,,Chưa phân loại,HĐND tỉnh Trà Vinh,Chủ tịch,Trần Trí Dũng,Địa phương,,Còn hiệu lực,bhyt,2026-08-04,Còn hiệu lực và không là target của quan hệ Bãi bỏ/Thay thế
30353,Thông tư số 06/2013/TT-BYT Hướng dẫn thực hiện thí điểm quản lý giá thuốc bằng phương pháp thặng số bán buôn tối đa toàn chặng đối với thuốc do ngân sách nhà nước và bảo hiểm y tế chi trả,06/2013/TT-BYT,08/02/2013,Thông tư,01/04/2013,,"Công báo số 139+140, năm 2013",09/03/2013,,Chưa phân loại,Bộ Y tế,Bộ trưởng,Nguyễn Thị Kim Tiến,Trung ương,,Còn hiệu lực,bhyt,2026-08-04,Còn hiệu lực và không là target của quan hệ Bãi bỏ/Thay thế
c55da810-6b93-11f1-ae50-93204d3d31ff,"Thông tư số 116/2025/TT-BTC Hướng dẫn thực hiện cơ chế tài chính về bảo hiểm xã hội, bảo hiểm thất nghiệp, bảo hiểm y tế; chi tổ chức và hoạt động bảo hiểm xã hội, bảo hiểm thất nghiệp, bảo hiểm y tế",116/2025/TT-BTC,15/12/2025,Thông tư,15/12/2025,,,,Tài chính,"Bảo hiểm xã hội, Bảo hiểm y tế",Bộ Tài chính,Thứ trưởng,Nguyễn Đức Chi,Trung ương,,Còn hiệu lực,bhyt,2026-08-04,Còn hiệu lực và không là target của quan hệ Bãi bỏ/Thay thế
13341,Quyết định số 900/2002/QĐ-CT Về việc quy định tạm thời mức thu các Dịch vụ kỹ thuật phục hồi chức năng được bảo hiểm y tế thanh toán,900/2002/QĐ-CT,13/08/2002,Quyết định,,,,,,Chưa phân loại,UBND Tỉnh Bắc Ninh,Phó Chủ tịch,Nguyễn Thị Xuyên,Địa phương,,Còn hiệu lực,bhyt,2026-08-04,Còn hiệu lực và không là target của quan hệ Bãi bỏ/Thay thế
172424,"Nghị quyết số 49/2024/NQ-HĐND Bãi bỏ Nghị quyết số 32/2024/NQ-HĐND ngày 19/4/2024 của HĐND tỉnh quy định mức giá dịch vụ khám bệnh, chữa bệnh không thuộc phạm vi thanh toán của Quỹ Bảo hiểm y tế (nhưng không phải là dịch vụ khám bệnh, chữa bệnh của Nhà nước thuộc tỉnh Quảng Ninh quản lý)",49/2024/NQ-HĐND,06/12/2024,Nghị quyết,16/12/2024,,,,,Chưa phân loại,HĐND Tỉnh Quảng Ninh,Phó Chủ tịch,Vi Ngọc Bích,Địa phương,,Còn hiệu lực,"bhyt,vien_phi",2026-08-04,Còn hiệu lực và không là target của quan hệ Bãi bỏ/Thay thế
183011,"Nghị quyết số 26/2017/NQ-HĐND Về việc sửa đổi, bổ sung Khoản 3 Điều 1 của Nghị quyết số 31/2015/NQ-HĐND ngày 10/12/2015 của Hội đồng nhân dân tỉnh Ninh Bình về việc hỗ trợ kinh phí đóng bảo hiểm y tế cho một số đối tượng có hộ khẩu thường trú tại tỉnh Ninh Bình",26/2017/NQ-HĐND,06/07/2017,Nghị quyết,01/01/2018,,,,Lao động - Thương binh và Xã hội,Chưa phân loại,HĐND Tỉnh Ninh Bình,Chủ tịch,Trần Hồng Quảng,Địa phương,,Còn hiệu lực,bhyt,2026-08-04,Còn hiệu lực và không là target của quan hệ Bãi bỏ/Thay thế
21993,Thông tư liên tịch số 09/2002/TTLT/BTCCBCP-BLĐTBXH-BTC-BYT Hướng dẫn về việc chuyển Bảo hiểm y tế Việt Nam sang Bảo hiểm xã hội Việt Nam.,09/2002/TTLT/BTCCBCP-BLĐTBXH-BTC-BYT,08/02/2002,Thông tư liên tịch,08/02/2002,,Công báo số 14/2002;,10/04/2002,"Tổ chức - Cán bộ Chính phủ, Lao động - Thương binh và Xã hội, Y tế, Tài chính",Chưa phân loại,"Ban Tổ chức - Cán bộ Chính phủ, Bộ Lao động - Thương binh và Xã hội, Bộ Tài chính, Bộ Y tế",Bộ trưởng,"Đỗ Quang Trung, Nguyễn Thị Hằng, Nguyễn Sinh Hùng, Đỗ Nguyên Phương",Trung ương,,Còn hiệu lực,bhyt,2026-08-04,Còn hiệu lực và không là target của quan hệ Bãi bỏ/Thay thế
165832,"Quyết định số 48/2023/QĐ-UBND Bãi bỏ Quyết định số 42/2016/QĐ-UBND ngày 28 tháng 10 năm 2016 của Ủy ban nhân dân Thành phố ban hành Quy chế thực hiện liên thông thủ tục hành chính về đăng ký khai sinh, đăng ký thường trú, cấp thẻ bảo hiểm y tế cho trẻ em dưới 06 tuổi và đăng ký khai tử, xóa đăng ký thường trú trên địa bàn Thành phố Hồ Chí Minh",48/2023/QĐ-UBND,20/11/2023,Quyết định,01/12/2023,,bản sao y bản chính,,,Chưa phân loại,UBND Thành phố Hồ Chí Minh,Chủ tịch,Phan Văn Mãi,Địa phương,,Còn hiệu lực,bhyt,2026-08-04,Còn hiệu lực và không là target của quan hệ Bãi bỏ/Thay thế
109324,Thông tư liên tịch số 07/2002/TTLT-BTC-BYT Sửa đổi bổ sung một số điều của thông tư liên tịch số 151/1998 TTlT - BTC - BYT ngày 20/11/1998 của Liên bộ Tài chính và Bộ y tế hướng dẫn chế độ quản lý tài chính quỹ bảo hiểm y tế,07/2002/TTLT-BTC-BYT,21/01/2002,Thông tư liên tịch,01/01/2002,,,,Chưa phân loại,"Quản lý dịch vụ tài chính và các quỹ tài chính; TCNH và thị trường TC, trái phiếu, khác",Bộ Tài chính,,Nguyễn Thị Kim Ngân,Trung ương,,Còn hiệu lực,bhyt,2026-08-04,Còn hiệu lực và không là target của quan hệ Bãi bỏ/Thay thế
184266,"Nghị quyết số 35/2025/NQ-HĐND Quy định chính sách hỗ trợ tiền ăn thêm, tiền mua bảo hiểm y tế và chi phí sinh hoạt khác đối với một số nhóm đối tượng đang được chăm sóc, nuôi dưỡng tại các đơn vị do Sở Y tế và Sở Nội vụ quản lý",35/2025/NQ-HĐND,04/10/2025,Nghị quyết,04/10/2025,,,,Lao động - Thương binh và Xã hội,Chưa phân loại,HĐND Tỉnh Thanh Hóa,Phó Chủ tịch,Lê Tiến Lam,Địa phương,,Còn hiệu lực,bhyt,2026-08-04,Còn hiệu lực và không là target của quan hệ Bãi bỏ/Thay thế
62144,"Nghị quyết số 79/2002/NQ-HĐND Về việc thực hiện chế độ bảo hiểm xã hội, bảo hiểm y tế và chế độ thôi việc đối với giáo viên mầm non dân lập",79/2002/NQ-HĐND,09/07/2012,Nghị quyết,09/07/2012,,,,Bảo Hiểm,Chưa phân loại,UBND tỉnh Bắc Kạn,Chủ tịch,Hà Sỹ Toản,Địa phương,,Còn hiệu lực,bhyt,2026-08-04,Còn hiệu lực và không là target của quan hệ Bãi bỏ/Thay thế
8846bd40-80fb-11f1-8beb-4b8750743642,Nghị quyết số 16/2026/NQ-HĐND Quy định hỗ trợ mức đóng bảo hiểm y tế đối với người thuộc hộ thoát nghèo trên địa bàn tỉnh Hưng Yên giai đoạn 2026-2030,16/2026/NQ-HĐND,09/07/2026,Nghị quyết,09/07/2026,31/12/2030,,,Y tế,Bảo hiểm y tế,HĐND Tỉnh Hưng Yên,Chủ tịch,Trần Quốc Văn,Địa phương,,Còn hiệu lực,bhyt,2026-08-04,Còn hiệu lực và không là target của quan hệ Bãi bỏ/Thay thế
57553,Chỉ thị số 30/2005/CT-UBND Về việc tăng cường thực hiện Bảo hiểm Y tế tự nguyện,30/2005/CT-UBND,16/08/2005,Chỉ thị,16/08/2005,,,,Y tế,Bảo hiểm y tế,UBND Tỉnh Nghệ An,Phó Chủ tịch,Nguyễn Văn Hành,Địa phương,,Còn hiệu lực,bhyt,2026-08-04,Còn hiệu lực và không là target của quan hệ Bãi bỏ/Thay thế
83649,Nghị quyết số 163/2014/NQ-HĐND Về việc hỗ trợ kinh phí để thực hiện lộ trình tiến tới bảo hiểm y tế toàn dân trên địa bàn tỉnh Vĩnh Phúc giai đoạn 2015 – 2020,163/2014/NQ-HĐND,22/12/2014,Nghị quyết,22/12/2014,,,,,Chưa phân loại,HĐND tỉnh Vĩnh Phúc,Chủ tịch,Phạm Văn Vọng,Địa phương,,Còn hiệu lực,bhyt,2026-08-04,Còn hiệu lực và không là target của quan hệ Bãi bỏ/Thay thế
172835,"Nghị quyết số 25/2024/NQ-HĐND Bãi bỏ Nghị quyết số 03/2024/NQ-HĐND ngày 28/3/2024 của Hội đồng nhân dân tỉnh Bắc Kạn quy định giá dịch vụ khám bệnh, chữa bệnh không thuộc phạm vi thanh toán của Quỹ Bảo hiểm y tế trong các cơ sở khám bệnh, chữa bệnh của nhà nước thuộc tỉnh Bắc Kạn quản lý và mức giá dịch vụ khám bệnh, chữa bệnh trong một số trường hợp",25/2024/NQ-HĐND,10/12/2024,Nghị quyết,10/12/2024,,,,,Chưa phân loại,HĐND tỉnh Bắc Kạn,Chủ tịch,Phương Thị Thanh,Địa phương,,Còn hiệu lực,"bhyt,vien_phi",2026-08-04,Còn hiệu lực và không là target của quan hệ Bãi bỏ/Thay thế
267ffff0-6647-11f1-b01e-8bc328b4d0e9,Nghị quyết số 14/2026/NQ-HĐND Nghị quyết quy định chính sách hỗ trợ an sinh xã hội cho người dân thủ đô,14/2026/NQ-HĐND,02/06/2026,Nghị quyết,01/07/2026,,,,Y tế,Bảo hiểm y tế,HĐND Thành phố Hà Nội,Chủ tịch,Phùng Thị Hồng Hà,Địa phương,,Còn hiệu lực,bhyt,2026-08-04,Còn hiệu lực và không là target của quan hệ Bãi bỏ/Thay thế
144205,"Thông tư số 13/2020/TT-BYTT Sửa đổi, bổ sung một số điều của Thông tư số 35/2016/TT-BYT ngày 28 tháng 9 năm 2016 của Bộ trưởng Bộ Y tế ban hành Danh mục và tỷ lệ, điều kiện thanh toán đối với dịch vụ kỹ thuật y tế thuộc phạm vi được hưởng của người tham gia bảo hiểm y tế",13/2020/TT-BYTT,22/06/2020,Thông tư,10/08/2020,,,,Y tế,Bảo hiểm y tế,Bộ Y tế,Thứ trưởng,Nguyễn Trường Sơn,Trung ương,,Còn hiệu lực,bhyt,2026-08-04,Còn hiệu lực và không là target của quan hệ Bãi bỏ/Thay thế
157873,Nghị quyết số 93/2022/NQ-HĐND Quy định chính sách hỗ trợ mua thẻ bảo hiểm y tế cho một số đối tượng tham gia bảo hiểm y tế trên địa bàn tỉnh Cao Bằng giai đoạn 2023-2025,93/2022/NQ-HĐND,09/12/2022,Nghị quyết,01/01/2023,,Bản chính,,Y tế,Chưa phân loại,HĐND Tỉnh Cao Bằng,Chủ tịch,Triệu Đình Lê,Địa phương,,Còn hiệu lực,bhyt,2026-08-04,Còn hiệu lực và không là target của quan hệ Bãi bỏ/Thay thế
153839,Nghị quyết số 113/2022/NQ-UBND Quy định mức giá dịch vụ xét nghiệm SARS-CoV-2 không thuộc phạm vi thanh toán của Quỹ bảo hiểm y tế trên địa bàn tỉnh Hòa Bình,113/2022/NQ-UBND,04/05/2022,Nghị quyết,15/05/2022,,,,,Chưa phân loại,HĐND tỉnh Hòa Bình,Chủ tịch,Bùi Đức Hinh,Địa phương,,Còn hiệu lực,bhyt,2026-08-04,Còn hiệu lực và không là target của quan hệ Bãi bỏ/Thay thế
119949,Nghị quyết số 70/2016/NQ-HĐND Quy định mức hỗ trợ đóng bảo hiểm y tế cho người thuộc hộ gia đình cận nghèo trên địa bàn tỉnh Ninh Thuận năm 2017,70/2016/NQ-HĐND,19/12/2016,Nghị quyết,30/12/2016,,,,,Chưa phân loại,HĐND tỉnh Ninh Thuận,Chủ tịch,Nguyễn Đức Thanh,Địa phương,,Còn hiệu lực,bhyt,2026-08-04,Còn hiệu lực và không là target của quan hệ Bãi bỏ/Thay thế
40357,Quyết định số 1005/QĐ-BHXH Về việc sửa đổi bổ sung một số điểm tại quy định về tổ chức thực hiện chế độ KCB bảo hiểm y tế ban hành kèm theo Quyết định số 2559/QĐ-BHXH ngày 27/9/2005 Của Tổng Giám đốc Bảo hiểm xã hội Việt Nam,1005/QĐ-BHXH,27/07/2007,Quyết định,27/07/2007,,,,Bảo Hiểm,Chưa phân loại,Bảo hiểm Xã hội Việt Nam,Tổng Giám đốc,Nguyễn Huy Ban,Địa phương,,Còn hiệu lực,bhyt,2026-08-04,Còn hiệu lực và không là target của quan hệ Bãi bỏ/Thay thế
8619b9a0-5e55-11f1-8e5a-2929924511d6,"Nghị định 02/2025/NĐ-CP Sửa đổi, bổ sung một số điều của nghị định số 146/2018/NĐ-CP ngày 17 tháng 10 năm 2018 của chính phủ quy định chi tiết và hướng dẫn biện pháp thi hành luật bảo hiểm y tể, đã được sửa đổi, bổ sung một số điều tại nghị định số 75/2023/NĐ-CP ngày 19 tháng 10 năm 2023 của chính phủ",02/2025/NĐ-CP,01/01/2025,Nghị định,01/01/2025,,,,Y tế,Bảo hiểm y tế,Chính phủ,Phó Thủ tướng,Lê Thành Long,Trung ương,,Còn hiệu lực,bhyt,2026-08-04,Còn hiệu lực và không là target của quan hệ Bãi bỏ/Thay thế
173130,"Nghị quyết số 30/2024/NQ-HĐND Bãi bỏ Nghị quyết số 15/2019/NQ-HĐND ngày 06 tháng 12 năm 2019 của Hội đồng nhân dân tỉnh Sóc Trăng quy định giá dịch vụ khám bệnh, chữa bệnh không thuộc phạm vi thanh toán của Quỹ bảo hiểm y tế trong các cơ sở khám bệnh, chữa bệnh của Nhà nước trên địa bàn tỉnh Sóc Trăng",30/2024/NQ-HĐND,19/12/2024,Nghị quyết,01/01/2025,,,,,Chưa phân loại,HĐND tỉnh Sóc Trăng,Chủ tịch,Hồ Thị Cẩm Đào,Địa phương,,Còn hiệu lực,"bhyt,vien_phi",2026-08-04,Còn hiệu lực và không là target của quan hệ Bãi bỏ/Thay thế
5408,Chỉ thị số 02/1999/CT-UB Về việc tổ chức thực hiện Nghị định 58/1998/NĐ-CP ban hành Điều lệ bảo hiểm y tế,02/1999/CT-UB,05/01/1999,Chỉ thị,05/01/1999,,STP tỉnh Phú Thọ;,,,Chưa phân loại,UBND Tỉnh Phú Thọ,Phó Chủ tịch,Trần Ngọc Tăng,Địa phương,,Còn hiệu lực,bhyt,2026-08-04,Còn hiệu lực và không là target của quan hệ Bãi bỏ/Thay thế
147940,"Quyết định số Số: 09/2021/QĐ-UBND Bãi bỏ Quyết định số 03/2016/QĐ-UBND ngày 28 tháng 3 năm 2016 của Uỷ ban nhân dân tỉnh ban hành Quy chế phối hợp thực hiện đăng ký khai sinh, đăng ký thường trú, cấp thẻ bảo hiểm y tế cho trẻ em dưới 6 tuổi trên địa bàn tỉnh Điện Biên",Số: 09/2021/QĐ-UBND,27/04/2021,Quyết định,08/05/2021,,Bản chính văn bản,,Tư pháp,Hành chính tư pháp,UBND Tỉnh Điện Biên,Chủ tịch,Lê Thành Đô,Địa phương,,Còn hiệu lực,bhyt,2026-08-04,Còn hiệu lực và không là target của quan hệ Bãi bỏ/Thay thế
51097,"Nghị quyết số 52/2012/NQ-HĐND Về quy định mức trợ cấp ngày công lao động, hỗ trợ tiền ăn cho lực lượng dân quân khi thực hiện nhiệm vụ và chế độ bảo hiểm y tế cho lực lượng dân quân thường trực trên địa bàn tỉnh Quảng Nam",52/2012/NQ-HĐND,19/09/2012,Nghị quyết,29/09/2012,,"Công báo số 38 + 39, năm 2012",15/10/2012,Nội vụ,Tổng hợp,HĐND tỉnh Quảng Nam,Chủ tịch,Nguyễn Văn Sỹ,Địa phương,,Còn hiệu lực,bhyt,2026-08-04,Còn hiệu lực và không là target của quan hệ Bãi bỏ/Thay thế
5133,Quyết định số 1203/1996/QĐ-UB/VX Về việc thu bảo hiểm y tế học sinh,1203/1996/QĐ-UB/VX,15/08/1996,Quyết định,15/08/1996,,STP tỉnh Hà Tĩnh;,,,Chưa phân loại,UBND Tỉnh Hà Tĩnh,Chủ tịch,Nguyễn Hoàng Trạch,Địa phương,,Còn hiệu lực,bhyt,2026-08-04,Còn hiệu lực và không là target của quan hệ Bãi bỏ/Thay thế
177832,"Thông tư số 99/2024/TT-BCA Quy định đăng ký khám bệnh, chữa bệnh bảo hiểm y tế ban đầu và chuyển người bệnh giữa các cơ sở khám bệnh, chữa bệnh thuộc Bộ Công an",99/2024/TT-BCA,31/12/2024,Thông tư,01/01/2025,,,,,Chưa phân loại,Bộ Công an,Bộ trưởng,Đại tướng Lương Tam Quang,Trung ương,,Còn hiệu lực,bhyt,2026-08-04,Còn hiệu lực và không là target của quan hệ Bãi bỏ/Thay thế
172678,"Nghị quyết số 23/2024/NQ-HĐND Bãi bỏ toàn bộ Nghị quyết số 16/2022/NQ-HĐND ngày 09/12/2022 của Hội đồng nhân dân thành phố quy định mức giá dịch vụ khám bệnh, chữa bệnh không thuộc phạm vi thanh toán của Quỹ bảo hiểm y tế trong các cơ sở khám bệnh, chữa bệnh của Nhà nước thuộc thành phố Hải Phòng",23/2024/NQ-HĐND,06/12/2024,Nghị quyết,01/01/2025,,,,,Chưa phân loại,HĐND Thành phố Hải Phòng,Chủ tịch,Phạm Văn Lập,Địa phương,,Còn hiệu lực,"bhyt,vien_phi",2026-08-04,Còn hiệu lực và không là target của quan hệ Bãi bỏ/Thay thế
181930,Nghị quyết số 17/2025/NQ-HĐND Ban hành Quy định mức hỗ trợ đóng bảo hiểm y tế đối với một số đối tượng trên địa bàn tỉnh Vĩnh Long,17/2025/NQ-HĐND,10/09/2025,Nghị quyết,10/09/2025,,Bản chính văn bản,,Y tế,Chưa phân loại,HĐND Tỉnh Vĩnh Long,Chủ tịch,Nguyễn Minh Dũng,Địa phương,,Còn hiệu lực,bhyt,2026-08-04,Còn hiệu lực và không là target của quan hệ Bãi bỏ/Thay thế
12325,Lệnh số 23/2008/L-CTN Về việc công bố Luật,23/2008/L-CTN,28/11/2008,Lệnh,28/11/2008,,"Công báo số 147 + 148, năm 2009",14/03/2009,Y tế,Bảo hiểm y tế,Chủ tịch nước,Chủ tịch nước,Nguyễn Minh Triết,Trung ương,,Còn hiệu lực,bhyt,2026-08-04,Còn hiệu lực và không là target của quan hệ Bãi bỏ/Thay thế
185037,"Nghị quyết số 57/2025/NQ-HĐND Quy định chính sách hỗ trợ mức đóng bảo hiểm y tế cho các nhóm đối tượng xã hội đang thường trú trên địa bàn thành phố Hải Phòng, giai đoạn 2026 - 2030",57/2025/NQ-HĐND,11/12/2025,Nghị quyết,01/01/2026,,,,Lao động - Thương binh và Xã hội,"Lao động, tiền lương, tiền công",HĐND Thành phố Hải Phòng,Đang cập nhật,Đang cập nhật,Địa phương,,Còn hiệu lực,bhyt,2026-08-04,Còn hiệu lực và không là target của quan hệ Bãi bỏ/Thay thế
28013,Thông tư số 178/2012/TT-BTC Hướng dẫn kế toán áp dụng cho Bảo hiểm xã hội Việt Nam,178/2012/TT-BTC,23/10/2012,Thông tư,01/01/2013,,"Công báo số 801+802, năm 2012",31/12/2012,Tài chính,"Bảo hiểm xã hội, Bảo hiểm y tế",Bộ Tài chính,Thứ trưởng,Trần Xuân Hà,Trung ương,,Còn hiệu lực,bhyt,2026-08-04,Còn hiệu lực và không là target của quan hệ Bãi bỏ/Thay thế
89019,"Quyết định 1204/QĐ-UBND năm 2013 điều chỉnh mục tiêu kế hoạch thực hiện bảo hiểm y tế toàn dân trên địa bàn thành phố Hồ Chí Minh, giai đoạn 2012-2015 và giai đoạn 2016-2010 kèm theo Quyết định 5063/QĐ-UBND",1204/QĐ-UBND,12/03/2013,Quyết định,12/03/2013,,,,,Chưa phân loại,UBND Thành phố Hồ Chí Minh,Phó Chủ tịch,Hứa Ngọc Thuận,Địa phương,,Còn hiệu lực,bhyt,2026-08-04,Còn hiệu lực và không là target của quan hệ Bãi bỏ/Thay thế
173283,"Nghị quyết số 30/2024/NQ-HĐND Bãi bỏ Nghị quyết số 39/2023/NQ-HĐND ngày 08 tháng 12 năm 2023 của Hội đồng nhân dân Thành phố quy định giá dịch vụ khám bệnh, chữa bệnh không thuộc phạm vi thanh toán của Quỹ Bảo hiểm y tế trong các cơ sở khám bệnh, chữa bệnh của Nhà nước thuộc Thành phố Hồ Chí Minh quản lý và mức giá dịch vụ khám bệnh, chữa bệnh trong một số trường hợp",30/2024/NQ-HĐND,11/12/2024,Nghị quyết,01/01/2025,,Sao y bản chính,,Y tế,Chưa phân loại,HĐND Thành phố Hồ Chí Minh,Chủ tịch,Nguyễn Thị Lệ,Địa phương,,Còn hiệu lực,"bhyt,vien_phi",2026-08-04,Còn hiệu lực và không là target của quan hệ Bãi bỏ/Thay thế
11802,Quyết định số 170/2008/QĐ-TTg Về chế độ bảo hiểm y tế và trợ cấp mai táng đối với thanh niên xung phong thời kỳ kháng chiến chống Pháp,170/2008/QĐ-TTg,18/12/2008,Quyết định,13/01/2009,,"Công báo số 701+702, năm 2008",29/12/2008,Lao động - Thương binh và Xã hội,Người có công,Thủ tướng Chính phủ,Phó Thủ tướng,Nguyễn Sinh Hùng,Trung ương,,Còn hiệu lực,bhyt,2026-08-04,Còn hiệu lực và không là target của quan hệ Bãi bỏ/Thay thế
157577,Nghị quyết số 304/2022/NQ-HĐND Quy định mức hỗ trợ đóng bảo hiểm y tế cho đối tượng thuộc hộ cận nghèo trên địa bàn tỉnh Thanh Hóa quý IV năm 2022,304/2022/NQ-HĐND,27/08/2022,Nghị quyết,06/09/2022,,,06/09/2022,,Chưa phân loại,HĐND Tỉnh Thanh Hóa,Chủ tịch,Đỗ Trọng Hưng,Địa phương,,Còn hiệu lực,bhyt,2026-08-04,Còn hiệu lực và không là target của quan hệ Bãi bỏ/Thay thế
136555,"Nghị quyết số 166/2019/NQ-HĐND Quy định mức hỗ trợ đóng bảo hiểm y tế cho người thuộc hộ gia đình cận nghèo, người thuộc hộ gia đình nghèo đa chiều không thiếu hụt về bảo hiểm y tế trên địa bàn tỉnh Đồng Nai giai đoạn 2019 - 2020",166/2019/NQ-HĐND,12/07/2019,Nghị quyết,22/07/2019,,,,Y tế,Chưa phân loại,HĐND Tỉnh Đồng Nai,Chủ tịch,Nguyễn Phú Cường,Địa phương,,Còn hiệu lực,bhyt,2026-08-04,Còn hiệu lực và không là target của quan hệ Bãi bỏ/Thay thế
183009,Nghị quyết số 10/2013/NQ-HĐND Hỗ trợ kinh phí từ Ngân sách tỉnh để mua Bảo hiểm y tế cho Người cao tuổi trên địa bàn tỉnh Ninh Bình,10/2013/NQ-HĐND,14/10/2013,Nghị quyết,24/10/2013,,,,,Chưa phân loại,HĐND Tỉnh Ninh Bình,Chủ tịch,Nguyễn Tiến Thành,Địa phương,,Còn hiệu lực,bhyt,2026-08-04,Còn hiệu lực và không là target của quan hệ Bãi bỏ/Thay thế
173906,"Nghị quyết số 24/2024/NQ-HĐND Bãi bỏ Nghị quyết số 280/2019/NQ-HĐND ngày 08/10/2019 của Hội đồng nhân dân Tỉnh về việc ban hành bảng giá dịch vụ khám bệnh, chữa bệnh không thuộc phạm vi thanh toán của quỹ bảo hiểm y tế trong các cơ sở khám bệnh, chữa bệnh của nhà nước trên địa bàn tỉnh Đồng Tháp",24/2024/NQ-HĐND,28/12/2024,Nghị quyết,01/01/2025,,,,Y tế,"Quản lý Khám, chữa bệnh",HĐND Tỉnh Đồng Tháp,Chủ tịch,Phan Văn Thắng,Địa phương,,Còn hiệu lực,"bhyt,vien_phi",2026-08-04,Còn hiệu lực và không là target của quan hệ Bãi bỏ/Thay thế
1ae37070-768f-11f1-9478-a32d42492b41,"Quy định số lượng và mức phụ cấp hàng tháng đối với cộng tác viên công tác xã hội xã, phường trên địa bàn tỉnh Vĩnh Long",26/2026/NQ-HĐND,30/06/2026,Nghị quyết,10/07/2026,,,,Y tế,Bảo hiểm y tế,HĐND Tỉnh Vĩnh Long,Chủ tịch,Nguyễn Minh Dũng,Địa phương,,Còn hiệu lực,bhyt,2026-08-04,Còn hiệu lực và không là target của quan hệ Bãi bỏ/Thay thế
143792,Nghị quyết số 06/2014/NQ-HĐND Về chế độ hỗ trợ mua bảo hiểm y tế cho người đồng bào dân tộc thiểu số không thuộc vùng có điều kiện kinh tế - xã hội khó khăn trên địa bàn tỉnh Khánh Hòa,06/2014/NQ-HĐND,09/07/2014,Nghị quyết,20/07/2014,,Công báo Khánh Hòa,,Y tế,Chưa phân loại,UBND Tỉnh Khánh Hòa,Phó Chủ tịch,Trần An Khánh,Địa phương,,Còn hiệu lực,bhyt,2026-08-04,Còn hiệu lực và không là target của quan hệ Bãi bỏ/Thay thế
185418,"Nghị quyết số 99/2025/NQ-HĐND quy định chính sách hỗ trợ kinh phí tham gia bảo hiểm xã hội tự nguyện, bảo hiểm y tế trên địa bàn tỉnh Bắc Ninh, giai đoạn 2026- 2030",99/2025/NQ-HĐND,10/12/2025,Nghị quyết,01/01/2026,,,,Lao động - Thương binh và Xã hội,"Lao động, tiền lương, tiền công",HĐND Tỉnh Bắc Ninh,Chủ tịch,Nguyễn Việt Oanh,Địa phương,,Còn hiệu lực,bhyt,2026-08-04,Còn hiệu lực và không là target của quan hệ Bãi bỏ/Thay thế
174421,"Nghị quyết số 30/2024/NQ-HĐND Bãi bỏ Nghị quyết số 09/2019/NQ-HĐND ngày 06 tháng 12 năm 2019 của Hội đồng nhân dân tỉnh “về việc quy định mức giá dịch vụ khám bệnh, chữa bệnh không thuộc phạm vi thanh toán của Quỹ bảo hiểm y tế trong các cơ sở khám bệnh, chữa bệnh của Nhà nước trên địa bàn tỉnh Bạc Liêu”",30/2024/NQ-HĐND,30/12/2024,Nghị quyết,01/01/2025,,Từ văn bản gốc,,Y tế,Chưa phân loại,HĐND tỉnh Bạc Liêu,Chủ tịch,Lữ Văn Hùng,Địa phương,,Còn hiệu lực,"bhyt,vien_phi",2026-08-04,Còn hiệu lực và không là target của quan hệ Bãi bỏ/Thay thế
58291,Quyết định số 76/2001/QĐ-UB Về việc điều chỉnh mức đóng Bảo hiểm y tế học sinh và y tế trường học tự nguyện,76/2001/QĐ-UB,16/08/2001,Quyết định,16/08/2001,,,,Bảo Hiểm,Chưa phân loại,UBND Tỉnh Nghệ An,Phó Chủ tịch,Hoàng Ky,Địa phương,,Còn hiệu lực,bhyt,2026-08-04,Còn hiệu lực và không là target của quan hệ Bãi bỏ/Thay thế
142680,"Quyết định số 12/2020/QĐ-UBND Bãi bỏ Quyết định số 51/2017/QĐ-UBND ngày 21/8/2017 của UBND tỉnh Quảng Ngãi Quy định mức giá dịch vụ khám bệnh, chữa bệnh không thuộc phạm vi thanh toán của Quỹ bảo hiểm y tế trong các cơ sở khám bệnh, chữa bệnh của Nhà nước thuộc tỉnh Quảng Ngãi quản lý",12/2020/QĐ-UBND,19/06/2020,Quyết định,01/07/2020,,VĂN BẢN GỐC,,,Chưa phân loại,UBND Tỉnh Quảng Ngãi,Chủ tịch,Trần Ngọc Căng,Địa phương,,Còn hiệu lực,"bhyt,vien_phi",2026-08-04,Còn hiệu lực và không là target của quan hệ Bãi bỏ/Thay thế
145559,Nghị quyết số 332/2020/NQ-HĐND Quy định mức hỗ trợ từ ngân sách nhà nước đóng bảo hiểm y tế cho một số đối tượng trên địa bàn tỉnh Hưng Yên giai đoạn 2021 - 2025,332/2020/NQ-HĐND,01/12/2020,Nghị quyết,01/01/2021,,Bản cứng,11/12/2020,Bảo Hiểm,Bảo hiểm y tế,HĐND Tỉnh Hưng Yên,Chủ tịch,Trần Quốc Toản,Địa phương,,Còn hiệu lực,bhyt,2026-08-04,Còn hiệu lực và không là target của quan hệ Bãi bỏ/Thay thế
152757,Nghị quyết số Số: 04/2022/NQ-HĐND Quy định chính sách hỗ trợ bảo hiểm y tế đối với đồng bào dân tộc thiểu số trên địa bàn tỉnh Quảng Nam giai đoạn 2022 - 2025,Số: 04/2022/NQ-HĐND,12/01/2022,Nghị quyết,24/01/2022,,,,Lao động - Thương binh và Xã hội,Chưa phân loại,HĐND tỉnh Quảng Nam,Đang cập nhật,Đang cập nhật,Địa phương,,Còn hiệu lực,bhyt,2026-08-04,Còn hiệu lực và không là target của quan hệ Bãi bỏ/Thay thế
173621,"Nghị quyết số 40/2024/NQ-HĐND Bãi bỏ Nghị quyết số 01/2024/NQ-HĐND ngày 19 tháng 01 năm 2024 của Hội đồng nhân dân tỉnh Đồng Nai quy định giá dịch vụ khám bệnh, chữa bệnh không thuộc phạm vi thanh toán của Quỹ bảo hiểm y tế trong các cơ sở khám bệnh, chữa bệnh của Nhà nước trên địa bàn tỉnh Đồng Nai",40/2024/NQ-HĐND,20/12/2024,Nghị quyết,01/01/2025,,,,Y tế,Bảo hiểm y tế,HĐND Tỉnh Đồng Nai,Chủ tịch,Thái Bảo,Địa phương,,Còn hiệu lực,"bhyt,vien_phi",2026-08-04,Còn hiệu lực và không là target của quan hệ Bãi bỏ/Thay thế
109238,Thông tư liên tịch số 09/2002/TTLT/BTCCBCP-BLÐTBXH-BTC-BYT Thông tư hướng dẫn về việc chuyển Bảo hiểm y tế Việt Nam sang Bảo hiểm xã hội,09/2002/TTLT/BTCCBCP-BLÐTBXH-BTC-BYT,08/02/2002,Thông tư liên tịch,08/02/2002,,,,Chưa phân loại,Quản lý dịch vụ tài chính và các quỹ tài chính,"Bộ Tài chính, Bộ Lao động - Thương binh và Xã hội, Bộ Y tế, Ban Tổ chức - Cán bộ Chính phủ",,"Ðỗ Quang Trung, Nguyễn Sinh Hùng, Nguyễn Thị Hằng, Ðỗ Nguyên Phương",Trung ương,,Còn hiệu lực,bhyt,2026-08-04,Còn hiệu lực và không là target của quan hệ Bãi bỏ/Thay thế
186050,Nghị quyết số 43/2025/NQ-HĐND Quy định mức hỗ trợ đóng bảo hiểm y tế cho các đối tượng được ngân sách nhà nước hỗ trợ mức đóng trên địa bàn tỉnh Đồng Tháp,43/2025/NQ-HĐND,23/12/2025,Nghị quyết,02/01/2026,,,,Lao động - Thương binh và Xã hội,"Lao động, tiền lương, tiền công",HĐND Tỉnh Đồng Tháp,Chủ tịch,Châu Thị Mỹ Phương,Địa phương,,Còn hiệu lực,bhyt,2026-08-04,Còn hiệu lực và không là target của quan hệ Bãi bỏ/Thay thế
158024,Nghị quyết số 26/2022/NQ-HĐND Quy định mức hỗ trợ đóng bảo hiểm y tế cho người thuộc hộ gia đình cận nghèo giai đoạn 2023-2025 trên địa bàn tỉnh Ninh Thuận,26/2022/NQ-HĐND,09/12/2022,Nghị quyết,20/12/2022,,,,,Chưa phân loại,HĐND tỉnh Ninh Thuận,Chủ tịch,Phạm Văn Hậu,Địa phương,,Còn hiệu lực,bhyt,2026-08-04,Còn hiệu lực và không là target của quan hệ Bãi bỏ/Thay thế
21013,"Lệnh số 07/2003/L-CTN Về việc công bố Pháp lệnh Hành nghề y, dược tư nhân",07/2003/L-CTN,10/03/2003,Lệnh,20/04/2003,,Công báo số 24 năm 2003;,20/04/2003,Y tế,Lĩnh vực thực hiện chính sách bảo hiểm y tế,Chủ tịch nước,Chủ tịch,Trần Đức Lương,Trung ương,,Còn hiệu lực,bhyt,2026-08-04,Còn hiệu lực và không là target của quan hệ Bãi bỏ/Thay thế
113306,"Quyết định số 02/2016/QĐ-UBND Về việc ban hành Quy chế phối hợp thực hiện liên thông các thủ tục hành chính về đăng ký khai sinh, đăng ký thường trú, cấp thẻ bảo hiểm y tế cho trẻ em dưới 6 tuổi trên địa bàn tỉnh Trà Vinh",02/2016/QĐ-UBND,15/01/2016,Quyết định,25/01/2016,,Công báo tỉnh,30/03/2016,,Chưa phân loại,UBND tỉnh Trà Vinh,Phó Chủ tịch,Kim Ngọc Thái,Địa phương,,Còn hiệu lực,bhyt,2026-08-04,Còn hiệu lực và không là target của quan hệ Bãi bỏ/Thay thế
184764,"Nghị quyết số 110/2025/NQ-HĐND Quy định mức hỗ trợ đóng bảo hiểm y tế cho người thuộc hộ gia đình cận nghèo; học sinh, sinh viên là người dân tộc thiểu số; người thuộc hộ gia đình làm nông nghiệp, lâm nghiệp, ngư nghiệp có mức sống trung bình trên địa bàn tỉnh Lai Châu giai đoạn 2026 – 2030",110/2025/NQ-HĐND,09/12/2025,Nghị quyết,01/01/2026,31/12/2030,,,,,HĐND Tỉnh Lai Châu,Chủ tịch,Giàng Páo Mỷ,Địa phương,,Còn hiệu lực,bhyt,2026-08-04,Còn hiệu lực và không là target của quan hệ Bãi bỏ/Thay thế
175354,"Nghị quyết số 10/2025/NQ-HĐND Bãi bỏ Nghị quyết số 32/2024/NQ-HĐND ngày 10 tháng 05 năm 2024 của Hội đồng nhân dân tỉnh Quy định giá dịch vụ khám bệnh, chữa bệnh không thuộc phạm vi thanh toán của Quỹ Bảo hiểm y tế mà không phải là dịch vụ khám bệnh, chữa bệnh theo yêu cầu trong các cơ sở khám bệnh, chữa bệnh của Nhà nước trên địa bàn tỉnh Quảng Trị",10/2025/NQ-HĐND,20/02/2025,Nghị quyết,03/03/2025,,Cổng Thông tin điện tử tỉnh Quảng Trị,,,Chưa phân loại,HĐND Tỉnh Quảng Trị,Chủ tịch,Nguyễn Đăng Quang,Địa phương,,Còn hiệu lực,"bhyt,vien_phi",2026-08-04,Còn hiệu lực và không là target của quan hệ Bãi bỏ/Thay thế
184087,Thông tư số 98/2025/TT-BQP Hướng dẫn thực hiện một số điều của Nghị định số 188/2025/NĐ-CP ngày 01 tháng 7 năm 2025 của Chính phủ quy định chi tiết và hướng dẫn thi hành một số điều của Luật Bảo hiểm y tế đối với các đối tượng thuộc phạm vi quản lý của Bộ Quốc phòng,98/2025/TT-BQP,03/09/2025,Thông tư,16/10/2025,,Bản chính,,Quốc phòng,Bảo hiểm y tế,Bộ Quốc phòng,Thứ trưởng,Thượng tướng Vũ Hải Sản,Trung ương,,Còn hiệu lực,bhyt,2026-08-04,Còn hiệu lực và không là target của quan hệ Bãi bỏ/Thay thế
103390,"Chỉ thị số 66/UB-CT về việc tăng cuờng công tác bảo hộ lao động, ngăn chặn tai nạn lao động nặng, chết người, sự cố máy móc thiết bị, cháy, nổ, gây thiệt hại tính mạng của công dân và tài sản XHCN",66/UB-CT,29/10/1987,Chỉ thị,29/10/1987,,Danh mục hệ thống hóa văn bản,,Y tế,Bảo hiểm y tế,UBND tỉnh Bến Tre,Phó Chủ tịch,Lê Chí Nhân,Địa phương,,Còn hiệu lực,bhyt,2026-08-04,Còn hiệu lực và không là target của quan hệ Bãi bỏ/Thay thế
186215,"Nghị quyết số 36/2025/NQ-HĐND Bãi bỏ Nghị quyết số 29/2024/NQ-HĐND ngày 30 tháng 12 năm 2024 của Hội đồng nhân dân tỉnh Bạc Liêu quy định giá dịch vụ khám bệnh, chữa bệnh do quỹ bảo hiểm y tế thanh toán; giá dịch vụ khám bệnh, chữa bệnh do Ngân sách nhà nước thanh toán; giá dịch vụ khám bệnh, chữa bệnh không thuộc danh mục do quỹ bảo hiểm y tế thanh toán mà không phải là dịch vụ khám bệnh, chữa bệnh theo yêu cầu đối với các cơ sở khám bệnh, chữa bệnh của Nhà nước trên địa bàn tỉnh Bạc Liêu",36/2025/NQ-HĐND,30/12/2025,Nghị quyết,01/02/2026,,PDF,,Lao động - Thương binh và Xã hội,"Lao động, tiền lương, tiền công",HĐND Tỉnh Cà Mau,Chủ tịch,Phạm Văn Thiều,Địa phương,,Còn hiệu lực,"bhyt,vien_phi",2026-08-04,Còn hiệu lực và không là target của quan hệ Bãi bỏ/Thay thế
172675,"Nghị quyết số 21/2024/NQ-HĐND Bãi bỏ Nghị quyết số 124/2019/NQ-HĐND ngày 13 tháng 12 năm 2019 của Hội đồng nhân dân tỉnh Quy định mức giá dịch vụ khám bệnh, chữa bệnh tại các cơ sở khám bệnh, chữa bệnh của Nhà nước trên địa bàn tỉnh Bà Rịa - Vũng Tàu không thuộc phạm vi thanh toán của Quỹ bảo hiểm y tế và nguyên tắc áp dụng giá khám bệnh, chữa bệnh trong một số trường hợp",21/2024/NQ-HĐND,06/12/2024,Nghị quyết,16/12/2024,,bản chính,,Y tế,Khám chữa bệnh,HĐND tỉnh Bà Rịa - Vũng Tàu,Chủ tịch,Phạm Viết Thanh,Địa phương,,Còn hiệu lực,"bhyt,vien_phi",2026-08-04,Còn hiệu lực và không là target của quan hệ Bãi bỏ/Thay thế
140172,Nghị quyết số 11/2019/NQ-HĐND Hỗ trợ bảo hiểm y tế cho người thuộc hộ nghèo khi mới thoát nghèo trên địa bàn tỉnh Bạc Liêu,11/2019/NQ-HĐND,06/12/2019,Nghị quyết,16/12/2019,,Từ văn bản gốc,,,Chưa phân loại,HĐND tỉnh Bạc Liêu,Phó Chủ tịch,Phạm Văn Thiều,Địa phương,,Còn hiệu lực,bhyt,2026-08-04,Còn hiệu lực và không là target của quan hệ Bãi bỏ/Thay thế
84726d90-66ed-11f1-8735-f935ab579d34,Nghị quyết Quy định mức hỗ trợ chi phí tiêm phòng dại cho một số đối tượng trên địa bàn tỉnh Thái Nguyên,24/2026/NQ-HĐND,09/06/2026,Nghị quyết,01/07/2026,,,,Y tế,Bảo hiểm y tế,HĐND Tỉnh Thái Nguyên,Chủ tịch,Bùi Văn Lương,Địa phương,,Còn hiệu lực,bhyt,2026-08-04,Còn hiệu lực và không là target của quan hệ Bãi bỏ/Thay thế
172863,"Nghị quyết số 140/2024/NQ-HĐND Quy định giá dịch vụ khám bệnh, chữa bệnh thuộc danh mục do Quỹ bảo hiểm y tế thanh toán; giá dịch vụ khám bệnh, chữa bệnh do ngân sách nhà nước thanh toán; giá dịch vụ khám bệnh, chữa bệnh không thuộc danh mục do Quỹ bảo hiểm y tế thanh toán mà không phải là dịch vụ khám bệnh, chữa bệnh theo yêu cầu cho các cơ sở khám bệnh, chữa bệnh của Nhà nước thuộc phạm quản lý của tỉnh Nam Định",140/2024/NQ-HĐND,10/12/2024,Nghị quyết,10/12/2024,,,,,Chưa phân loại,HĐND tỉnh Nam Định,Chủ tịch,Lê Quốc Chỉnh,Địa phương,,Còn hiệu lực,"bhyt,vien_phi",2026-08-04,Còn hiệu lực và không là target của quan hệ Bãi bỏ/Thay thế
173398,"Nghị quyết số 09/2024/NQ-HĐND Bãi bỏ Nghị quyết số 19/2023/NQ-HĐND ngày 12 tháng 12 năm 2023 của Hội đồng nhân dân tỉnh quy định mức giá dịch vụ khám bệnh, chữa bệnh không thuộc phạm vi thanh toán của Quỹ bảo hiểm y tế mà không phải dịch vụ khám bệnh chữa bệnh theo yêu cầu tại các cơ sở khám bệnh, chữa bệnh của Nhà nước thuộc tỉnh Phú Thọ quản lý",09/2024/NQ-HĐND,11/12/2023,Nghị quyết,01/01/2025,,Hệ điều hành văn bản của tỉnh,,Y tế,Chưa phân loại,HĐND Tỉnh Phú Thọ,Chủ tịch,Bùi Minh Châu,Địa phương,,Còn hiệu lực,"bhyt,vien_phi",2026-08-04,Còn hiệu lực và không là target của quan hệ Bãi bỏ/Thay thế
155449,Nghị quyết số 03/2022/NQ-HĐND Quy định mức giá dịch vụ xét nghiệm SARS-CoV-2 (chưa bao gồm sinh phẩm xét nghiệm) không thuộc phạm vi thanh toán của Quỹ bảo hiểm y tế cho các cơ sở y tế công lập trên địa bàn tỉnh Đắk Lắk,03/2022/NQ-HĐND,18/07/2022,Nghị quyết,14/07/2022,,bản chính,,Y tế,Trang thiết bị y tế,HĐND Tỉnh Đắk Lắk,Chủ tịch,Y Vinh Tơr,Địa phương,,Còn hiệu lực,bhyt,2026-08-04,Còn hiệu lực và không là target của quan hệ Bãi bỏ/Thay thế
87214,Thông tư liên tịch số 40/1998/TTLT-BGDĐT-BYT Về việc hướng dẫn bảo hiểm y tế học sinh,40/1998/TTLT-BGDĐT-BYT,18/07/1998,Thông tư liên tịch,18/07/1998,,,,Bảo Hiểm,Chưa phân loại,"Bộ Giáo dục và Đào tạo, Bộ Y tế",Đang cập nhật,"Lê Vũ Hùng, Lê Ngọc Trọng",Trung ương,,Còn hiệu lực,bhyt,2026-08-04,Còn hiệu lực và không là target của quan hệ Bãi bỏ/Thay thế
173922,"Nghị quyết số 32/2024/NQ-HĐND Quy định giá cụ thể dịch vụ khám bệnh, chữa bệnh do Quỹ bảo hiểm y tế thanh toán; giá cụ thể dịch vụ khám bệnh, chữa bệnh do ngân sách nhà nước thanh toán, giá cụ thể dịch vụ khám bệnh, chữa bệnh không thuộc danh mục do quỹ bảo hiểm y tế thanh toán mà không phải là dịch vụ khám bệnh, chữa bệnh theo yêu cầu đối với các cơ sở khám bệnh, chữa bệnh của Nhà nước trên địa bàn tỉnh Đắk Lắk",32/2024/NQ-HĐND,31/12/2024,Nghị quyết,01/01/2025,,bản chính,,Y tế,"Quản lý Khám, chữa bệnh",HĐND Tỉnh Đắk Lắk,Chủ tịch,Huỳnh Thị Chiến Hòa,Địa phương,,Còn hiệu lực,bhyt,2026-08-04,Còn hiệu lực và không là target của quan hệ Bãi bỏ/Thay thế
136623,Nghị quyết số 83/2019/NQ-HĐND Hỗ trợ kinh phí mua thẻ bảo hiểm y tế cho người nhiễm HIV/AIDS và kinh phí cùng chi trả thuốc kháng vi-rút HIV (ARV) cho người nhiễm HIV/AIDS có thẻ bảo hiểm y tế trên địa bàn tỉnh Trà Vinh giai đoạn 2019 - 2020,83/2019/NQ-HĐND,12/04/2019,Nghị quyết,22/04/2019,,,,,Chưa phân loại,HĐND tỉnh Trà Vinh,Chủ tịch,Trần Trí Dũng,Địa phương,,Còn hiệu lực,bhyt,2026-08-04,Còn hiệu lực và không là target của quan hệ Bãi bỏ/Thay thế
118234,QUYẾT ĐỊNH SỐ 53/2016/QĐ-UBND QUY ĐỊNH MỨC HỖ TRỢ ĐÓNG BẢO HIỂM Y TẾ CHO NGƯỜI THUỘC HỘ GIA ĐÌNH CẬN NGHÈO TRÊN ĐỊA BÀN TỈNH NGHỆ AN GIAI ĐOẠN 2016-2020,53/2016/QĐ-UBND,31/08/2016,Quyết định,10/09/2016,,,,Y tế,Chưa phân loại,UBND Tỉnh Nghệ An,Phó Chủ tịch,lê minh thông,Địa phương,,Còn hiệu lực,bhyt,2026-08-04,Còn hiệu lực và không là target của quan hệ Bãi bỏ/Thay thế
84439,"Quyết định số 30/2014/QĐ-UBND Ban hành quy định việc quản lý, cấp phát thẻ Bảo hiểm y tế cho các đối tượng được ngân sách Nhà nước đóng, hỗ trợ tiền đóng Bảo hiểm y tế trên địa bàn tỉnh Bình Thuận",30/2014/QĐ-UBND,24/07/2014,Quyết định,03/08/2014,,,,Y tế,Bảo hiểm y tế,UBND tỉnh Bình Thuận,Chủ tịch,Lê Tiến Phương,Địa phương,,Còn hiệu lực,bhyt,2026-08-04,Còn hiệu lực và không là target của quan hệ Bãi bỏ/Thay thế
173768,"Nghị quyết số 114/2024/NQ-HĐND Bãi bỏ Nghị quyết số 23/2024/NQ-HĐND ngày 06 tháng 5 năm 2024 của HĐND tỉnh Bắc Giang quy định mức giá dịch vụ khám bệnh, chữa bệnh không thuộc phạm vi thanh toán của Quỹ bảo hiểm y tế trong các cơ sở khám bệnh, chữa bệnh của Nhà nước trên địa bàn tỉnh Bắc Giang",114/2024/NQ-HĐND,11/12/2024,Nghị quyết,01/01/2025,,,,,Chưa phân loại,HĐND tỉnh Bắc Giang,Phó Chủ tịch,Lâm Thị Hương Thành,Địa phương,,Còn hiệu lực,"bhyt,vien_phi",2026-08-04,Còn hiệu lực và không là target của quan hệ Bãi bỏ/Thay thế
141544,"Nghị quyết số 18/2019/NQ-HĐND Quy định giá dịch vụ khám bệnh, chữa bệnh không thuộc phạm vi thanh toán của Quỹ bảo hiểm y tế tại các cơ sở khám bệnh, chữa bệnh của Nhà nước do địa phương quản lý",18/2019/NQ-HĐND,11/12/2019,Nghị quyết,21/12/2019,,,,Y tế,Khám chữa bệnh,HĐND Tỉnh An Giang,Chủ tịch,Võ Anh Kiệt,Địa phương,,Còn hiệu lực,"bhyt,vien_phi",2026-08-04,Còn hiệu lực và không là target của quan hệ Bãi bỏ/Thay thế
48242,"Quyết định số 05/2015/QĐ-UBND Về việc thực hiện chế độ hỗ trợ bảo hiểm xã hội tự nguyện, bảo hiểm y tế cho công an viên và thôn, ấp, khu đội trưởng được bố trí ở thôn, ấp, khu phố trên địa bàn tỉnh Bà Rịa - Vũng Tàu",05/2015/QĐ-UBND,28/01/2015,Quyết định,07/02/2015,,,,Nội vụ,Chưa phân loại,UBND tỉnh Bà Rịa - Vũng Tàu,Phó Chủ tịch,Lê Thanh Dũng,Địa phương,,Còn hiệu lực,bhyt,2026-08-04,Còn hiệu lực và không là target của quan hệ Bãi bỏ/Thay thế
126742,"Quyết định số 25/2017/QĐ-UBND Quy định mức giá dịch vụ khám bệnh, chữa bệnh không thuộc phạm vi thanh toán của quỹ bảo hiểm y tế trong cơ sở khám bệnh, chữa bệnh Nhà nước thuộc địa phương quản lý trên địa bàn tỉnh Hà Nam",25/2017/QĐ-UBND,07/08/2017,Quyết định,01/10/2017,,,,,Chưa phân loại,UBND tỉnh Hà Nam,Chủ tịch,Nguyễn Xuân Đông,Địa phương,,Còn hiệu lực,"bhyt,vien_phi",2026-08-04,Còn hiệu lực và không là target của quan hệ Bãi bỏ/Thay thế
139461,Quyết định số 39/2019/QĐ-UBND Bãi bỏ Quyết định số 52/2003/QĐ-UB ngày 09 tháng 6 năm 2003của Uỷ ban nhân dân tỉnh và Quyết định số 53/2003/QĐ-UB ngày 10 tháng 6 năm 2003 của Uỷ ban nhân dân tỉnh,39/2019/QĐ-UBND,09/12/2019,Quyết định,20/12/2019,,,,"Y tế, Nội vụ","Bảo hiểm y tế, Tổ chức- Biên chế, Khám chữa bệnh",UBND tỉnh Bình Phước,Phó Chủ tịch,Huỳnh Thị Hằng,Địa phương,,Còn hiệu lực,bhyt,2026-08-04,Còn hiệu lực và không là target của quan hệ Bãi bỏ/Thay thế
171713,"Thông tư 37/2024/TT-BYT quy định nguyên tắc, tiêu chí xây dựng, cập nhật, ghi thông tin, cấu trúc danh mục và hướng dẫn thanh toán đối với thuốc hóa dược, sinh phẩm, thuốc phóng xạ và chất đánh dấu thuộc phạm vi được hưởng của người tham gia bảo hiểm y tế do Bộ trưởng Bộ Y tế ban hành",37/2024/TT-BYT,16/11/2024,Thông tư,01/01/2025,,,,Y tế,Bảo hiểm y tế,Bộ Y tế,Thứ trưởng,Trần Văn Thuấn,Trung ương,,Còn hiệu lực,bhyt,2026-08-04,Còn hiệu lực và không là target của quan hệ Bãi bỏ/Thay thế
108710,Thông tư liên tịch số 15/1998/TTLT-BYT-BTC-BLÐTBXH Thông tư hướng dẫn thực hiện bảo hiểm y tế bắt buộc theo quy định của Ðiều lệ bảo hiểm y tế ban hành theo Nghị định số 58/1998/NÐ-CP ngày 13/8/1998 của Chính phủ,15/1998/TTLT-BYT-BTC-BLÐTBXH,05/12/1998,Thông tư liên tịch,01/01/2009,,,,,Quản lý dịch vụ tài chính và các quỹ tài chính,"Bộ Lao động - Thương binh và Xã hội, Bộ Tài chính, Bộ Y tế",,"Lê Duy Ðồng, Nguyễn Thị Kim Ngân, Lê Ngọc Trọng",Trung ương,,Còn hiệu lực,bhyt,2026-08-04,Còn hiệu lực và không là target của quan hệ Bãi bỏ/Thay thế
179724,"Thông tư số 24/2025/TT-BYT sửa đổi Thông tư 04/2017/TT-BYT về Danh mục và tỷ lệ, điều kiện thanh toán đối với vật tư y tế thuộc phạm vi được hưởng của người tham gia bảo hiểm y tế do Bộ trưởng Bộ Y tế ban hành",24/2025/TT-BYT,30/06/2025,Thông tư,01/09/2025,,,,Y tế,Bảo hiểm y tế,Bộ Y tế,Thứ trưởng,Trần Văn Thuấn,Trung ương,,Còn hiệu lực,bhyt,2026-08-04,Còn hiệu lực và không là target của quan hệ Bãi bỏ/Thay thế
131826,"Quyết định số 24/2018/QĐ-UBND Bãi bỏ Quyết định số 21/2016/QĐ-UBND ngày 19/7/2016 của Ủy ban nhân dân tỉnh về việc ban hành quy định giá thu một số dịch vụ y tế không thuộc phạm vi thanh toán của Quỹ bảo hiểm y tế và đối với người bệnh không có thẻ bảo hiểm y tế tại các cơ sở khám bệnh, chữa bệnh công lập trên địa bàn tỉnh Bình Thuận.",24/2018/QĐ-UBND,30/07/2018,Quyết định,10/08/2018,,,,Y tế,Khám chữa bệnh,UBND tỉnh Bình Thuận,Chủ tịch,Nguyễn Ngọc Hai,Địa phương,,Còn hiệu lực,bhyt,2026-08-04,Còn hiệu lực và không là target của quan hệ Bãi bỏ/Thay thế
168478,"NGHỊ QUYẾT SỐ Số: 6/2019/NQ-HĐND QUY ĐỊNH VỀ GIÁ DỊCH VỤ KHÁM BỆNH, CHỮA BỆNH KHÔNG THUỘC PHẠM VI THANH TOÁN CỦA QUỸ BẢO HIỂM Y TẾ TRONG CÁC CƠ SỞ KHÁM BỆNH, CHỮA BỆNH CỦA NHÀ NƯỚC TRÊN ĐỊA BÀN TỈNH BÌNH PHƯỚC",Số: 6/2019/NQ-HĐND,16/12/2019,Nghị quyết,26/12/2019,,,,Y tế,Khám chữa bệnh,HĐND tỉnh Bình Phước,Phó Chủ tịch,Trần Ngọc Trai,Địa phương,,Còn hiệu lực,"bhyt,vien_phi",2026-08-04,Còn hiệu lực và không là target của quan hệ Bãi bỏ/Thay thế
177892,"Nghị quyết số 03/2025/NQ-HĐND Quy định mức hỗ trợ đóng bảo hiểm y tế đối với học sinh, sinh viên đang học tại các trường công lập thuộc tỉnh quản lý",03/2025/NQ-HĐND,28/03/2025,Nghị quyết,08/04/2025,,,,,Chưa phân loại,HĐND Tỉnh Khánh Hòa,Chủ tịch,Nguyễn Khắc Toàn,Địa phương,,Còn hiệu lực,bhyt,2026-08-04,Còn hiệu lực và không là target của quan hệ Bãi bỏ/Thay thế
49829,"Quyết định số 24/2014/QĐ-UBND Ban hành Quy chế phối hợp công tác trong thực hiện pháp luật về bảo hiểm xã hội, bảo hiểm y tế, bảo hiểm thất nghiệp trên địa bàn tỉnh",24/2014/QĐ-UBND,10/10/2014,Quyết định,20/10/2014,,,,Bảo Hiểm,Chưa phân loại,UBND tỉnh Nam Định,Chủ tịch,Đoàn Hồng Phong,Địa phương,,Còn hiệu lực,bhyt,2026-08-04,Còn hiệu lực và không là target của quan hệ Bãi bỏ/Thay thế
184909,Nghị quyết số 36/2025/NQ-HĐND quy định mức hỗ trợ đóng bảo hiểm y tế cho một số đối tượng trên địa bàn tỉnh Đồng Nai giai đoạn 2026 - 2030,36/2025/NQ-HĐND,10/12/2025,Nghị quyết,01/01/2026,,,,Lao động - Thương binh và Xã hội,"Lao động, tiền lương, tiền công",HĐND Tỉnh Đồng Nai,Chủ tịch,Tôn Ngọc Hạnh,Địa phương,,Còn hiệu lực,bhyt,2026-08-04,Còn hiệu lực và không là target của quan hệ Bãi bỏ/Thay thế
75997,"Nghị quyết số 25/2013/NQ-HĐND Về bãi bỏ bảng giá thu một phần viện phí tại trạm Y tế xã áp dụng cho người bệnh ngoại trú, nội trú có thẻ bảo hiểm y tế ban hành kèm theo Nghị quyết số 13/2008/NQ-HĐND ngày 16/12/2008 của Hội đồng nhân dân tỉnh Kon Tum khóa IX, kỳ họp thứ 11",25/2013/NQ-HĐND,11/12/2013,Nghị quyết,21/12/2013,,,,Tài chính,Chưa phân loại,HĐND tỉnh Kon Tum,Chủ tịch,Hà Ban,Địa phương,,Còn hiệu lực,"bhyt,vien_phi",2026-08-04,Còn hiệu lực và không là target của quan hệ Bãi bỏ/Thay thế
106259,Quyết định số 08/2016/QĐ-UBND Về việc quy định mức hỗ trợ đóng bảo hiểm y tế cho hộ cận nghèo trên địa bàn tỉnh Ninh Thuận năm 2016,08/2016/QĐ-UBND,09/03/2016,Quyết định,19/03/2016,,Bản chính,18/03/2016,Lao động - Thương binh và Xã hội,Chưa phân loại,UBND tỉnh Ninh Thuận,Phó Chủ tịch,Lê Văn Bình,Địa phương,,Còn hiệu lực,bhyt,2026-08-04,Còn hiệu lực và không là target của quan hệ Bãi bỏ/Thay thế
117674,"Nghị định số 21/2016/NĐ-CP Quy định việc thực hiện chức năng thanh tra chuyên ngành về đóng bảo hiểm xã hội, bảo hiểm thất nghiệp, bảo hiểm y tế của cơ quan bảo hiểm xã hội",21/2016/NĐ-CP,31/03/2016,Nghị định,01/06/2016,,,,,Chưa phân loại,Chính phủ,Thủ tướng,Nguyễn Tấn Dũng,Trung ương,,Còn hiệu lực,bhyt,2026-08-04,Còn hiệu lực và không là target của quan hệ Bãi bỏ/Thay thế
100267,"Quyết định số 25/2015/QĐ-UBND Ban hành Quy định đăng ký khám bệnh, chữa bệnh ban đầu và chuyển tuyến khám bệnh, chữa bệnh bảo hiểm y tế trên địa bàn tỉnh Ninh Thuận",25/2015/QĐ-UBND,12/05/2015,Quyết định,22/05/2015,,Bản chính,,Y tế,Bảo hiểm y tế,UBND tỉnh Ninh Thuận,Phó Chủ tịch,Lê Văn Bình,Địa phương,,Còn hiệu lực,bhyt,2026-08-04,Còn hiệu lực và không là target của quan hệ Bãi bỏ/Thay thế
127519,Quyết định số Số: 10/2018/QĐ-UBND Quy định mức hỗ trợ đóng bảo hiểm y tế cho người thuộc hộ gia đình nghèo đa chiều thiếu hụt dịch vụ xã hội cơ bản khác (không bị thiếu hụt bảo hiểm y tế) trên địa bàn tỉnh Điện Biên,Số: 10/2018/QĐ-UBND,30/01/2018,Quyết định,10/02/2018,,bản chính văn bản,,Y tế,Bảo hiểm y tế,UBND Tỉnh Điện Biên,Chủ tịch,Mùa A Sơn,Địa phương,,Còn hiệu lực,bhyt,2026-08-04,Còn hiệu lực và không là target của quan hệ Bãi bỏ/Thay thế
25987,"Quyết định số 87/2010/QĐ-TTg Về việc cho doanh nghiệp, người lao động thuộc Tập đoàn Công nghiệp tàu thủy Việt Nam và Tổng công ty Hàng hải Việt Nam vay để chi trả nợ tiền lương, nợ bảo hiểm xã hội, bảo hiểm y tế, bảo hiểm thất nghiệp, trợ cấp thôi việc, trợ cấp mất việc làm, tạo việc làm, học nghề",87/2010/QĐ-TTg,24/12/2010,Quyết định,15/02/2011,,"Công báo số 19+20, năm 2011",06/01/2011,,Chưa phân loại,Thủ tướng Chính phủ,Thủ tướng,Nguyễn Tấn Dũng,Trung ương,,Còn hiệu lực,bhyt,2026-08-04,Còn hiệu lực và không là target của quan hệ Bãi bỏ/Thay thế
27f12c90-58e8-11f1-a671-8bd8cc508176,"Thông tư 12/2026/TT-BTC Quy định trình tự, thủ tục giám định chi phí khám bệnh, chữa bệnh bảo hiểm y tế, biểu mẫu tổng hợp thanh toán, quyết toán và biện pháp thi hành Nghị định số 188/2025/NĐ-CP ngày 01 tháng 7 năm 2025 của Chính phủ quy định chi tiết và hướng dẫn thi hành một số điều của Luật Bảo hiểm y tế",12/2026/TT-BTC,10/02/2026,Thông tư,10/02/2026,,,,Tài chính,Bảo hiểm y tế,Bộ Tài chính,Thứ trưởng,Lê Tấn Cận,Trung ương,,Còn hiệu lực,"bhyt,vien_phi",2026-08-04,Còn hiệu lực và không là target của quan hệ Bãi bỏ/Thay thế
88756,Chỉ thị 04/2011/CT-UBND về tăng cường thực hiện Luật Bảo hiểm xã hội và Luật Bảo hiểm y tế trên địa bàn huyện Hóc Môn do Ủy ban nhân dân huyện Hóc Môn ban hành,04/2011/CT-UBND,12/08/2011,Chỉ thị,12/08/2011,,Số 53,01/09/2011,,Chưa phân loại,UBND Huyện Hóc Môn,Chủ tịch,Văn Thị Bạch Tuyết,Địa phương,,Còn hiệu lực,bhyt,2026-08-04,Còn hiệu lực và không là target của quan hệ Bãi bỏ/Thay thế
155147,"Quyết định số 18/2022/QĐ-UBND Ban hành Quy định đăng ký khám bệnh, chữa bệnh bảo hiểm y tế ban đầu và chuyển tuyến khám bệnh, chữa bệnh bảo hiểm y tế trên địa bàn tỉnh Ninh Thuận",18/2022/QĐ-UBND,20/04/2022,Quyết định,30/04/2022,,,,,Chưa phân loại,UBND tỉnh Ninh Thuận,Phó Chủ tịch,Nguyễn Long Biên,Địa phương,,Còn hiệu lực,bhyt,2026-08-04,Còn hiệu lực và không là target của quan hệ Bãi bỏ/Thay thế
5344,"Quyết định số 118/1997/QĐ-UB Về việc thành lập Bảo hiểm Y tế, trực thuộc Sở Y tế.",118/1997/QĐ-UB,29/01/1997,Quyết định,29/01/1997,,STP tỉnh Phú Thọ;,,,Chưa phân loại,UBND Tỉnh Phú Thọ,Chủ tịch,Nguyễn Xuân Lâm,Địa phương,,Còn hiệu lực,bhyt,2026-08-04,Còn hiệu lực và không là target của quan hệ Bãi bỏ/Thay thế
82064,"Nghị quyết số 07 /2014/NQ-HĐND Quy định mức hỗ trợ Nhân viên y tế tại các khu vực thuộc phường, ấp thuộc thị trấn trên địa bàn thành phố Cần Thơ",07 /2014/NQ-HĐND,11/07/2014,Nghị quyết,21/07/2014,,,,Y tế,"Tổ chức cán bộ, Lĩnh vực thực hiện chính sách bảo hiểm y tế",HĐND Thành phố Cần Thơ,Phó Chủ tịch,Nguyễn Thanh Sơn,Địa phương,,Còn hiệu lực,bhyt,2026-08-04,Còn hiệu lực và không là target của quan hệ Bãi bỏ/Thay thế
3c7280b0-58e8-11f1-8ac3-d768273af8f0,"Thông tư 09/2026/TT-BTC Quy định về việc tạo lập sổ bảo hiểm xã hội, thẻ bảo hiểm y tế bản điện tử",09/2026/TT-BTC,03/02/2026,Thông tư,03/02/2026,,,,Tài chính,"Bảo hiểm xã hội, Bảo hiểm y tế",Bộ Tài chính,Thứ trưởng,Lê Tấn Cận,Trung ương,,Còn hiệu lực,bhyt,2026-08-04,Còn hiệu lực và không là target của quan hệ Bãi bỏ/Thay thế
146838,"Quyết định số Số: 03/2021/QĐ-UBND Quy định mức hỗ trợ đóng bảo hiểm y tế cho người thuộc hộ gia đình cận nghèo, người thuộc hộ gia đình làm nông nghiệp, lâm nghiệp, ngư nghiệp có mức sống trung bình và học sinh, sinh viên trên địa bàn tỉnh Điện Biên",Số: 03/2021/QĐ-UBND,09/02/2021,Quyết định,19/02/2021,,Bản chính văn bản,,Y tế,Kế hoạch tài chính,UBND Tỉnh Điện Biên,Chủ tịch,Lê Thành Đô,Địa phương,,Còn hiệu lực,bhyt,2026-08-04,Còn hiệu lực và không là target của quan hệ Bãi bỏ/Thay thế
169565,"Thông tư 13/2020/TT-BYT sửa đổi Thông tư 35/2016/TT-BYT về Danh mục và tỷ lệ, điều kiện thanh toán đối với dịch vụ kỹ thuật y tế thuộc phạm vi được hưởng của người tham gia bảo hiểm y tế do Bộ trưởng Bộ Y tế ban hành",13/2020/TT-BYT,22/06/2020,Thông tư,10/08/2020,,,,Y tế,Bảo hiểm y tế,Bộ Y tế,Thứ trưởng Bộ Y tế,Nguyễn Trường Sơn,Trung ương,,Còn hiệu lực,bhyt,2026-08-04,Còn hiệu lực và không là target của quan hệ Bãi bỏ/Thay thế
169585,Thông tư 08/2024/TT-BYT bãi bỏ một phần các văn bản quy phạm pháp luật do Bộ trưởng Bộ Y tế ban hành,08/2024/TT-BYT,24/05/2024,Thông tư,24/05/2024,,,,Y tế,"An toàn thực phẩm Bảo hiểm y tế Quản lý Khám, chữa bệnh",Bộ Y tế,Thứ trưởng Bộ Y tế,Trần Văn Thuấn,Trung ương,,Còn hiệu lực,bhyt,2026-08-04,Còn hiệu lực và không là target của quan hệ Bãi bỏ/Thay thế
17873,Quyết định số 196/2005/QĐ-TTg Về việc thành lập Vụ Bảo hiểm y tế thuộc Bộ Y tế,196/2005/QĐ-TTg,08/08/2005,Quyết định,26/08/2005,,Công báo số 11 - 08/2005;,11/08/2005,"Nội vụ, Y tế",Chưa phân loại,Thủ tướng Chính phủ,Thủ tướng,Phan Văn Khải,Trung ương,,Còn hiệu lực,bhyt,2026-08-04,Còn hiệu lực và không là target của quan hệ Bãi bỏ/Thay thế
141428,"Nghị quyết số 08/2019/NQ-HĐND Quy định giá dịch vụ khám bệnh, chữa bệnh không thuộc phạm vi thanh toán của Quỹ bảo hiểm y tế tại các cơ sở khám bệnh, chữa bệnh của Nhà nước do địa phương quản lý",08/2019/NQ-HĐND,12/07/2019,Nghị quyết,01/12/2019,,,,Y tế,Khám chữa bệnh,HĐND Tỉnh An Giang,Chủ tịch,Võ Anh Kiệt,Địa phương,,Còn hiệu lực,"bhyt,vien_phi",2026-08-04,Còn hiệu lực và không là target của quan hệ Bãi bỏ/Thay thế
155518,Nghị quyết số 10/2022/NQ-HĐND Quy định mức giá dịch vụ xét nghiệm SARS-CoV-2 bao gồm chi phí trực tiếp và chi phí tiền lương (chưa bao gồm sinh phẩm xét nghiệm phản ứng) trong trường hợp không thuộc phạm vi thanh toán của Quỹ bảo hiểm y tế trên địa bàn tỉnh An Giang,10/2022/NQ-HĐND,12/07/2022,Nghị quyết,22/07/2022,,,,,Chưa phân loại,HĐND Tỉnh An Giang,Chủ tịch,Lê Văn Nưng,Địa phương,,Còn hiệu lực,bhyt,2026-08-04,Còn hiệu lực và không là target của quan hệ Bãi bỏ/Thay thế
67295,"Thông tư liên tịch số 05/2015/TTLT-BTP-BCA-BYT Hướng dẫn thực hiện liên thông các thủ tục hành chính về đăng ký khai sinh, đăng ký thường trú, cấp thẻ bảo hiểm y tế cho trẻ em dưới 6 tuổi",05/2015/TTLT-BTP-BCA-BYT,15/05/2015,Thông tư liên tịch,01/07/2015,,"Công báo số 599+600, năm 2015",17/06/2015,"Công an, Y tế, Tư pháp",Kiểm soát thủ tục hành chính,"Bộ Tư pháp, Bộ Công an, Bộ Y tế",Thứ trưởng,"Đinh Trung Tụng, Thượng tướng Lê Quý Vương, Phạm Lê Tuấn",Trung ương,,Còn hiệu lực,bhyt,2026-08-04,Còn hiệu lực và không là target của quan hệ Bãi bỏ/Thay thế
173888,Quyết định số 134/2024/QĐ-UBND Bãi bỏ Quyết định số 51/2015/QĐ-UBND ngày 13 tháng 11 năm 2015 của Ủy ban nhân dân Thành phố Hồ Chí Minh về ban hành quy trình thực hiện cấp thẻ Bảo hiểm y tế cho các đối tượng bảo trợ xã hội tại cộng đồng trên địa bàn Thành phố Hồ Chí Minh,134/2024/QĐ-UBND,30/12/2024,Quyết định,10/01/2025,,Bản chính văn bản,,,Chưa phân loại,UBND Thành phố Hồ Chí Minh,Phó Chủ tịch,Trần Thị Diệu Thúy,Địa phương,,Còn hiệu lực,bhyt,2026-08-04,Còn hiệu lực và không là target của quan hệ Bãi bỏ/Thay thế
22615,"Thông tư liên tịch số 07/2002/TTLT/BTC-BYT Sửa đổi, bổ sung một số điểm của Thông tư liên tịch số 151/1998/TTLT/BTC-BYT ngày 20/11/1998 của liên Bộ Tài chính - Y tế hướng dẫn chế độ quản lý tài chính quỹ Bảo hiểm y tế",07/2002/TTLT/BTC-BYT,21/01/2002,Thông tư liên tịch,01/01/2002,,Công báo số 13,05/04/2002,"Y tế, Tài chính",Chưa phân loại,"Bộ Tài chính, Bộ Y tế",Thứ trưởng,"Nguyễn Thị Kim Ngân, Lê Ngọc Trọng",Trung ương,,Còn hiệu lực,bhyt,2026-08-04,Còn hiệu lực và không là target của quan hệ Bãi bỏ/Thay thế
4508b790-6869-11f1-896d-1f64195cf782,"Nghị quyết số 09/2026/NQ-HĐND Quy định mức hỗ trợ đóng bảo hiểm y tế cho đối tượng hộ cận nghèo trên địa bàn tỉnh Thanh Hóa, giai đoạn 2026 - 2030",09/2026/NQ-HĐND,27/05/2026,Nghị quyết,06/06/2026,31/12/2030,,,Tài chính,Bảo hiểm y tế,HĐND Tỉnh Thanh Hóa,Chủ tịch,Nguyễn Hồng Phong,Địa phương,,Còn hiệu lực,bhyt,2026-08-04,Còn hiệu lực và không là target của quan hệ Bãi bỏ/Thay thế
55070,"Quyết định số 53/2014/QĐ-UBND Ban hành Quy chế phối hợp trong việc thực hiện liên thông các thủ tục hành chính về đăng ký khai sinh, đăng ký thường trú, cấp thẻ bảo hiểm y tế cho trẻ em dưới 6 tuổi trên địa bàn tỉnh Hà Nam",53/2014/QĐ-UBND,20/12/2014,Quyết định,01/01/2015,,,,Tư pháp,Chưa phân loại,UBND tỉnh Hà Nam,Chủ tịch,Nguyễn Xuân Đông,Địa phương,,Còn hiệu lực,bhyt,2026-08-04,Còn hiệu lực và không là target của quan hệ Bãi bỏ/Thay thế
65459,Chỉ thị số 14/CT/UB-VX Về việc tiếp tục triển khai Bảo hiểm toàn diện học sinh và Bảo hiểm y tế học sinh,14/CT/UB-VX,07/06/2001,Chỉ thị,07/06/2001,,,,Bảo Hiểm,Chưa phân loại,UBND Tỉnh Hà Tĩnh,Phó Chủ tịch,Trần Đình Đàn,Địa phương,,Còn hiệu lực,bhyt,2026-08-04,Còn hiệu lực và không là target của quan hệ Bãi bỏ/Thay thế
169332,"Nghị quyết số 06/2024/NQ-HĐND Về việc ban hành mức giá dịch vụ khám bệnh, chữa bệnh không thuộc phạm vi thanh toán của Quỹ bảo hiểm y tế mà không phải là dịch vụ khám bệnh, chữa bệnh theo yêu cầu tại các cơ sở khám bệnh, chữa bệnh của Nhà nước trên địa bàn tỉnh Khánh Hòa",06/2024/NQ-HĐND,12/07/2024,Nghị quyết,22/07/2024,,,,,Chưa phân loại,HĐND Tỉnh Khánh Hòa,Phó Chủ tịch,Trần Mạnh Dũng,Địa phương,,Còn hiệu lực,"bhyt,vien_phi",2026-08-04,Còn hiệu lực và không là target của quan hệ Bãi bỏ/Thay thế
52557,"Quyết định số 1847/2002/QĐ-UB V/v điều chỉnh mức đóng bảo hiểm y tế học sinh, sinh viên",1847/2002/QĐ-UB,15/07/2002,Quyết định,15/07/2002,,,,Bảo Hiểm,Chưa phân loại,UBND tỉnh Thừa Thiên Huế,Phó Chủ tịch,Lê Viết Xê,Địa phương,,Còn hiệu lực,bhyt,2026-08-04,Còn hiệu lực và không là target của quan hệ Bãi bỏ/Thay thế
129005,Thông tư số 56/2017/TT-BYT quy định chi tiết thi hành Luật bảo hiểm xã hội và Luật an toàn vệ sinh lao động thuộc lĩnh vực y tế,56/2017/TT-BYT,01/03/2018,Thông tư,01/03/2018,,,,Y tế,Bảo hiểm y tế,Bộ Y tế,Thứ trưởng,Phạm Lê Tuấn,Trung ương,,Còn hiệu lực,bhyt,2026-08-04,Còn hiệu lực và không là target của quan hệ Bãi bỏ/Thay thế
157394,"Quyết định số 27/2020/QĐ-UBND Quy định giá dịch vụ khám bệnh, chữa bệnh không thuộc phạm vi thanh toán của Quỹ bảo hiểm y tế trong các cơ sở khám bệnh, chữa bệnh của Nhà nước trên địa bàn tỉnh Ninh Thuận",27/2020/QĐ-UBND,03/08/2020,Quyết định,13/08/2020,,,,,,UBND tỉnh Ninh Thuận,Phó Chủ tịch,Lê Văn Bình,Địa phương,,Còn hiệu lực,"bhyt,vien_phi",2026-08-04,Còn hiệu lực và không là target của quan hệ Bãi bỏ/Thay thế
156404,"Quyết định số 49/2022/QĐ-UBND Quy định mức giá dịch vụ xét nghiệm SARS-CoV-2 trong trường hợp không thuộc phạm vi thanh toán của Quỹ bảo hiểm y tế tại các cơ sở khám bệnh, chữa bệnh công lập thuộc tỉnh Ninh Thuận",49/2022/QĐ-UBND,18/08/2022,Quyết định,28/08/2022,,,,,Chưa phân loại,UBND tỉnh Ninh Thuận,Phó Chủ tịch,Nguyễn Long Biên,Địa phương,,Còn hiệu lực,bhyt,2026-08-04,Còn hiệu lực và không là target của quan hệ Bãi bỏ/Thay thế
29217,Quyết định số 77/2006/QĐ-UBND Về việc phê duyệt đối tượng mua Bảo hiểm y tế người nghèo tinh Lào Cai năm 2006,77/2006/QĐ-UBND,29/08/2006,Quyết định,08/09/2006,,,,,Chưa phân loại,UBND Tỉnh Lào Cai,Phó Chủ tịch,Bùi Thị Kim Dung,Địa phương,,Còn hiệu lực,bhyt,2026-08-04,Còn hiệu lực và không là target của quan hệ Bãi bỏ/Thay thế
156429,Nghị quyết số 13/2022/NQ-HĐND.loi Về việc Quy định mức giá dịch vụ xét nghiệm SARS-CoV-2 không thuộc phạm vi thanh toán của Quỹ bảo hiểm y tế tại các cơ sở y tế của Nhà nước thuộc tỉnh Thừa Thiên Huế,13/2022/NQ-HĐND.loi,14/07/2022,Nghị quyết,24/07/2022,,Công báo số 33 và 34 năm 2022,27/07/2022,Y tế,Chưa phân loại,HĐND tỉnh Thừa Thiên Huế,Chủ tịch,Lê Trường Lưu,Địa phương,,Còn hiệu lực,bhyt,2026-08-04,Còn hiệu lực và không là target của quan hệ Bãi bỏ/Thay thế
179772,"Thông tư số 63/2025/TT-BQP Quy định, hướng dẫn thực hiện một số điều của Nghị định số 70/2015/NĐ-CP ngày 01 tháng 9 năm 2015 của Chính phủ quy định chi tiết và hướng dẫn thi hành một số điều của Luật Bảo hiểm y tế đối với quân đội nhân dân, công an nhân dân và người làm công tác cơ yếu; Nghị định số 74/2025/NĐ-CP ngày 31 tháng 3 năm 2025 sửa đổi, bổ sung một số điều của Nghị định số 70/2015/NĐ-CP ngày 01 tháng 9 năm 2015 của Chính phủ",63/2025/TT-BQP,01/07/2025,Thông tư,01/07/2025,,Bản chính,,Quốc phòng,Bảo hiểm y tế,Bộ Quốc phòng,Thứ trưởng,Thượng tướng Vũ Hải Sản,Trung ương,,Còn hiệu lực,bhyt,2026-08-04,Còn hiệu lực và không là target của quan hệ Bãi bỏ/Thay thế
176604,"Nghị quyết số 02/2025/NQ-HĐND Bãi bỏ Nghị quyết số 02/2022/NQ-HĐND ngày 25 tháng 02 năm 2022 của Hội đồng nhân dân tỉnh quy định mức giá dịch vụ xét nghiệm SARS-CoV-2 tại các cơ sở khám bệnh, chữa bệnh của Nhà nước không thuộc phạm vi thanh toán của Quỹ bảo hiểm y tế trên địa bàn tỉnh Bà Rịa - Vũng Tàu",02/2025/NQ-HĐND,27/03/2025,Nghị quyết,27/03/2025,,,,"Y tế, Tài chính",Lĩnh vực giá,HĐND tỉnh Bà Rịa - Vũng Tàu,Chủ tịch,Phạm Viết Thanh,Địa phương,,Còn hiệu lực,bhyt,2026-08-04,Còn hiệu lực và không là target của quan hệ Bãi bỏ/Thay thế
88138,"Quyết định 11862/QĐ-UBND năm 2014 bãi bỏ Quyết định 02/2013/QĐ-UBND về Quy chế thực hiện cơ chế một cửa liên thông nhóm thủ tục hành chính thuộc lĩnh vực hộ tịch, bảo hiểm y tế và đăng ký, quản lý cư trú trên địa bàn Quận Bình Tân, thành phố Hồ Chí Minh",11862/QĐ-UBND,18/09/2014,Quyết định,18/09/2014,,Số 57,15/10/2014,,Chưa phân loại,UBND Quận Bình Tân,Chủ tịch,Huỳnh Văn Chính,Địa phương,,Còn hiệu lực,bhyt,2026-08-04,Còn hiệu lực và không là target của quan hệ Bãi bỏ/Thay thế
79219,"Quyết định số 76/2014/QĐ-UBND Ban hành Quy định quản lý, cấp phát thẻ bảo hiểm y tế cho đối tượng Ngân sách nhà nước đảm bảo toàn bộ hoặc một phần kinh phí áp dụng trên địa bàn tỉnh Hà Tĩnh",76/2014/QĐ-UBND,06/11/2014,Quyết định,16/11/2014,,,,Lao động - Thương binh và Xã hội,Bảo hiểm xã hội bắt buộc và bảo hiểm xã hội tự nguyện,UBND Tỉnh Hà Tĩnh,Phó Chủ tịch,Nguyễn Thiện,Địa phương,,Còn hiệu lực,bhyt,2026-08-04,Còn hiệu lực và không là target của quan hệ Bãi bỏ/Thay thế
174245,"Nghị quyết số 26/2024/NQ-HĐND Bãi bỏ Nghị quyết số 04/2024/NQ-HĐND ngày 19 tháng 4 năm 2024 của Hội đồng nhân dân tỉnh An Giang quy định mức giá dịch vụ khám bệnh, chữa bệnh không thuộc phạm vi thanh toán của Quỹ bảo hiểm y tế mà không phải là đối tượng khám bệnh, chữa bệnh theo yêu cầu tạ",26/2024/NQ-HĐND,27/12/2024,Nghị quyết,27/12/2024,,,,,Chưa phân loại,HĐND Tỉnh An Giang,Chủ tịch,Lê Văn Nưng,Địa phương,,Còn hiệu lực,"bhyt,vien_phi",2026-08-04,Còn hiệu lực và không là target của quan hệ Bãi bỏ/Thay thế
127110,"Nghị quyết số 50/2017/NQ-HĐND Về bãi bỏ Khoản 1, Khoản 2, Khoản 3 Mục II Điều 1 Nghị quyết số 155/2009/NQ-HĐND ngày 10 tháng 12 năm 2009 của Hội đồng nhân dân tỉnh về mức hỗ trợ đóng bảo hiểm xã hội tự nguyện, bảo hiểm y tế cho cán bộ không chuyên trách xã, phường, thị trấn",50/2017/NQ-HĐND,07/12/2017,Nghị quyết,18/12/2017,,,,Y tế,Khám chữa bệnh,HĐND tỉnh Quảng Nam,Chủ tịch,Nguyễn Ngọc Quang,Địa phương,,Còn hiệu lực,bhyt,2026-08-04,Còn hiệu lực và không là target của quan hệ Bãi bỏ/Thay thế
127616,Nghị quyết số 46/2017/NQ-HĐND Quy định mức hỗ trợ đóng bảo hiểm y tế cho hộ cận nghèo năm 2018 và người thuộc hộ nghèo đa chiều thiếu hụt các dịch vụ xã hội cơ bản khác (không thiếu hụt bảo hiểm y tế) giai đoạn 2017-2018 trên địa bàn tỉnh Ninh Thuận,46/2017/NQ-HĐND,11/12/2017,Nghị quyết,22/12/2017,,,,Lao động - Thương binh và Xã hội,Chưa phân loại,HĐND tỉnh Ninh Thuận,Chủ tịch,Nguyễn Đức Thanh,Địa phương,,Còn hiệu lực,bhyt,2026-08-04,Còn hiệu lực và không là target của quan hệ Bãi bỏ/Thay thế
13349,"Quyết định số 119/2001/QĐ-UB về việc thực hiện chế độ bảo hiểm xã hội, bảo hiểm y tế đối với cán bộ y tế cơ sở",119/2001/QĐ-UB,12/11/2001,Quyết định,01/01/2001,,,,,Chưa phân loại,UBND Tỉnh Bắc Ninh,Phó Chủ tịch,Nguyễn Thị Xuyên,Địa phương,,Còn hiệu lực,bhyt,2026-08-04,Còn hiệu lực và không là target của quan hệ Bãi bỏ/Thay thế
81695,Quyết định số 28/2015/QĐ-UBND Về việc hỗ trợ mua bảo hiểm y tế cho cộng tác viên Dân số - Kế hoạch hóa gia đình giai đoạn 2016 - 2020 trên địa bàn tỉnh Bình Dương,28/2015/QĐ-UBND,12/08/2015,Quyết định,01/01/2016,,,,Y tế,Chưa phân loại,UBND tỉnh Bình Dương,Chủ tịch,Trần Văn Nam,Địa phương,,Còn hiệu lực,bhyt,2026-08-04,Còn hiệu lực và không là target của quan hệ Bãi bỏ/Thay thế
166928,Nghị quyết số 288/2022/NQ-HĐND Quy định mức giá dịch vụ xét nghiệm SARS-CoV-2 (chưa bao gồm sinh phẩm xét nghiệm phản ứng) do cơ sở y tế của Nhà nước thực hiện không thuộc phạm vi thanh toán của Quỹ bảo hiểm y tế trên địa bàn tỉnh Thanh Hoá,288/2022/NQ-HĐND,13/07/2022,Nghị quyết,23/07/2022,,,,,Chưa phân loại,HĐND Tỉnh Thanh Hóa,Chủ tịch,Đỗ Trọng Hưng,Địa phương,,Còn hiệu lực,bhyt,2026-08-04,Còn hiệu lực và không là target của quan hệ Bãi bỏ/Thay thế
40940,"Quyết định số 1111/QĐ-BHXH Về việc ban hành Quy định quản lý thu bảo hiểm xã hội, bảo hiểm y tế; quản lý sổ bảo hiểm xã hội, thẻ bảo hiểm y tế",1111/QĐ-BHXH,25/10/2011,Quyết định,25/10/2011,,,,Bảo Hiểm,Chưa phân loại,Bảo hiểm Xã hội Việt Nam,Tổng Giám đốc,Lê Bạch Hồng,Địa phương,,Còn hiệu lực,bhyt,2026-08-04,Còn hiệu lực và không là target của quan hệ Bãi bỏ/Thay thế
145237,Nghị quyết số 18/2020/NQ-HĐND Quy định mức hỗ trợ 30% mức đóng bảo hiểm y tế cho người thuộc hộ gia đình nghèo đa chiều và người thuộc hộ gia đình cận nghèo trên địa bàn tỉnh An Giang,18/2020/NQ-HĐND,08/12/2020,Nghị quyết,01/01/2021,,,,Bảo Hiểm,Bảo hiểm y tế,HĐND Tỉnh An Giang,Phó Chủ tịch,Đỗ Tấn Kiệt,Địa phương,,Còn hiệu lực,bhyt,2026-08-04,Còn hiệu lực và không là target của quan hệ Bãi bỏ/Thay thế
8063f9c0-8192-11f1-a7b4-31acaf5a5932,Nghị quyết số 25/2026/NQ-HĐND Quy định hỗ trợ mức đóng bảo hiểm y tế và hỗ trợ chi phí cùng chi trả đối với thuốc kháng vi rút HIV cho người nhiễm HIV/AIDS trên địa bàn tỉnh Hưng Yên giai đoạn 2026-2030,25/2026/NQ-HĐND,09/07/2026,Nghị quyết,20/07/2026,31/12/2030,,,Công an,Giáo dục quốc phòng và an ninh,HĐND Tỉnh Hưng Yên,Chủ tịch,Trần Quốc Văn,Địa phương,,Còn hiệu lực,bhyt,2026-08-04,Còn hiệu lực và không là target của quan hệ Bãi bỏ/Thay thế
155469,Nghị quyết số 06/2022/NQ-HĐND Quy định giá dịch vụ xét nghiệm SARS-CoV-2không thuộc phạm vi thanh toán của Quỹ bảo hiểm y tế trên địa bàn tỉnh Bến Tre,06/2022/NQ-HĐND,13/07/2022,Nghị quyết,23/07/2022,,,,"Y tế, Tài chính",Lĩnh vực giá,HĐND tỉnh Bến Tre,Chủ tịch,Hồ Thị Hoàng Yến,Địa phương,,Còn hiệu lực,bhyt,2026-08-04,Còn hiệu lực và không là target của quan hệ Bãi bỏ/Thay thế
179797,Văn bản hợp nhất số 04/VBHN-BYT Quy định chi tiết và hướng dẫn biện pháp thi hành một số điều của luật bảo hiểm y tế,04/VBHN-BYT,22/01/2025,Văn bản hợp nhất,,,,,Y tế,Quản lý dược,Bộ Y tế,Thứ trưởng,Trần Văn Thuấn,Trung ương,,Còn hiệu lực,bhyt,2026-08-04,Còn hiệu lực và không là target của quan hệ Bãi bỏ/Thay thế
173084,"Nghị quyết số 17/2024/NQ-HĐND Bãi bỏ Nghị quyết số 08/2024/NQ-HĐND ngày 04 tháng 7 năm 2024 của Hội đồng nhân dân tỉnh Quy định mức giá dịch vụ khám bệnh, chữa bệnh không thuộc phạm vi thanh toán của Quỹ Bảo hiểm y tế mà không phải là dịch vụ khám bệnh, chữa bệnh theo yêu cầu trong các cơ sở khám bệnh, chữa bệnh của nhà nước thuộc tỉnh Tuyên Quang quản lý",17/2024/NQ-HĐND,05/12/2024,Nghị quyết,01/01/2025,,,,Bảo Hiểm,Bảo hiểm y tế,HĐND Tỉnh Tuyên Quang,Phó Chủ tịch,Phạm Thị Minh Xuân,Địa phương,,Còn hiệu lực,"bhyt,vien_phi",2026-08-04,Còn hiệu lực và không là target của quan hệ Bãi bỏ/Thay thế
13323,Quyết định số 16/QĐ-UBND về việc hỗ trợ kinh phí cho đối tượng cận nghèo tham gia bảo hiểm y tế tự nguyện,16/QĐ-UBND,20/02/2006,Quyết định,01/01/2006,,,,,Chưa phân loại,UBND Tỉnh Bắc Ninh,Phó Chủ tịch,Trần Văn Tuý,Địa phương,,Còn hiệu lực,bhyt,2026-08-04,Còn hiệu lực và không là target của quan hệ Bãi bỏ/Thay thế
173463,"Nghị quyết số 13/2024/NQ-HĐND Về việc Bãi bỏ các Nghị quyết của Hội đồng nhân dân tỉnh quy định giá dịch vụ khám bệnh, chữa bệnh không thuộc phạm vi thanh toán của Quỹ bảo hiểm y tế trong các cơ sở khám bệnh, chữa bệnh của Nhà nước trên địa bàn tỉnh Bắc Ninh",13/2024/NQ-HĐND,11/12/2024,Nghị quyết,01/01/2025,,,,,Chưa phân loại,HĐND Tỉnh Bắc Ninh,Chủ tịch,NGUYỄN HƯƠNG GIANG,Địa phương,,Còn hiệu lực,"bhyt,vien_phi",2026-08-04,Còn hiệu lực và không là target của quan hệ Bãi bỏ/Thay thế
180170,"Nghị quyết số 08/2025/NQ-HĐND Quy định chính sách hỗ trợ thêm mức đóng bảo hiểm y tế cho một số đối tượng trên địa bàn tỉnh Nghệ An, giai đoạn 2026 – 2030",08/2025/NQ-HĐND,17/06/2025,Nghị quyết,01/01/2026,,,,,Chưa phân loại,HĐND Tỉnh Nghệ An,Chủ tịch,Hoàng Nghĩa Hiếu,Địa phương,,Còn hiệu lực,bhyt,2026-08-04,Còn hiệu lực và không là target của quan hệ Bãi bỏ/Thay thế
126957,Nghị quyết số 78/2017/NQ-HĐND Quy định mức hỗ trợ đóng bảo hiểm y tế cho người thuộc hộ gia đình nghèo đa chiều thiếu hụt dịch vụ xã hội cơ bản khác (không bị thiếu hụt bảo hiểm y tế) trên địa bàn tỉnh Điện Biên,78/2017/NQ-HĐND,09/12/2017,Nghị quyết,19/12/2017,,bản chính văn bản,,,Chưa phân loại,HĐND Tỉnh Điện Biên,Chủ tịch,Lò Văn Muôn,Địa phương,,Còn hiệu lực,bhyt,2026-08-04,Còn hiệu lực và không là target của quan hệ Bãi bỏ/Thay thế
0682b030-84d3-11f1-8e08-0594f352574d,Nghị quyết số 60/2026/NQ-HĐND Quy định mức hỗ trợ đóng bảo hiểm y tế trên địa bàn tỉnh Quảng Ngãi,60/2026/NQ-HĐND,30/05/2026,Nghị quyết,01/07/2026,,,,Y tế,Bảo hiểm y tế,HĐND Tỉnh Quảng Ngãi,Chủ tịch,Nguyễn Đức Tuy,Địa phương,,Còn hiệu lực,bhyt,2026-08-04,Còn hiệu lực và không là target của quan hệ Bãi bỏ/Thay thế
21183,"Quyết định số 119/2001/QĐ-UB Về việc thực hiện chế độ bảo hiểm xã hội, bảo hiểm y tế đối với cán bộ y tế cơ sở",119/2001/QĐ-UB,12/11/2001,Quyết định,12/11/2001,,STP tỉnh Bắc Ninh;,,,Chưa phân loại,UBND Tỉnh Bắc Ninh,Phó Chủ tịch,Nguyễn Thị Xuyên,Địa phương,,Còn hiệu lực,bhyt,2026-08-04,Còn hiệu lực và không là target của quan hệ Bãi bỏ/Thay thế
153950,Nghị quyết số 13/2022/NQ-HĐND Quy định giá dịch vụ xét nghiệm SARS-CoV-2 không thuộc phạm vi thanh toán của Quỹ bảo hiểm y tế trong các cơ sở khám chữa bệnh của Nhà nước thuộc phạm vi quản lý của tỉnh Nam Định,13/2022/NQ-HĐND,26/04/2022,Nghị quyết,06/05/2022,,,,,Chưa phân loại,HĐND tỉnh Nam Định,Chủ tịch,Lê Quốc Chỉnh,Địa phương,,Còn hiệu lực,bhyt,2026-08-04,Còn hiệu lực và không là target của quan hệ Bãi bỏ/Thay thế
178011,Nghị quyết số 09/2025/NQ-HĐND Quy định mức hỗ trợ đóng bảo hiểm y tế cho một số đối tượng trên địa bàn tỉnh An Giang,09/2025/NQ-HĐND,29/05/2025,Nghị quyết,07/06/2025,,,,,Chưa phân loại,HĐND Tỉnh An Giang,Chủ tịch,Lê Văn Nưng,Địa phương,,Còn hiệu lực,bhyt,2026-08-04,Còn hiệu lực và không là target của quan hệ Bãi bỏ/Thay thế
105057,Chỉ thị số 02/CT-UB về việc triển khai bảo hiểm y tế tự nguyện cho học sinh,02/CT-UB,28/02/1995,Chỉ thị,28/02/1995,,Từ Công báo tỉnh,,Y tế,Chưa phân loại,UBND tỉnh Bến Tre,Phó Chủ tịch,Huỳnh Văn Cam,Địa phương,,Còn hiệu lực,bhyt,2026-08-04,Còn hiệu lực và không là target của quan hệ Bãi bỏ/Thay thế
133816,"Quyết định số 36/2018/QĐ-UBND Bãi bỏ Quyết định số 479/2011/QĐ-UBND ngày 27 tháng 12 năm 2011 của UBND tỉnh ban hành Quy định đối tượng, chế độ và trình tự, thủ tục hồ sơ hưởng trợ cấp đối với Dân quân tự vệ chưa tham gia bảo hiểm y tế, bảo hiểm xã hội bắt buộc bị ốm, bị chết, bị tai nạn trong khi làm nhiệm vụ",36/2018/QĐ-UBND,24/12/2018,Quyết định,10/01/2019,,"bản chính, bản gốc văn bản",,Quốc phòng,Chưa phân loại,UBND tỉnh Bắc Giang,Phó Chủ tịch,Lại Thanh Sơn,Địa phương,,Còn hiệu lực,bhyt,2026-08-04,Còn hiệu lực và không là target của quan hệ Bãi bỏ/Thay thế
115366,"Nghị quyết số 22/2016/NQ-HĐND V/v quy định mức giá dịch vụ khám chữa bệnh, chữa bệnh đối với người không có thẻ bảo hiểm y tế tại cơ sở y tế công lập trên địa bàn tỉnh",22/2016/NQ-HĐND,21/07/2016,Nghị quyết,01/08/2016,,,,Y tế,"Bảo hiểm y tế, Lĩnh vực thực hiện chính sách bảo hiểm y tế",HĐND tỉnh Vĩnh Phúc,Chủ tịch,Trần Văn Vinh,Địa phương,,Còn hiệu lực,bhyt,2026-08-04,Còn hiệu lực và không là target của quan hệ Bãi bỏ/Thay thế
31779,"Nghị quyết số 21-NQ/TW Về tăng cường sự lãnh đạo của Đảng đối với công tác bảo hiểm xã hội, y tế giai đoạn 2012 – 2020",21-NQ/TW,22/11/2012,Nghị quyết,22/11/2012,,Dữ liệu đang cập nhật,,Y tế,"Bảo hiểm y tế, Bảo hiểm xã hội",Ban Chấp hành Trung ương,Tổng Bí thư,Nguyễn Phú Trọng,Địa phương,,Còn hiệu lực,bhyt,2026-08-04,Còn hiệu lực và không là target của quan hệ Bãi bỏ/Thay thế
184731,Nghị quyết số 23/2025/NQ-HĐND Về việc quy định mức hỗ trợ đóng bảo hiểm y tế cho các đối tượng không được hưởng mức hỗ trợ từ ngân sách nhà nước đối với Thanh niên thi hành nghĩa vụ Kinh tế - Quốc phòng của tỉnh Tây Ninh và Đoàn xây dựng kinh tế Thanh niên trên địa bàn tỉnh Tây Ninh,23/2025/NQ-HĐND,10/12/2025,Nghị quyết,01/01/2026,,Bản chính thức Nghị quyết số 23/2025/NQ-HĐND,,,,HĐND Tỉnh Tây Ninh,Chủ tịch,Nguyễn Mạnh Hùng,Địa phương,,Còn hiệu lực,bhyt,2026-08-04,Còn hiệu lực và không là target của quan hệ Bãi bỏ/Thay thế
187782,"Thông tư số 107/2025/TT-BTC Hướng dẫn kế toán quỹ bảo hiểm xã hội, quỹ bảo hiểm y tế, quỹ bảo hiểm thất nghiệp",107/2025/TT-BTC,14/11/2025,Thông tư,01/01/2026,,,,,,Bộ Tài chính,Thứ trưởng,Nguyễn Đức Tâm,Trung ương,,Còn hiệu lực,bhyt,2026-08-04,Còn hiệu lực và không là target của quan hệ Bãi bỏ/Thay thế
173101,"Nghị quyết số 22/2024/NQ-HĐND Bãi bỏ Nghị quyết số 07/2020/NQ-HĐND ngày 11 tháng 6 năm 2020 của Hội đồng nhân dân tỉnh Quy định giá dịch vụ khám bệnh, chữa bệnh không thuộc phạm vi thanh toán của Quỹ bảo hiểm y tế trong các cơ sở khám bệnh, chữa bệnh công lập trên địa bàn tỉnh",22/2024/NQ-HĐND,06/12/2024,Nghị quyết,01/01/2025,,,,Y tế,Chưa phân loại,HĐND tỉnh Bình Thuận,Chủ tịch,Nguyễn Hoài Anh,Địa phương,,Còn hiệu lực,"bhyt,vien_phi",2026-08-04,Còn hiệu lực và không là target của quan hệ Bãi bỏ/Thay thế
a58d0900-6ae3-11f1-9463-4ba9a7c0cbbb,"Nghị quyết số 17/2026/NQ-HĐND Sửa đổi, bổ sung một số điều của nghị quyết số 19/2025/NQ-HĐND ngày 09 tháng 7 năm 2025 của Hội đồng nhân dân thành phố Hà Nội quy định nội dung, mức hỗ trợ đóng bảo hiểm xã hội, bảo hiểm y tế cho các đối tượng chính sách xã hội của thành phố Hà Nội",17/2026/NQ-HĐND,02/06/2026,Nghị quyết,01/07/2026,,,,Bảo Hiểm,"Bảo hiểm xã hội, Bảo hiểm y tế",HĐND Thành phố Hà Nội,Chủ tịch,Phùng Thị Hồng Hà,Địa phương,,Còn hiệu lực,bhyt,2026-08-04,Còn hiệu lực và không là target của quan hệ Bãi bỏ/Thay thế
57819,Quyết định số 69/2002/QĐ-UB Về việc sửa đổi Quyết định số 76/2001/QĐ-UB/VX ngày 16-8-2001 của UBND tỉnh Nghệ An về việc điều chỉnh mức đóng Bảo hiểm y tế học sinh và Y tế trường học tự nguyện,69/2002/QĐ-UB,13/08/2002,Quyết định,28/08/2002,,,,Giáo dục và đào tạo,Chưa phân loại,UBND Tỉnh Nghệ An,Phó Chủ tịch,Hoàng Ky,Địa phương,,Còn hiệu lực,bhyt,2026-08-04,Còn hiệu lực và không là target của quan hệ Bãi bỏ/Thay thế
141799,Nghị quyết số 287/2020/NQ-HĐND Hỗ trợ kinh phí đóng bảo hiểm y tế cho người nhiễm HIV chưa có thẻ bảo hiểm y tế trên địa bàn tỉnh Kiên Giang,287/2020/NQ-HĐND,02/01/2020,Nghị quyết,12/01/2020,,Công báo tỉnh Kiên Giang,20/02/2020,,Chưa phân loại,HĐND tỉnh Kiên Giang,Chủ tịch,Đặng Tuyết Em,Địa phương,,Còn hiệu lực,bhyt,2026-08-04,Còn hiệu lực và không là target của quan hệ Bãi bỏ/Thay thế
141832,"Quyết định số 10/2020/QĐ-UBND Bãi bỏ Quyết định số 74/2017/QĐ-UBND ngày 01 tháng 9 năm 2017 của Ủy ban nhân dân tỉnh về việc quy định mức giá dịch vụ khám bệnh, chữa bệnh không thuộc phạm vi thanh toán của Quỹ bảo hiểm y tế tại các cơ sở y tế công lập thuộc tỉnh Thừa Thiên Huế",10/2020/QĐ-UBND,05/03/2020,Quyết định,15/03/2020,,Công báo số 25 năm 2020,15/03/2020,Y tế,Chưa phân loại,UBND tỉnh Thừa Thiên Huế,Phó Chủ tịch,Nguyễn Văn Phương,Địa phương,,Còn hiệu lực,"bhyt,vien_phi",2026-08-04,Còn hiệu lực và không là target của quan hệ Bãi bỏ/Thay thế
170853,"Nghị định số 63/2024/NĐ-CP Quy định việc thực hiện liên thông điện tử 02 nhóm thủ tục hành chính: Đăng ký khai sinh, đăng ký thường trú, cấp thẻ bảo hiểm y tế cho trẻ em dưới 6 tuổi; đăng ký khai tử, xóa đăng ký thường trú, giải quyết mai táng phí, tử tuất",63/2024/NĐ-CP,10/06/2024,Nghị định,10/06/2024,,,,,Chưa phân loại,Chính phủ,Phó Thủ tướng Chính phủ,Trần Lưu Quang,Trung ương,,Còn hiệu lực,bhyt,2026-08-04,Còn hiệu lực và không là target của quan hệ Bãi bỏ/Thay thế
177933,"Nghị quyết số 04/2025/NQ-HĐND Hỗ trợ mức đóng bảo hiểm y tế và chi phí cùng chi trả đối với thuốc kháng vi-rút HIV cho người nhiễm HIV/AIDS đang điều trị tại các cơ sở khám, chữa bệnh công lập thuộc mạng lưới phòng, chống HIV/AIDS của tỉnh Khánh Hòa",04/2025/NQ-HĐND,28/03/2025,Nghị quyết,08/04/2025,,,,,Chưa phân loại,HĐND Tỉnh Khánh Hòa,Chủ tịch,Nguyễn Khắc Toàn,Địa phương,,Còn hiệu lực,bhyt,2026-08-04,Còn hiệu lực và không là target của quan hệ Bãi bỏ/Thay thế
173832,"Nghị quyết số 27/2024/NQ-HĐND Quy định giá dịch vụ khám bệnh, chữa bệnh thuộc danh mục do quỹ bảo hiểm y tế thanh toán; giá dịch vụ khám bệnh, chữa bệnh do ngân sách nhà nước thanh toán; giá dịch vụ khám bệnh, chữa bệnh không thuộc danh mục do quỹ bảo hiểm y tế thanh toán mà không phải là dịch vụ khám bệnh, chữa bệnh theo yêu cầu đối với các cơ sở khám bệnh, chữa bệnh của Nhà nước trên địa bàn tỉnh Bến Tre",27/2024/NQ-HĐND,06/12/2024,Nghị quyết,16/12/2024,,,,Y tế,Khám chữa bệnh,HĐND tỉnh Bến Tre,Chủ tịch,Hồ Thị Hoàng Yến,Địa phương,,Còn hiệu lực,"bhyt,vien_phi",2026-08-04,Còn hiệu lực và không là target của quan hệ Bãi bỏ/Thay thế
179736,"Thông tư số 27/2025/TT-BYT quy định nguyên tắc, tiêu chí xây dựng, cập nhật, ghi thông tin, cấu trúc danh mục và hướng dẫn thanh toán đối với thuốc dược liệu, thuốc có kết hợp dược chất với các dược liệu, thuốc cổ truyền, dược liệu thuộc phạm vi được hưởng của người tham gia bảo hiểm y tế do Bộ trưởng Bộ Y tế ban hành",27/2025/TT-BYT,01/07/2025,Thông tư,01/09/2025,,,,Y tế,Bảo hiểm y tế,Bộ Y tế,Thứ trưởng,Trần Văn Thuấn,Trung ương,,Còn hiệu lực,bhyt,2026-08-04,Còn hiệu lực và không là target của quan hệ Bãi bỏ/Thay thế
175644,"Nghị quyết số 01/2025/NQ-HĐND bãi bỏ Nghị quyết số 01/2024/NQ-HĐND ngày 31 tháng 01 năm 2024 của HĐND tỉnh Ninh Bình quy định mức giá dịch vụ khám bệnh, chữa bệnh không thuộc phạm vi thanh toán của quỹ Bảo hiểm y tế trong các cơ sở khám bệnh, chữa bệnh của Nhà nước trên địa bàn tỉnh Ninh Bình",01/2025/NQ-HĐND,21/01/2025,Nghị quyết,21/01/2025,,,,,Chưa phân loại,HĐND Tỉnh Ninh Bình,Chủ tịch,Mai Văn Tuất,Địa phương,,Còn hiệu lực,"bhyt,vien_phi",2026-08-04,Còn hiệu lực và không là target của quan hệ Bãi bỏ/Thay thế
61668,Quyết định số 287/2014/QĐ-UBND Về việc hỗ trợ kinh phí cho đối tượng cận nghèo mua bảo hiểm y tế,287/2014/QĐ-UBND,26/06/2014,Quyết định,06/07/2014,,"Công báo số 35, năm 2014",,Lao động - Thương binh và Xã hội,Bảo trợ xã hội,UBND Tỉnh Bắc Ninh,Phó Chủ tịch,Nguyễn Tử Quỳnh,Địa phương,,Còn hiệu lực,bhyt,2026-08-04,Còn hiệu lực và không là target của quan hệ Bãi bỏ/Thay thế
135466,"Thông tư số 27/2018/TT-BYT Hướng dẫn thực hiện bảo hiểm y tế và khám bệnh, chữa bệnh liên quan đến HIV/AIDS",27/2018/TT-BYT,26/10/2018,Thông tư,01/01/2019,,,,Y tế,Bảo hiểm y tế,Bộ Y tế,Thứ trưởng,Phạm Lê Tuấn,Trung ương,,Còn hiệu lực,bhyt,2026-08-04,Còn hiệu lực và không là target của quan hệ Bãi bỏ/Thay thế
5008,Quyết định số 2112/1997/QĐ-UB Về việc điều chỉnh mức thu phí bảo hiểm y tế các đối tượng tham gia tự nguyện,2112/1997/QĐ-UB,17/05/1997,Quyết định,17/05/1997,,STP tỉnh Nghệ An;,,Y tế,Bảo hiểm y tế,UBND Tỉnh Nghệ An,Phó Chủ tịch,Nguyễn Thị Han,Địa phương,,Còn hiệu lực,bhyt,2026-08-04,Còn hiệu lực và không là target của quan hệ Bãi bỏ/Thay thế
179920,"Nghị quyết số 19/2025/NQ-HĐND Quy định nội dung, mức hỗ trợ đóng bảo hiểm xã hội tự nguyện, bảo hiểm y tế cho các đối tượng chính sách xã hội của thành phố Hà Nội (Thực hiện điểm a, điểm b khoản 3, khoản 4 Điều 27 Luật Thủ đô)",19/2025/NQ-HĐND,09/07/2025,Nghị quyết,01/01/2026,,,01/07/2026,,Chưa phân loại,HĐND Thành phố Hà Nội,Chủ tịch,Nguyễn Ngọc Tuấn,Địa phương,,Còn hiệu lực,bhyt,2026-08-04,Còn hiệu lực và không là target của quan hệ Bãi bỏ/Thay thế
155764,Nghị quyết số 07/2022/NQ-HĐND Về việc quy định mức hỗ trợ kinh phí mua thẻ bảo hiểm y tế cho người thuộc hộ cận nghèo trên địa bàn tỉnh Khánh Hòa giai đoạn 2022-2025,07/2022/NQ-HĐND,19/07/2022,Nghị quyết,01/08/2022,,,,,Chưa phân loại,HĐND Tỉnh Khánh Hòa,Phó Chủ tịch,Trần Mạnh Dũng,Địa phương,,Còn hiệu lực,bhyt,2026-08-04,Còn hiệu lực và không là target của quan hệ Bãi bỏ/Thay thế
26100,"Quyết định số 02/2011/QĐ-TTg Sửa đổi khoản 1 điều 4 Quyết định số 87/2010/QĐ-TTg ngày 24 tháng 12 năm 2010 của Thủ tướng Chính phủ về việc cho doanh nghiệp, người lao động thuộc Tập đoàn Công nghiệp tàu thủy Việt Nam và Tổng công ty Hàng hải Việt Nam vay để chi trả nợ tiền lương, nợ bảo hiểm xã hội, bảo hiểm y tế, bảo hiểm thất nghiệp, trợ cấp thôi việc, trợ cấp mất việc làm, tạo việc làm, học nghề",02/2011/QĐ-TTg,08/01/2011,Quyết định,08/01/2011,,"Công báo số 65+66, năm 2011",22/01/2011,,Chưa phân loại,Thủ tướng Chính phủ,Thủ tướng,Nguyễn Tấn Dũng,Trung ương,,Còn hiệu lực,bhyt,2026-08-04,Còn hiệu lực và không là target của quan hệ Bãi bỏ/Thay thế
185662,Nghị quyết số 43/2025/NQ-HĐND Quy định mức hỗ trợ đóng bảo hiểm y tế cho một số đối tượng trên địa bàn tỉnh Tuyên Quang,43/2025/NQ-HĐND,29/12/2025,Nghị quyết,01/01/2026,,Bản chính,,,,HĐND Tỉnh Tuyên Quang,Phó Chủ tịch,Lê Thị Thanh Trà,Địa phương,,Còn hiệu lực,bhyt,2026-08-04,Còn hiệu lực và không là target của quan hệ Bãi bỏ/Thay thế
144093,"Quyết định số 36/2020/QĐ-UBND Về việc bãi bỏ Quyết định số 24/2017/QĐ-UBND ngày 21/8/2017 của Ủy ban nhân dân tỉnh về việc Quy định mức giá dịch vụ khám bệnh, chữa bệnh không thuộc phạm vi thanh toán của Quỹ bảo hiểm y tế trong các cơ sở khám bệnh, chữa bệnh của Nhà nước trên địa bàn tỉnh Lạng Sơn",36/2020/QĐ-UBND,23/09/2020,Quyết định,10/10/2020,,Bản chính văn bản,,Y tế,"Quản lý Khám, chữa bệnh",UBND Tỉnh Lạng Sơn,Chủ tịch,Hồ Tiến Thiệu,Địa phương,,Còn hiệu lực,"bhyt,vien_phi",2026-08-04,Còn hiệu lực và không là target của quan hệ Bãi bỏ/Thay thế
dbc1a020-80e2-11f1-b5dd-c1a50ca8fa9c,"Thông tư Quy định thực hiện chương trình hỗ trợ thuốc miễn phí cho cơ sở khám bệnh, chữa bệnh để điều trị cho người bệnh",16/2026/TT-BYT,25/05/2026,Thông tư,10/07/2026,,,,Y tế,"Bảo hiểm y tế, Dược",Bộ Y tế,Thứ trưởng thường trực,Vũ Mạnh Hà,Trung ương,,Còn hiệu lực,bhyt,2026-08-04,Còn hiệu lực và không là target của quan hệ Bãi bỏ/Thay thế
47690,Thông tư liên tịch số 21/2005/TTLT-BYT-BTC Thông tư hướng dẫn thực hiện bảo hiểm y tế bắt buộc,21/2005/TTLT-BYT-BTC,27/07/2005,Thông tư liên tịch,21/08/2005,,,,Chưa phân loại,Tài chính khác,"Bộ Tài chính, Bộ Y tế",,"Huỳnh Thị Nhân, Nguyễn Thị Xuyên",Trung ương,,Còn hiệu lực,bhyt,2026-08-04,Còn hiệu lực và không là target của quan hệ Bãi bỏ/Thay thế
167742,"Nghị quyết số số 11/2024/NQ-HĐND Quy định mức giá dịch vụ khám bệnh, chữa bệnh không thuộc phạm vi thanh toán của Quỹ bảo hiểm y tế nhưng không phải là dịch vụ khám bệnh, chữa bệnh theo yêu cầu trong các cơ sở khám bệnh, chữa bệnh của Nhà nước thuộc tỉnh Quảng Nam",số 11/2024/NQ-HĐND,23/04/2024,Nghị quyết,03/05/2024,,,,,Chưa phân loại,HĐND tỉnh Quảng Nam,Phó Chủ tịch,Trần Xuân Vinh,Địa phương,,Còn hiệu lực,"bhyt,vien_phi",2026-08-04,Còn hiệu lực và không là target của quan hệ Bãi bỏ/Thay thế
165362,"Nghị quyết số 336/2022/NQ-HĐND Quy định mức hỗ trợ từ ngân sách nhà nước đóng bảo hiểm y tế cho người thuộc hộ gia đình nông nghiệp, ngư nghiệp có mức sống trung bình trên địa bàn tỉnh Hưng Yên giai đoạn 2023-2025",336/2022/NQ-HĐND,09/12/2022,Nghị quyết,20/12/2022,,Bản PDF,,Bảo Hiểm,Bảo hiểm y tế,HĐND Tỉnh Hưng Yên,Chủ tịch,Trần Quốc Toản,Địa phương,,Còn hiệu lực,bhyt,2026-08-04,Còn hiệu lực và không là target của quan hệ Bãi bỏ/Thay thế
150222,"Quyết định số 29/2021/QĐ-UBND Bãi bỏ Quyết định số 1202/2008/QĐ-UBND ngày 14 tháng 7 năm 2008 của Ủy ban nhân dân tỉnh Cao Bằng ban hành Quy định về chế độ tiền công, chế độ bảo hiểm xã hội, bảo hiểm y tế, chế độ bồi thường tai nạn lao động, chế độ tiền thưởng đối với huấn luyện viên, vận động viên thể thao của tỉnh Cao Bằng",29/2021/QĐ-UBND,15/10/2021,Quyết định,25/10/2021,,,,Văn hóa Thể thao và Du lịch,"Thể dục, thể thao",UBND Tỉnh Cao Bằng,Chủ tịch,Hoàng Xuân Ánh,Địa phương,,Còn hiệu lực,bhyt,2026-08-04,Còn hiệu lực và không là target của quan hệ Bãi bỏ/Thay thế
4581,Quyết định số 746/QĐ-UB/TC Về việc Thành lập Bảo hiểm Y tế Lâm Đồng,746/QĐ-UB/TC,03/11/1992,Quyết định,03/11/1992,,STP tỉnh Lâm Đồng;,,,Chưa phân loại,UBND Tỉnh Lâm Đồng,Phó Chủ tịch,Nguyễn Xuân Ái,Địa phương,,Còn hiệu lực,bhyt,2026-08-04,Còn hiệu lực và không là target của quan hệ Bãi bỏ/Thay thế
100276,"Quyết định số 31/2015/QĐ-UBND Về việc bổ sung Điều 6 Quyết định số 25/2015/QĐ-UBND ngày 12 tháng 5 năm 2015 của Ủy ban nhân dân tỉnh quy định đăng ký khám bệnh, chữa bệnh ban đầu và chuyển tuyến khám bệnh, chữa bệnh bảo hiểm y tế trên địa bàn tỉnh Ninh Thuận",31/2015/QĐ-UBND,15/06/2015,Quyết định,25/06/2015,,,,Y tế,"Lao động, tiền lương, tiền công",UBND tỉnh Ninh Thuận,Phó Chủ tịch,Lê Văn Bình,Địa phương,,Còn hiệu lực,bhyt,2026-08-04,Còn hiệu lực và không là target của quan hệ Bãi bỏ/Thay thế
179711,Nghị định số 188/2025/NĐ-CP hướng dẫn Luật Bảo hiểm y tế,188/2025/NĐ-CP,01/07/2025,Nghị định,15/08/2025,,,,Y tế,Chưa phân loại,Chính phủ,Phó Thủ tướng Chính phủ,Lê Thành Long,Trung ương,,Còn hiệu lực,bhyt,2026-08-04,Còn hiệu lực và không là target của quan hệ Bãi bỏ/Thay thế
185767,"Nghị quyết số 53/2025/NQ-HĐND Quy định chính sách hỗ trợ mức đóng bảo hiểm xã hội cho người tham gia bảo hiểm xã hội tự nguyện, bảo hiểm y tế trên địa bàn thành phố Huế giai đoạn 2026 - 2030",53/2025/NQ-HĐND,25/12/2025,Nghị quyết,01/01/2026,,,,Lao động - Thương binh và Xã hội,"Lao động, tiền lương, tiền công",HĐND Thành phố Huế,Chủ tịch,Lê Trường Lưu,Địa phương,,Còn hiệu lực,bhyt,2026-08-04,Còn hiệu lực và không là target của quan hệ Bãi bỏ/Thay thế
149120,"Quyết định số 27/2021/QĐ-UBND Bãi bỏ Quyết định số 46/2014/QĐ-UBND ngày 26 tháng 11 năm 2014 của Ủy ban nhân dân tỉnh về việc ban hành Quy chế thực hiện liên thông nhóm thủ tục hành chính thuộc lĩnh vực hộ tịch, bảo hiểm y tế và đăng ký, quản lý cư trú cho trẻ em dưới 6 tuổi của tỉnh Phú Yên",27/2021/QĐ-UBND,11/08/2021,Quyết định,25/08/2021,,,,Tư pháp,Chưa phân loại,UBND tỉnh Phú Yên,Phó Chủ tịch,Hồ Thị Nguyên Thảo,Địa phương,,Còn hiệu lực,bhyt,2026-08-04,Còn hiệu lực và không là target của quan hệ Bãi bỏ/Thay thế
161822,"Quyết định số 38/2023/QĐ-UBND Sửa đổi, bổ sung một số điều của Quyết định số 36/2018/QĐ-UBND ngày 13/6/2018 của Ủy ban nhân dân tỉnh Thừa Thiên Huế quy định mức hỗ trợ kinh phí đóng bảo hiểm y tế và chi phí cùng chi trả đối với thuốc kháng vi rút HIV (ARV) cho người nhiễm HIV/AIDS trên địa bàn tỉnh Thừa Thiên Huế",38/2023/QĐ-UBND,28/07/2023,Quyết định,07/08/2023,,Công báo số 46 năm 2023,04/08/2023,Y tế,Chưa phân loại,UBND tỉnh Thừa Thiên Huế,Phó Chủ tịch,Nguyễn Thanh Bình,Địa phương,,Còn hiệu lực,bhyt,2026-08-04,Còn hiệu lực và không là target của quan hệ Bãi bỏ/Thay thế
5064,Chỉ thị số 30/1998/CT-UB Về việc đẩy mạnh các hoạt động y tế học đường và bảo hiểm y tế học sinh trong các trường học.,30/1998/CT-UB,21/08/1998,Chỉ thị,21/08/1998,,STP tỉnh Nghệ An;,,Bảo Hiểm,Chưa phân loại,UBND Tỉnh Nghệ An,Phó Chủ tịch,Nguyễn Thị Han,Địa phương,,Còn hiệu lực,bhyt,2026-08-04,Còn hiệu lực và không là target của quan hệ Bãi bỏ/Thay thế
156310,"Nghị quyết số 11/2022/NQ-HĐND Quy định giá dịch vụ xét nghiệm SARS-CoV-2 không thuộc phạm vi thanh toán của Quỹ bảo hiểm y tế trong các cơ sở khám bệnh, chữa bệnh của Nhà nước trên địa bàn tỉnh Trà Vinh",11/2022/NQ-HĐND,07/07/2022,Nghị quyết,17/07/2022,,,,,Chưa phân loại,HĐND tỉnh Trà Vinh,Chủ tịch,Kim Ngọc Thái,Địa phương,,Còn hiệu lực,bhyt,2026-08-04,Còn hiệu lực và không là target của quan hệ Bãi bỏ/Thay thế
156969,Nghị quyết số 61/2022/NQ-HĐND Về việc Quy định hỗ trợ kinh phí đóng Bảo hiểm y tế đối với một số nhóm đối tượng có đăng ký thường trú trên địa bàn tỉnh Ninh Bình,61/2022/NQ-HĐND,27/10/2022,Nghị quyết,08/11/2022,,,,,Chưa phân loại,HĐND Tỉnh Ninh Bình,Phó Chủ tịch,Bùi Hoàng Hà,Địa phương,,Còn hiệu lực,bhyt,2026-08-04,Còn hiệu lực và không là target của quan hệ Bãi bỏ/Thay thế
89902,"Quyết định 5063/QĐ-UBND về Kế hoạch thực hiện Bảo hiểm y tế toàn dân trên địa bàn Thành phố Hồ Chí Minh, giai đoạn 2012 - 2015 và giai đoạn 2016 - 2020",5063/QĐ-UBND,02/10/2012,Quyết định,02/10/2012,,Số 51,15/10/2012,,Chưa phân loại,UBND Thành phố Hồ Chí Minh,Phó Chủ tịch,Hứa Ngọc Thuận,Địa phương,,Còn hiệu lực,bhyt,2026-08-04,Còn hiệu lực và không là target của quan hệ Bãi bỏ/Thay thế
184454,"Nghị quyết số 56/2025/NQ-HĐND Quy định mức hỗ trợ đóng bảo hiểm y tế cho người cao tuổi, học sinh trên địa bàn Thành phố Hồ Chí Minh",56/2025/NQ-HĐND,14/11/2025,Nghị quyết,14/11/2025,,Bản sao y bản chính,,Bảo Hiểm,Chưa phân loại,HĐND Thành phố Hồ Chí Minh,Chủ tịch,Võ Văn Minh,Địa phương,,Còn hiệu lực,bhyt,2026-08-04,Còn hiệu lực và không là target của quan hệ Bãi bỏ/Thay thế
171885,"Thông tư 39/2024/TT-BYT sửa đổi Thông tư 35/2016/TT-BYT về Danh mục và tỷ lệ, điều kiện thanh toán đối với dịch vụ kỹ thuật y tế thuộc phạm vi được hưởng của người tham gia bảo hiểm y tế do Bộ trưởng Bộ Y tế ban hành",39/2024/TT-BYT,17/11/2024,Thông tư,01/01/2025,,,,Y tế,Bảo hiểm y tế,Bộ Y tế,Thứ trưởng,Trần Văn Thuấn,Trung ương,,Còn hiệu lực,bhyt,2026-08-04,Còn hiệu lực và không là target của quan hệ Bãi bỏ/Thay thế
23046,Chỉ thị số 14/2001/CT-UB/VX Về việc tiếp tục triển khai Bảo hiểm toàn diện học sinh và Bảo hiểm y tế học sinh,14/2001/CT-UB/VX,07/06/2001,Chỉ thị,07/06/2001,,STP tỉnh Hà Tĩnh;,,,Chưa phân loại,UBND Tỉnh Hà Tĩnh,Phó Chủ tịch,Trần Quyết Thắng,Địa phương,,Còn hiệu lực,bhyt,2026-08-04,Còn hiệu lực và không là target của quan hệ Bãi bỏ/Thay thế
184708,"Nghị quyết số 57/2025/NQ-HĐND Quy định chính sách hỗ trợ mức đóng bảo hiểm y tế cho các nhóm đối tượng xã hội đang thường trú trên địa bàn thành phố Hải Phòng, giai đoạn 2026 - 2030",57/2025/NQ-HĐND,11/12/2025,Nghị quyết,01/01/2026,31/12/2030,,,,,HĐND Thành phố Hải Phòng,Chủ tịch,Lê Văn Hiệu,Địa phương,,Còn hiệu lực,bhyt,2026-08-04,Còn hiệu lực và không là target của quan hệ Bãi bỏ/Thay thế
155298,"Nghị quyết số 65/2022/NQ-HĐND Quy định mức giá dịch vụ xét nghiệm SARS-CoV-2 không thuộc phạm vi thanh toán của Quỹ bảo hiểm y tế (chưa bao gồm chi phí sinh phẩm xét nghiệm SARS-CoV-2) tại cơ sở khám bệnh, chữa bệnh của Nhà nước trên địa bàn tỉnh Hà Tĩnh",65/2022/NQ-HĐND,29/04/2022,Nghị quyết,09/05/2022,,,,Y tế,Bảo hiểm y tế,HĐND Tỉnh Hà Tĩnh,Chủ tịch,Hoàng Trung Dũng,Địa phương,,Còn hiệu lực,bhyt,2026-08-04,Còn hiệu lực và không là target của quan hệ Bãi bỏ/Thay thế
185204,"Nghị quyết số 91/2025/NQ-HĐND Quy định chính sách hỗ trợ đóng bảo hiểm y tế cho một số nhóm đối tượng trên địa bàn tỉnh Quảng Ninh, giai đoạn 2026-2030",91/2025/NQ-HĐND,16/12/2025,Nghị quyết,01/01/2026,31/12/2030,,,Lao động - Thương binh và Xã hội,"Lao động, tiền lương, tiền công",HĐND Tỉnh Quảng Ninh,Chủ tịch,Trịnh Thị Minh Thanh,Địa phương,,Còn hiệu lực,bhyt,2026-08-04,Còn hiệu lực và không là target của quan hệ Bãi bỏ/Thay thế
106352,"Chỉ thị số 13/CT-UBND Về việc đẩy mạnh công tác bảo hiểm y tế học sinh, sinh viên",13/CT-UBND,19/07/2010,Chỉ thị,29/07/2010,,,,,Chưa phân loại,UBND Tỉnh Thanh Hóa,Phó Chủ tịch,Vương Văn Việt,Địa phương,,Còn hiệu lực,bhyt,2026-08-04,Còn hiệu lực và không là target của quan hệ Bãi bỏ/Thay thế
40272,Quyết định số 2559/QĐ-BHXH Ban hành quy định về tổ chức thực hiện chế độ khám chữa bệnh bảo hiểm y tế,2559/QĐ-BHXH,27/09/2005,Quyết định,27/09/2005,,,,Bảo Hiểm,Chưa phân loại,Bảo hiểm Xã hội Việt Nam,Tổng Giám đốc,Nguyễn Huy Ban,Địa phương,,Còn hiệu lực,bhyt,2026-08-04,Còn hiệu lực và không là target của quan hệ Bãi bỏ/Thay thế
174525,"Nghị quyết số 47/2024/NQ-HĐND Bãi bỏ Nghị quyết số 26/2024/NQ-HĐND ngày 23 tháng 7 năm 2024 của Hội đồng nhân dân tỉnh Quy định mức giá dịch vụ khám bệnh, chữa bệnh không thuộc phạm vi thanh toán của Quỹ bảo hiểm y tế mà không phải là dịch vụ khám bệnh, chữa bệnh theo yêu cầu trong các cơ sở khám bệnh, chữa bệnh của Nhà nước thuộc tỉnh Quảng Ngãi quản lý",47/2024/NQ-HĐND,27/12/2024,Nghị quyết,01/01/2025,,văn bản gốc,,,Chưa phân loại,HĐND Tỉnh Quảng Ngãi,Chủ tịch,Bùi Thị Quỳnh Vân,Địa phương,,Còn hiệu lực,"bhyt,vien_phi",2026-08-04,Còn hiệu lực và không là target của quan hệ Bãi bỏ/Thay thế
115952,"Quyết định số 57/2016/QĐ-UBND Về việc bãi bỏ Quyết định số 50/2015/QĐ-UBND ngày 12 tháng 8 năm 2015 của Ủy ban nhân dân tỉnh ban hành Quy định giải quyết thủ tục hành chính theo cơ chế một cửa thuộc lĩnh vực hộ tịch; một cửa liên thông thuộc lĩnh vực hộ tịch, cấp thẻ bảo hiểm y tế và đăng ký, quản lý cư trú tại Ủy ban nhân dân xã, phường, thị trấn trên địa bàn tỉnh Ninh Thuận",57/2016/QĐ-UBND,15/09/2016,Quyết định,25/09/2016,,Bản chính,,"Công an, Y tế, Tư pháp",Chưa phân loại,UBND tỉnh Ninh Thuận,Chủ tịch,Lưu Xuân Vĩnh,Địa phương,,Còn hiệu lực,bhyt,2026-08-04,Còn hiệu lực và không là target của quan hệ Bãi bỏ/Thay thế
34367,Quyết định số 1231/QĐ-TCCQ Về việc thành lập Hội đồng quản trị Bảo hiểm y tế thành phố Hải Phòng,1231/QĐ-TCCQ,03/11/1992,Quyết định,03/11/1992,,,,Lao động - Thương binh và Xã hội,Chưa phân loại,UBND Thành phố Hải Phòng,Chủ tịch,Đào An,Địa phương,,Còn hiệu lực,bhyt,2026-08-04,Còn hiệu lực và không là target của quan hệ Bãi bỏ/Thay thế
38018,Nghị định số 105/2014/NĐ-CP Quy định chi tiết và hướng dẫn thi hành một số điều của Luật Bảo hiểm y tế,105/2014/NĐ-CP,15/11/2014,Nghị định,01/01/2015,,,,Y tế,Bảo hiểm y tế,Chính phủ,Thủ tướng,Nguyễn Tấn Dũng,Trung ương,,Còn hiệu lực,bhyt,2026-08-04,Còn hiệu lực và không là target của quan hệ Bãi bỏ/Thay thế
155057,"Quyết định số 10/2022/QĐ-UBND Về sửa đổi, bổ sung Quyết định 56/2019/QĐ-UBND ngày 31 tháng 12 năm 2019 của Ủy ban nhân dân tỉnh Hà Nam về quy định mức giá dịch vụ khám bệnh, chữa bệnh không thuộc phạm vi thanh toán của Quỹ bảo hiểm y tế trong các cơ sở khám bệnh, chữa bệnh của Nhà nước thuộc địa phương quản lý trên địa bàn tỉnh Hà Nam",10/2022/QĐ-UBND,25/05/2022,Quyết định,10/06/2022,,,,Lao động - Thương binh và Xã hội,Chưa phân loại,UBND tỉnh Hà Nam,Phó Chủ tịch,Trần Xuân Dưỡng,Địa phương,,Còn hiệu lực,"bhyt,vien_phi",2026-08-04,Còn hiệu lực và không là target của quan hệ Bãi bỏ/Thay thế
93166,"Quyết định số 60/2009/QĐ-UBND Ban hành Quy chế phối hợp trong thực hiện chính sách, pháp luật về bảo hiểm xã hội và bảo hiểm y tế trên địa bàn tỉnh Long An",60/2009/QĐ-UBND,26/10/2009,Quyết định,05/11/2009,,Công báo tỉnh Long An,20/11/2009,Bảo Hiểm,Chưa phân loại,UBND tỉnh Long An,Chủ tịch,Dương Quốc Xuân,Địa phương,,Còn hiệu lực,bhyt,2026-08-04,Còn hiệu lực và không là target của quan hệ Bãi bỏ/Thay thế
54852,"Quyết định số 03/2015/QĐ-UBND Về việc thực hiện hỗ trợ đóng bảo hiểm xã hội tự nguyện, bảo hiểm y tế cho Công an viên thường trực cấp xã trên địa bàn tỉnh Quảng Nam",03/2015/QĐ-UBND,26/01/2015,Quyết định,05/02/2015,,,,,Chưa phân loại,UBND tỉnh Quảng Nam,Chủ tịch,Lê Phước Thanh,Địa phương,,Còn hiệu lực,bhyt,2026-08-04,Còn hiệu lực và không là target của quan hệ Bãi bỏ/Thay thế
176101,"Nghị quyết số 28/2024/NQ-HĐND Quy định giá cụ thể dịch vụ khám bệnh, chữa bệnh thuộc danh mục do quỹ bảo hiểm y tế thanh toán, giá cụ thể dịch vụ khám bệnh, chữa bệnh do ngân sách nhà nước thanh toán, giá cụ thể dịch vụ khám bệnh, chữa bệnh không thuộc danh mục do quỹ bảo hiểm y tế thanh toán mà không phải là dịch vụ khám bệnh, chữa bệnh theo yêu cầu đối với các cơ sở khám bệnh, chữa bệnh của Nhà nước trên địa bàn tỉnh Hà Nam quản lý thuộc phạm vi được phân quyền",28/2024/NQ-HĐND,06/12/2024,Nghị quyết,01/01/2025,,,,,Chưa phân loại,HĐND tỉnh Hà Nam,Phó Chủ tịch,Đặng Thanh Sơn,Địa phương,,Còn hiệu lực,bhyt,2026-08-04,Còn hiệu lực và không là target của quan hệ Bãi bỏ/Thay thế
138637,Nghị quyết số 15/2019/NQ-HĐND Về việc quy định mức giá dịch vụ khám chữa bệnh không thuộc phạm vi thanh toán của Quỹ Bảo hiểm y tế trên địa bàn tỉnh Bến Tre,15/2019/NQ-HĐND,03/07/2019,Nghị quyết,13/07/2019,,,22/07/2019,Y tế,Khám chữa bệnh,HĐND tỉnh Bến Tre,Chủ tịch,Phan Văn Mãi,Địa phương,,Còn hiệu lực,bhyt,2026-08-04,Còn hiệu lực và không là target của quan hệ Bãi bỏ/Thay thế
123510,Nghị quyết số 68/2017/NQ-HĐND Quy định mức hỗ trợ kinh phí đóng bảo hiểm y tế và chi phí cùng chi trả sử dụng thuốc kháng vi rút HIV đối với người nhiễm HIV/AIDS trên địa bàn tỉnh Điện Biên,68/2017/NQ-HĐND,13/07/2017,Nghị quyết,23/07/2017,,Bản chính văn bản,,Y tế,Kế hoạch tài chính,HĐND Tỉnh Điện Biên,Chủ tịch,Lò Văn Muôn,Địa phương,,Còn hiệu lực,bhyt,2026-08-04,Còn hiệu lực và không là target của quan hệ Bãi bỏ/Thay thế
152409,Nghị quyết số 15/2021/NQ-HĐND Về việc hỗ trợ kinh phí đóng bảo hiểm y tế đối với trẻ em có hoàn cảnh khó khăn đang được nuôi dưỡng tại các cơ sở bảo trợ xã hội ngoài công lập trên địa bàn tỉnh Kiên Giang,15/2021/NQ-HĐND,13/12/2021,Nghị quyết,23/12/2021,,Công báo tỉnh Kiên Giang,,,Chưa phân loại,HĐND tỉnh Kiên Giang,Chủ tịch,Mai Văn Huỳnh,Địa phương,,Còn hiệu lực,bhyt,2026-08-04,Còn hiệu lực và không là target của quan hệ Bãi bỏ/Thay thế
4683,"Quyết định số 826/1998/QĐ-UB Về việc thực hiện bảo hiểm y tế tự nguyện cho học sinh, sinh viên trên địa bàn tỉnh",826/1998/QĐ-UB,27/08/1998,Quyết định,27/08/1998,,STP tỉnh Bắc Ninh;,,,Chưa phân loại,UBND Tỉnh Bắc Ninh,Phó Chủ tịch,Trần Văn Thụ,Địa phương,,Còn hiệu lực,bhyt,2026-08-04,Còn hiệu lực và không là target của quan hệ Bãi bỏ/Thay thế
132858,"Quyết định số 51/2018/QĐ-TTg Về chi phí quản lý bảo hiểm xã hội, bảo hiểm thất nghiệp, bảo hiểm y tế giai đoạn 2019 - 2021",51/2018/QĐ-TTg,25/12/2018,Quyết định,10/02/2019,,,,,Chưa phân loại,Thủ tướng Chính phủ,Thủ tướng,Nguyễn Xuân Phúc,Trung ương,,Còn hiệu lực,bhyt,2026-08-04,Còn hiệu lực và không là target của quan hệ Bãi bỏ/Thay thế
173389,Nghị quyết số 42/2024/NQ-HĐND Về hỗ trợ chi phí mua thẻ bảo hiểm y tế cho người nhiễm HIV/AIDS và hỗ trợ chi phí cùng chi trả thuốc kháng vi rút HIV cho người nhiễm HIV/AIDS có thẻ bảo hiểm y tế trên địa bàn Thành phố Hồ Chí Minh,42/2024/NQ-HĐND,11/12/2024,Nghị quyết,21/12/2024,,Sao y bản chính,,,Chưa phân loại,HĐND Thành phố Hồ Chí Minh,Chủ tịch,Nguyễn Thị Lệ,Địa phương,,Còn hiệu lực,bhyt,2026-08-04,Còn hiệu lực và không là target của quan hệ Bãi bỏ/Thay thế
153741,"Nghị quyết số 88/2022/NQ-HĐND về ban hành giá dịch vụ xét nghiệm SARC-CoV-2 không thuộc phạm vi thanh toán của quỹ bảo hiểm y tế trong các cơ sở khám bệnh, chữa bệnh của Nhà nước do tỉnh Quảng Ninh quản lý",88/2022/NQ-HĐND,31/03/2022,Nghị quyết,31/03/2022,,,,,Chưa phân loại,HĐND Tỉnh Quảng Ninh,Chủ tịch,Nguyễn Xuân Ký,Địa phương,,Còn hiệu lực,bhyt,2026-08-04,Còn hiệu lực và không là target của quan hệ Bãi bỏ/Thay thế
185038,Nghị quyết số 15/2025/NQ-HĐND Quy định mức hỗ trợ đóng bảo hiểm y tế cho một số đối tượng trên địa bàn tỉnh Cà Mau,15/2025/NQ-HĐND,09/12/2025,Nghị quyết,01/01/2026,,PDF,,Lao động - Thương binh và Xã hội,"Lao động, tiền lương, tiền công",HĐND Tỉnh Cà Mau,Chủ tịch,Phạm Văn Thiều,Địa phương,,Còn hiệu lực,bhyt,2026-08-04,Còn hiệu lực và không là target của quan hệ Bãi bỏ/Thay thế
127815,Nghị quyết số 65/2017/NQ-HĐND Quy định mức hỗ trợ đóng bảo hiểm y tế cho một số đối tượng tham gia bảo hiểm y tế do ngân sách địa phương bảo đảm trên địa bàn tỉnh Lâm Đồng,65/2017/NQ-HĐND,08/12/2017,Nghị quyết,18/12/2017,,Hệ thống văn bản pháp luật tỉnh Lâm Đồng,12/12/2017,Tài chính,Ngân sách nhà nước,HĐND Tỉnh Lâm Đồng,Chủ tịch,Trần Đức Quận,Địa phương,,Còn hiệu lực,bhyt,2026-08-04,Còn hiệu lực và không là target của quan hệ Bãi bỏ/Thay thế
187533,Nghị quyết số 09/2026/NQ-HĐND Quy định mức hỗ trợ đóng bảo hiểm y tế cho một số đối tượng trên địa bàn tỉnh Điện Biên,09/2026/NQ-HĐND,13/03/2026,Nghị quyết,23/03/2026,,Bản chính văn bản,,Y tế,An toàn thực phẩm,HĐND Tỉnh Điện Biên,Chủ tịch,Lê Thành Đô,Địa phương,,Còn hiệu lực,bhyt,2026-08-04,Còn hiệu lực và không là target của quan hệ Bãi bỏ/Thay thế
154152,Nghị quyết số 04/2022/NQ-HĐND Quy định giá dịch vụ xét nghiệm SARS-CoV-2 không thuộc phạm vi thanh toán của Quỹ Bảo hiểm y tế áp dụng cho các cơ sở y tế công lập thuộc tỉnh Phú Thọ quản lý,04/2022/NQ-HĐND,30/05/2022,Nghị quyết,10/06/2022,,Hệ điều hành văn bản của tỉnh,,Y tế,Chưa phân loại,HĐND Tỉnh Phú Thọ,Chủ tịch,Bùi Minh Châu,Địa phương,,Còn hiệu lực,bhyt,2026-08-04,Còn hiệu lực và không là target của quan hệ Bãi bỏ/Thay thế
179244,"Thông tư số 15/2025/TT-BYT quy định về phân cấp, phân định thẩm quyền của chính quyền địa phương 02 cấp trong lĩnh vực y, dược cổ truyền do Bộ trưởng Bộ Y tế ban hành",15/2025/TT-BYT,14/06/2025,Thông tư,01/07/2025,28/02/2027,,,Y tế,Lĩnh vực thực hiện chính sách bảo hiểm y tế,Bộ Y tế,Thứ trưởng,Đỗ Xuân Tuyên,Trung ương,,Còn hiệu lực,bhyt,2026-08-04,Còn hiệu lực và không là target của quan hệ Bãi bỏ/Thay thế
173517,"Nghị quyết số 83/2024/NQ-HĐND Bãi bỏ Nghị quyết số 25/2024/NQ-HĐND ngày 17 tháng 7 năm 2024 của Hội đồng nhân dân tỉnh Lai Châu Quy định giá dịch vụ khám bệnh, chữa bệnh không thuộc phạm vi thanh toán của Quỹ bảo hiểm y tế trong các cơ sở khám bệnh, chữa bệnh của nhà nước thuộc tỉnh Lai Châu quản lý",83/2024/NQ-HĐND,09/12/2024,Nghị quyết,01/01/2025,,,,,Chưa phân loại,HĐND Tỉnh Lai Châu,Chủ tịch,Giàng Páo Mỷ,Địa phương,,Còn hiệu lực,"bhyt,vien_phi",2026-08-04,Còn hiệu lực và không là target của quan hệ Bãi bỏ/Thay thế
133877,Quyết định số 33/2018/QĐ-UBND Phân cấp thẩm quyền cấp mới thẻ Bảo hiểm y tế và trợ cấp tiền mai táng phí đối với người tham gia kháng chiến thuộc phạm vi quản lý của tỉnh Ninh Bình,33/2018/QĐ-UBND,22/11/2018,Quyết định,01/01/2019,,,,Lao động - Thương binh và Xã hội,Bảo trợ xã hội,UBND Tỉnh Ninh Bình,Phó Chủ tịch,Tống Quang Thìn,Địa phương,,Còn hiệu lực,bhyt,2026-08-04,Còn hiệu lực và không là target của quan hệ Bãi bỏ/Thay thế
174274,"Nghị quyết số 41/2024/NQ-HĐND Bãi bỏ Nghị quyết số 26/2024/NQ-HĐND ngày 31 tháng 5 năm 2024 của Hội đồng nhân dân tỉnh quy định giá dịch vụ khám bệnh, chữa bệnh không thuộc danh mục do Quỹ bảo hiểm y tế thanh toán mà không phải là dịch vụ khám bệnh, chữa bệnh theo yêu cầu đối với các cơ sở khám bệnh, chữa bệnh của Nhà nước thuộc tỉnh Thanh Hóa quản lý",41/2024/NQ-HĐND,14/12/2024,Nghị quyết,01/01/2025,,,,,Chưa phân loại,HĐND Tỉnh Thanh Hóa,Chủ tịch,Lại Thế Nguyên,Địa phương,,Còn hiệu lực,"bhyt,vien_phi",2026-08-04,Còn hiệu lực và không là target của quan hệ Bãi bỏ/Thay thế
40977,"Quyết định số 82/QĐ-BHXH Ban hành quy định về tổ chức thực hiện hợp đồng khám chữa bệnh, giám định chi trả chi phí khám, chữa bệnh, quản lý và sử dụng quỹ bảo hiểm ý tế",82/QĐ-BHXH,20/01/2010,Quyết định,20/01/2010,,,,Bảo Hiểm,Chưa phân loại,Bảo hiểm Xã hội Việt Nam,Tổng Giám đốc,Lê Bạch Hồng,Địa phương,,Còn hiệu lực,bhyt,2026-08-04,Còn hiệu lực và không là target của quan hệ Bãi bỏ/Thay thế
158050,"Nghị quyết số 61/2022/NQ-HĐND Quy định mức giá dịch vụ xét nghiệm SARS-CoV-2 không thuộc phạm vi thanh toán của Quỹ bảo hiểm y tế cho các cơ sở khám bệnh, chữa bệnh của Nhà nước trên địa bàn tỉnh Lai Châu",61/2022/NQ-HĐND,09/12/2022,Nghị quyết,20/12/2022,,Văn bản được gửi đến Sở Tư pháp để thực hiện đăng tải lên cơ sở dữ liệu quốc gia về văn bản quy phạm pháp luật,,Y tế,Chưa phân loại,HĐND Tỉnh Lai Châu,Chủ tịch,Giàng Páo Mỷ,Địa phương,,Còn hiệu lực,bhyt,2026-08-04,Còn hiệu lực và không là target của quan hệ Bãi bỏ/Thay thế
183010,Nghị quyết số 31/2015/NQ-HĐND Quy định mức hỗ trợ kinh phí đóng bảo hiểm y tế cho một số đối tượng có hộ khẩu thường trú tại tỉnh Ninh Bình,31/2015/NQ-HĐND,10/12/2015,Nghị quyết,20/12/2015,,,,,Chưa phân loại,HĐND Tỉnh Ninh Bình,Chủ tịch,Nguyễn Tiến Thành,Địa phương,,Còn hiệu lực,bhyt,2026-08-04,Còn hiệu lực và không là target của quan hệ Bãi bỏ/Thay thế
49760,"Chỉ thị số 29/2012/CT-UBND Về việc tăng cường trách nhiệm trong sử dụng, quản lý quỹ Bảo hiểm y tế",29/2012/CT-UBND,10/11/2012,Chỉ thị,10/11/2012,,"Công báo số 44+45, năm 2012",20/11/2012,,Chưa phân loại,UBND Tỉnh Nghệ An,Phó Chủ tịch,Nguyễn Xuân Đường,Địa phương,,Còn hiệu lực,bhyt,2026-08-04,Còn hiệu lực và không là target của quan hệ Bãi bỏ/Thay thế
555174c0-66ed-11f1-a036-8bf17f3cc74c,Nghị quyết Quy định mức hỗ trợ đóng bảo hiểm y tế cho một số đối tượng trên địa bàn tỉnh Thái Nguyên,23/2026/NQ-HĐND,09/06/2026,Nghị quyết,01/07/2026,,,,Y tế,Bảo hiểm y tế,HĐND Tỉnh Thái Nguyên,Chủ tịch,Bùi Văn Lương,Địa phương,,Còn hiệu lực,bhyt,2026-08-04,Còn hiệu lực và không là target của quan hệ Bãi bỏ/Thay thế
175447,Nghị quyết số 05/2025/NQ-HĐND Quy định chính sách hỗ trợ 100% mức đóng bảo hiểm y tế theo hộ gia đình đối với người từ đủ 60 tuổi đến dưới 75 tuổi thuộc hộ cận nghèo và hộ có mức sống trung bình theo chuẩn thành phố trên địa bàn thành phố Đà Nẵng,05/2025/NQ-HĐND,20/02/2025,Nghị quyết,03/03/2025,,,,Y tế,Chưa phân loại,HĐND thành phố Đà Nẵng,Chủ tịch,Ngô Xuân Thắng,Địa phương,,Còn hiệu lực,bhyt,2026-08-04,Còn hiệu lực và không là target của quan hệ Bãi bỏ/Thay thế
125165,"Nghị quyết số 68/2013/QH13 Đẩy mạnh thực hiện chính sách, pháp luật về bảo hiểm y tế, tiến tới bảo hiểm y tế toàn dân",68/2013/QH13,29/11/2013,Nghị quyết,29/11/2013,,,31/12/2013,Y tế,Bảo hiểm y tế,Quốc hội,Chủ tịch Quốc hội,Nguyễn Sinh Hùng,Trung ương,,Còn hiệu lực,bhyt,2026-08-04,Còn hiệu lực và không là target của quan hệ Bãi bỏ/Thay thế
3167a8d0-58e8-11f1-b3bb-7f5ed40f13b2,"Thông tư 126/2025/TT-BTC Quy định quy trình kiểm tra lĩnh vực bảo hiểm xã hội, bảo hiểm thất nghiệp, bảo hiểm y tế thuộc phạm vi quản lý nhà nước của Bộ Tài chính",126/2025/TT-BTC,24/12/2025,Thông tư,24/12/2025,,,,Tài chính,"Bảo hiểm y tế, Bảo hiểm xã hội",Bộ Tài chính,Thứ trưởng,Chưa xác định,Trung ương,,Còn hiệu lực,bhyt,2026-08-04,Còn hiệu lực và không là target của quan hệ Bãi bỏ/Thay thế
5188,Chỉ thị số 13/2000/CT-UB Về việc triển khai Bảo hiểm toàn diện học sinh và Bảo hiểm Y tế học sinh,13/2000/CT-UB,10/07/2000,Chỉ thị,10/07/2000,,STP tỉnh Hà Tĩnh;,,,Chưa phân loại,UBND Tỉnh Hà Tĩnh,Phó Chủ tịch,Trần Đình Đàn,Địa phương,,Còn hiệu lực,bhyt,2026-08-04,Còn hiệu lực và không là target của quan hệ Bãi bỏ/Thay thế
62448,Quyết định số 538/QĐ-TTg Phê duyệt Đề án thực hiện lộ trình tiến tới bảo hiểm y tế toàn dân giai đoạn 2012-2015 và 2020,538/QĐ-TTg,29/03/2013,Quyết định,29/03/2013,,"Công báo Từ số 187 đến số 188, năm 2013",10/04/2013,Y tế,Bảo hiểm y tế,Thủ tướng Chính phủ,Thủ tướng,Nguyễn Tấn Dũng,Trung ương,,Còn hiệu lực,bhyt,2026-08-04,Còn hiệu lực và không là target của quan hệ Bãi bỏ/Thay thế
168588,"Nghị quyết số 26/2024/NQ-HĐND Quy định giá dịch vụ khám bệnh, chữa bệnh không thuộc danh mục do Quỹ bảo hiểm y tế thanh toán mà không phải là dịch vụ khám bệnh, chữa bệnh theo yêu cầu đối với các cơ sở khám bệnh, chữa bệnh của Nhà nước thuộc tỉnh Thanh Hóa quản lý",26/2024/NQ-HĐND,31/05/2024,Nghị quyết,10/06/2024,,,,Y tế,Bảo hiểm y tế,CT UBND Tỉnh Thanh Hóa,Chủ tịch,Đỗ Trọng Hưng,Địa phương,,Còn hiệu lực,"bhyt,vien_phi",2026-08-04,Còn hiệu lực và không là target của quan hệ Bãi bỏ/Thay thế
107416,"Thông tư liên tịch số 16/2006/TTLT-BYT-BTC Thông tư hướng dẫn sửa đổi, bổ sung một số điểm của Thông tư liên tịch số 21/2005/TTLT-BYT-BTC ngày 27/7/2005 của liên Bộ Y tế - Bộ Tài chính hướng dẫn thực hiện bảo hiểm y tế bắt buộc",16/2006/TTLT-BYT-BTC,06/12/2006,Thông tư liên tịch,15/01/2007,,,,,Quản lý dịch vụ tài chính và các quỹ tài chính,"Bộ Y tế, Bộ Tài chính",,"Nguyễn Thị Xuyên, Đỗ Hoàng Anh Tuấn",Trung ương,,Còn hiệu lực,bhyt,2026-08-04,Còn hiệu lực và không là target của quan hệ Bãi bỏ/Thay thế
120801,"Quyết định số 04/2017/QĐ-UBND Quy định mức hỗ trợ đóng bảo hiểm y tế từ ngân sách địa phương cho đối tượng là người thuộc hộ gia đình làm nông nghiệp, lâm nghiệp, ngư nghiệp, diêm nghiệp có mức sống trung bình trên địa bàn tỉnh Nam Định",04/2017/QĐ-UBND,23/02/2017,Quyết định,05/03/2017,,,,Y tế,Bảo hiểm y tế,UBND tỉnh Nam Định,Chủ tịch,Phạm Đình Nghị,Địa phương,,Còn hiệu lực,bhyt,2026-08-04,Còn hiệu lực và không là target của quan hệ Bãi bỏ/Thay thế
187259,Nghị quyết số 27/2026/NQ-HĐND Quy định mức hỗ trợ đóng bảo hiểm y tế trên địa bàn tỉnh giai đoạn 2026 - 2030.,27/2026/NQ-HĐND,03/02/2026,Nghị quyết,01/01/2026,31/12/2030,công báo,,Lao động - Thương binh và Xã hội,"Lao động, tiền lương, tiền công",HĐND Tỉnh Quảng Trị,Chủ tịch,Nguyễn Đăng Quang,Địa phương,,Còn hiệu lực,bhyt,2026-08-04,Còn hiệu lực và không là target của quan hệ Bãi bỏ/Thay thế
142146,Nghị quyết số 276/2020/NQ-HĐND Quy định mức hỗ trợ từ ngân sách nhà nước đóng bảo hiểm y tế cho đối tượng người khuyết tật trên địa bàn tỉnh Hưng Yên,276/2020/NQ-HĐND,07/05/2020,Nghị quyết,20/05/2020,,Bản BDF,,Bảo Hiểm,Bảo hiểm y tế,HĐND Tỉnh Hưng Yên,Chủ tịch,Trần Quốc Toản,Địa phương,,Còn hiệu lực,bhyt,2026-08-04,Còn hiệu lực và không là target của quan hệ Bãi bỏ/Thay thế
83c773d0-64b9-11f1-9b44-bbe6b0239ff6,Nghị quyết số 08/2026/NQ-HĐND Quy định mức hỗ trợ đóng bảo hiểm y tế cho người có uy tín trong đồng bào dân tộc thiểu số không thuộc đối tượng đã được ngân sách nhà nước đóng và hỗ trợ đóng bảo hiểm y tế trên địa bàn tỉnh An Giang,08/2026/NQ-HĐND,21/05/2026,Nghị quyết,01/06/2026,,,,Ban Dân tộc,Bảo hiểm y tế,HĐND Tỉnh An Giang,Chủ tịch,Nguyễn Thanh Nhàn,Địa phương,,Còn hiệu lực,bhyt,2026-08-04,Còn hiệu lực và không là target của quan hệ Bãi bỏ/Thay thế
176707,"Nghị định số 74/2025/NĐ-CP Sửa đổi, bổ sung một số điều của Nghị định số 70/2015/NĐ-CP ngày 01 tháng 09 năm 2015 của Chính phủ quy định chi tiết và hướng dẫn thi hành một số điều của Luật Bảo hiểm y tế đói với Quân đội nhân dân, công an nhân dân và người làm công tác cơ yếu",74/2025/NĐ-CP,31/03/2025,Nghị định,01/07/2025,,Bản chính,,Quốc phòng,Bảo hiểm y tế,Chính phủ,Phó Thủ tướng,Lê Thành Long,Trung ương,,Còn hiệu lực,bhyt,2026-08-04,Còn hiệu lực và không là target của quan hệ Bãi bỏ/Thay thế
155274,Nghị quyết số 32/2022/NQ-HĐND Quy định mức giá dịch vụ xét nghiệm SARS-CoV-2 đối với trường hợp không thuộc phạm vi thanh toán của Quỹ bảo hiểm y tế trên địa bàn tỉnh Vĩnh Long,32/2022/NQ-HĐND,15/07/2022,Nghị quyết,15/07/2022,,Bản chính văn bản,,Y tế,Bảo hiểm y tế,HĐND Tỉnh Vĩnh Long,Chủ tịch,Bùi Văn Nghiêm,Địa phương,,Còn hiệu lực,bhyt,2026-08-04,Còn hiệu lực và không là target của quan hệ Bãi bỏ/Thay thế
158729,Quyết định số 81/2022/QĐ-UBND Quy định mức hỗ trợ đóng bảo hiểm y tế cho người thuộc hộ gia đình cận nghèo giai đoạn 2023-2025 trên địa bàn tỉnh Ninh Thuận,81/2022/QĐ-UBND,24/12/2022,Quyết định,03/01/2023,,,,,Chưa phân loại,UBND tỉnh Ninh Thuận,Phó Chủ tịch,Nguyễn Long Biên,Địa phương,,Còn hiệu lực,bhyt,2026-08-04,Còn hiệu lực và không là target của quan hệ Bãi bỏ/Thay thế
173064,"Nghị quyết số 31/2024/NQ-HĐND Về việc bãi bỏ Nghị quyết số 04/2024/NQ-HĐND ngày 21 tháng 5 năm 2024 của Hội đồng nhân dân tỉnh quy định giá cụ thể dịch vụ khám bệnh, chữa bệnh không thuộc danh mục do quỹ bảo hiểm y tế thanh toán mà không phải là dịch vụ khám bệnh, chữa bệnh theo yêu cầu đối với các cơ sở khám bệnh, chửa bệnh của Nhà nước trên địa bàn tỉnh Long An",31/2024/NQ-HĐND,10/12/2024,Nghị quyết,20/12/2024,,điện tử,10/12/2024,Y tế,Kế hoạch tài chính,HĐND tỉnh Long An,Chủ tịch,Nguyễn Văn Được,Địa phương,,Còn hiệu lực,bhyt,2026-08-04,Còn hiệu lực và không là target của quan hệ Bãi bỏ/Thay thế
10102,Thông tư liên tịch số 15/TTLB Hướng dẫn thi hành Nghị định số 47-CP ngày 6/6/94 của Chính phủ sửa đổi một số điều của Điều lệ Bảo hiểm y tế,15/TTLB,10/08/1994,Thông tư liên tịch,01/01/1994,,Bản sao;,,,Chưa phân loại,"Bộ Y tế, Bộ Tài chính, Bộ Lao động - Thương binh và Xã hội",Thứ trưởng,"Lê Ngọc Trọng, Tào Hữu Phùng, Lê Duy Đồng",Trung ương,,Còn hiệu lực,bhyt,2026-08-04,Còn hiệu lực và không là target của quan hệ Bãi bỏ/Thay thế
174415,"Nghị quyết số 01/2025/NQ-HĐND Bãi bỏ Nghị quyết số 12/2024/NQ-HĐND ngày 17 tháng 6 năm 2024 của Hội đồng nhân dân tỉnh quy định giá dịch vụ khám bệnh, chữa bệnh không thuộc phạm vi thanh toán của Quỹ Bảo hiểm y tế nhưng không phải là đối tượng khám bệnh, chữa bệnh theo yêu cầu tại các cơ sở khám bệnh, chữa bệnh công lập thuộc tỉnh Thừa Thiên Huế",01/2025/NQ-HĐND,07/01/2025,Nghị quyết,17/01/2025,,Công báo số 03 + 04 năm 2025,22/01/2025,Y tế,Chưa phân loại,HĐND Thành phố Huế,Chủ tịch,Lê Trường Lưu,Địa phương,,Còn hiệu lực,"bhyt,vien_phi",2026-08-04,Còn hiệu lực và không là target của quan hệ Bãi bỏ/Thay thế
106897,"Chỉ thị số 11/CT.UBND V/v triển khai Thông tư liên tịch số 37/2015/TTLT-BYT-BTC ngày 29/10/2015 của Liên Bộ Y tế - Bộ Tài chính quy định thống nhất giá dịch vụ khám bệnh, chữa bệnh bảo hiểm y tế giữa các bệnh viện cùng hạng trên toàn quốc",11/CT.UBND,24/02/2016,Chỉ thị,24/02/2016,,Văn bản gốc,,Lao động - Thương binh và Xã hội,Chưa phân loại,UBND Tỉnh Thanh Hóa,Phó Chủ tịch,Phạm Đăng Quyền,Địa phương,,Còn hiệu lực,"bhyt,vien_phi",2026-08-04,Còn hiệu lực và không là target của quan hệ Bãi bỏ/Thay thế
182087,"Thông tư số 81/2025/TT-BCA Quy định biện pháp thực hiện bảo hiểm y tế đối với sĩ quan, hạ sĩ quan, chiến sĩ và học viên Công an nhân dân",81/2025/TT-BCA,29/08/2025,Thông tư,13/10/2025,,,,,Chưa phân loại,Bộ Công an,Bộ trưởng,Đại tướng Lương Tam Quang,Trung ương,,Còn hiệu lực,bhyt,2026-08-04,Còn hiệu lực và không là target của quan hệ Bãi bỏ/Thay thế
185306,Nghị quyết số 75/2025/NQ-HĐND Quy định mức hỗ trợ đóng bảo hiểm y tế cho người bệnh phong tại Bệnh viện Bến Sắn; trẻ em và người có hoàn cảnh khó khăn trên địa bàn Thành phố Hồ Chí Minh,75/2025/NQ-HĐND,10/12/2025,Nghị quyết,01/01/2026,,Bản chính văn bản,,Lao động - Thương binh và Xã hội,"Lao động, tiền lương, tiền công",HĐND Thành phố Hồ Chí Minh,Chủ tịch,Võ Văn Minh,Địa phương,,Còn hiệu lực,bhyt,2026-08-04,Còn hiệu lực và không là target của quan hệ Bãi bỏ/Thay thế
143848,"Quyết định số 28/2020/QĐ-UBND Quy định giá dịch vụ khám bệnh, chữa bệnh không thuộc phạm vi thanh toán của Quỹ bảo hiểm y tế trong các cơ sở khám bệnh, chữa bệnh của Nhà nước trên địa bàn tỉnh Ninh Thuận.",28/2020/QĐ-UBND,03/08/2020,Quyết định,13/08/2020,,,,,,UBND tỉnh Ninh Thuận,Phó Chủ tịch,Lê Văn Bình,Địa phương,,Còn hiệu lực,"bhyt,vien_phi",2026-08-04,Còn hiệu lực và không là target của quan hệ Bãi bỏ/Thay thế
184890,Nghị quyết số 35/2025/NQ-HĐND Quy định mức hỗ trợ kinh phí đóng bảo hiểm y tế cho một số đối tượng trên địa bàn tỉnh Gia Lai,35/2025/NQ-HĐND,09/12/2025,Nghị quyết,01/01/2026,,Văn phòng Đoàn đại biểu Quốc hội và Hội đồng nhân dân tỉnh,,Lao động - Thương binh và Xã hội,"Lao động, tiền lương, tiền công",HĐND Tỉnh Gia Lai,Phó Chủ tịch,Trương Văn Đạt,Địa phương,,Còn hiệu lực,bhyt,2026-08-04,Còn hiệu lực và không là target của quan hệ Bãi bỏ/Thay thế
127617,Quyết định số 02/2018/QĐ-UBND Quy định mức hỗ trợ đóng bảo hiểm y tế cho hộ cận nghèo năm 2018 và người thuộc hộ nghèo đa chiều thiếu hụt các dịch vụ xã hội cơ bản khác (không thiếu hụt bảo hiểm y tế) gai đoạn 2017-2018 trên địa bàn tỉnh Ninh Thuận,02/2018/QĐ-UBND,04/01/2018,Quyết định,14/01/2018,,,,Lao động - Thương binh và Xã hội,Chưa phân loại,UBND tỉnh Ninh Thuận,Phó Chủ tịch,Lê Văn Bình,Địa phương,,Còn hiệu lực,bhyt,2026-08-04,Còn hiệu lực và không là target của quan hệ Bãi bỏ/Thay thế
aab8d490-6543-11f1-9a32-d1e78b0240e4,Quy định hỗ trợ đóng bảo hiểm y tế và chính sách hỗ trợ một phần kinh phí phục vụ công tác thông tin tuyên truyền cho người có uy tín trong đồng bào dân tộc thiểu số trên địa bàn tỉnh Vĩnh Long,12/2026/NQ-HĐND,29/05/2026,Nghị quyết,08/06/2026,,,,Dân tộc và Tôn giáo,Bảo hiểm y tế,HĐND Tỉnh Vĩnh Long,Chủ tịch,Nguyễn Minh Dũng,Địa phương,,Còn hiệu lực,bhyt,2026-08-04,Còn hiệu lực và không là target của quan hệ Bãi bỏ/Thay thế
10842,Quyết định số 1008/BYT-QĐ Ban hành danh mục mã số và mẫu thẻ bảo hiểm y tế,1008/BYT-QĐ,29/09/1992,Quyết định,29/09/1992,,Kỷ yếu 1992 của Bộ Y tế;,,,Chưa phân loại,Bộ Y tế,Bộ trưởng,Phạm Song,Trung ương,,Còn hiệu lực,bhyt,2026-08-04,Còn hiệu lực và không là target của quan hệ Bãi bỏ/Thay thế
21163,Quyết định số 900/QĐ-CT Về việc quy định tạm thời mức thu các Dịch vụ kỹ thuật phục hồi chức năng được bảo hiểm y tế thanh toán,900/QĐ-CT,13/08/2002,Quyết định,13/08/2002,,STP tỉnh Bắc Ninh;,,,Chưa phân loại,UBND Tỉnh Bắc Ninh,Phó Chủ tịch,Nguyễn Thị Xuyên,Địa phương,,Còn hiệu lực,bhyt,2026-08-04,Còn hiệu lực và không là target của quan hệ Bãi bỏ/Thay thế
172977,Nghị quyết số 110/2024/NQ-HĐND Bãi bỏ các Nghị quyết của Hội đồng nhân dân tỉnh Gia Lai,110/2024/NQ-HĐND,11/12/2024,Nghị quyết,21/12/2024,,Văn phòng Đoàn đại biểu Quốc hội và Hội đồng nhân dân tỉnh,,Bảo Hiểm,Bảo hiểm y tế,HĐND Tỉnh Gia Lai,Chủ tịch,Hồ Văn Niên,Địa phương,,Còn hiệu lực,bhyt,2026-08-04,Còn hiệu lực và không là target của quan hệ Bãi bỏ/Thay thế
91087,"Quyết định 55/2010/QĐ-UBND bãi bỏ thủ tục hành chính áp dụng tại Ủy ban nhân dân quận, huyện, phường, xã, thị trấn trên địa bàn thành phố Hồ Chí Minh trong các lĩnh vực lao động - tiền lương - tiền công, việc làm, bảo hiểm y tế, bảo vệ và chăm sóc trẻ em, bảo trợ xã hội do Ủy ban nhân dân thành phố Hồ Chí Minh ban hành",55/2010/QĐ-UBND,16/08/2010,Quyết định,26/08/2010,,Công báo Thành phố Hồ Chí Minh,01/09/2010,,Chưa phân loại,UBND Thành phố Hồ Chí Minh,Chủ tịch,Lê Hoàng Quân,Địa phương,,Còn hiệu lực,bhyt,2026-08-04,Còn hiệu lực và không là target của quan hệ Bãi bỏ/Thay thế
187392,Quyết định số 32/2026/QĐ-UBND triển khai Nghị quyết số 23/2025/NQ-HĐND ngày 10 tháng 12 năm 2025 của Hội đồng nhân dân tỉnh về việc quy định mức hỗ trợ đóng bảo hiểm y tế cho các đối tượng không được hưởng mức hỗ trợ từ ngân sách nhà nước đối với Thanh niên thi hành nghĩa vụ Kinh tế - Quốc phòng của tỉnh Tây Ninh và Đoàn xây dựng kinh tế Thanh niên trên địa bàn tỉnh Tây Ninh,32/2026/QĐ-UBND,13/03/2026,Quyết định,13/03/2026,,Bản chính thức Quyết định số 32/2026/QĐ-UBND,,Lao động - Thương binh và Xã hội,"Lao động, tiền lương, tiền công",UBND Tỉnh Tây Ninh,Phó Chủ tịch,Phạm Tấn Hòa,Địa phương,,Còn hiệu lực,bhyt,2026-08-04,Còn hiệu lực và không là target của quan hệ Bãi bỏ/Thay thế
159113,Nghị quyết số 09/2022/NQ-HĐND Quy định giá dịch vụ xét nghiệm SARS-CoV-2 (chưa bao gồm chi phí sinh phẩm xét nghiệm) trong trường hợp không thuộc phạm vi thanh toán của Quỹ bảo hiểm y tế đối với các cơ sở y tế công lập trên địa bàn tỉnh Vĩnh Phúc,09/2022/NQ-HĐND,20/07/2022,Nghị quyết,01/08/2022,,,,,Chưa phân loại,HĐND tỉnh Vĩnh Phúc,Chủ tịch,Hoàng Thị Thúy Lan,Địa phương,,Còn hiệu lực,bhyt,2026-08-04,Còn hiệu lực và không là target của quan hệ Bãi bỏ/Thay thế
153738,"Nghị quyết số 03/2022/NQ-HĐND Quy định giá dịch vụ xét nghiệm SARS-CoV-2 (chưa bao gồm sinh phẩm xét nghiệm phản ứng) trong trường hợp không thuộc phạm vi thanh toán của Quỹ bảo hiểm y tế tại các cơ sở khám bệnh, chữa bệnh của Nhà nước trên địa bàn tỉnh",03/2022/NQ-HĐND,15/04/2022,Nghị quyết,15/04/2022,,,,Y tế,Chưa phân loại,HĐND Tỉnh Đồng Nai,Chủ tịch,Thái Bảo,Địa phương,,Còn hiệu lực,bhyt,2026-08-04,Còn hiệu lực và không là target của quan hệ Bãi bỏ/Thay thế
137746,"Nghị quyết số 05/2019/NQ-HĐTP Hướng dẫn áp dụng Điều 214 về tội gian lận bảo hiểm xã hội, bảo hiểm thất nghiệp, Điều 215 về tội gian lận bảo hiểm y tế và Điều 216 về tội trốn đóng bảo hiểm xã hội, bảo hiểm y tế, bảo hiểm thất nghiệp cho người lao động của Bộ luật Hình sự",05/2019/NQ-HĐTP,15/08/2019,Nghị quyết,01/09/2019,,,,,Chưa phân loại,Tòa án nhân dân tối cao,Chánh án,Nguyễn Hòa Bình,Trung ương,,Còn hiệu lực,bhyt,2026-08-04,Còn hiệu lực và không là target của quan hệ Bãi bỏ/Thay thế
163811,Nghị quyết số 32/2023/NQ-HĐND Quy định hỗ trợ mức đóng bảo hiểm y tế cho hộ thoát nghèo và hộ thoát cận nghèo trên địa bàn tỉnh Cà Mau đến năm 2025,32/2023/NQ-HĐND,06/12/2023,Nghị quyết,01/01/2024,,BDF,,Y tế,Bảo hiểm y tế,HĐND Tỉnh Cà Mau,Chủ tịch,Nguyễn Tiến Hải,Địa phương,,Còn hiệu lực,bhyt,2026-08-04,Còn hiệu lực và không là target của quan hệ Bãi bỏ/Thay thế
173935,"Nghị quyết số 29/2024/NQ-HĐND Bãi bỏ Nghị quyết số 15/2024/NQ-HĐND ngày 11 tháng 7 năm 2024 của Hội đồng nhân dân tỉnh Ninh Thuận quy định giá dịch vụ khám bệnh, chữa bệnh không thuộc phạm vi thanh toán của Quỹ bảo hiểm y tế trong các cơ sở khám bệnh, chữa bệnh của Nhà nước trên địa bàn tỉnh Ninh Thuận",29/2024/NQ-HĐND,10/12/2024,Nghị quyết,01/01/2025,,,,Y tế,Chưa phân loại,HĐND tỉnh Ninh Thuận,Chủ tịch,Phạm Văn Hậu,Địa phương,,Còn hiệu lực,"bhyt,vien_phi",2026-08-04,Còn hiệu lực và không là target của quan hệ Bãi bỏ/Thay thế
74259,"Quyết định số 16/2013/QĐ-UBND Về việc sửa đổi, bổ sung điểm c, khoản 2, Điều 1 Quy định phân cấp quản lý mua, cấp phát thẻ bảo hiểm y tế cho các đối tượng được ngân sách nhà nước đảm bảo trên địa bàn tỉnh Hòa Bình ban hành kèm theo Quyết định số 14/2012/QĐ-UBND ngày 19 tháng 9 năm 2012 của UBND tỉnh Hòa Bình",16/2013/QĐ-UBND,15/08/2013,Quyết định,25/08/2013,,,,Lao động - Thương binh và Xã hội,Chưa phân loại,UBND tỉnh Hòa Bình,Chủ tịch,Bùi Văn Tỉnh,Địa phương,,Còn hiệu lực,bhyt,2026-08-04,Còn hiệu lực và không là target của quan hệ Bãi bỏ/Thay thế
185524,"Nghị quyết số 818/2025/NQ-HĐND Quy định mức hỗ trợ từ ngân sách nhà nước đóng bảo hiểm y tế, bảo hiểm xã hội tự nguyện cho một số đối tượng trên địa bàn tỉnh Hưng Yên",818/2025/NQ-HĐND,23/12/2025,Nghị quyết,01/01/2026,31/12/2026,,,Y tế,Bảo hiểm y tế Bảo trợ xã hội,HĐND Tỉnh Hưng Yên,Chủ tịch,Trần Quốc Văn,Địa phương,,Còn hiệu lực,bhyt,2026-08-04,Còn hiệu lực và không là target của quan hệ Bãi bỏ/Thay thế
156261,"Quyết định số 19/2022/QĐ-TTg Về chi phí quản lý bảo hiểm xã hội, bảo hiểm thất nghiệp, bảo hiểm y tế giai đoạn 2022 - 2024",19/2022/QĐ-TTg,22/09/2022,Quyết định,10/11/2022,,,,Tài chính,Bảo hiểm,Thủ tướng Chính phủ,Phó Thủ tướng Chính phủ,Lê Minh Khái,Trung ương,,Còn hiệu lực,bhyt,2026-08-04,Còn hiệu lực và không là target của quan hệ Bãi bỏ/Thay thế
121610,Quyết định số 06/2017/QĐ-UBND Quy định mức hỗ trợ đóng bảo hiểm y tế cho người thuộc hộ gia đình cận nghèo trên địa bàn tỉnh Ninh Thuận năm 2017,06/2017/QĐ-UBND,23/01/2017,Quyết định,03/02/2017,,,,,Chưa phân loại,UBND tỉnh Ninh Thuận,Phó Chủ tịch,Lê Văn Bình,Địa phương,,Còn hiệu lực,bhyt,2026-08-04,Còn hiệu lực và không là target của quan hệ Bãi bỏ/Thay thế
4120,Thông tư liên tịch số 151/1998/TTLT-BTC-BYT Thông tư hướng dẫn chế độ quản lý tài chính quỹ bảo hiểm y tế,151/1998/TTLT-BTC-BYT,20/11/1998,Thông tư liên tịch,01/01/1999,,,,"Y tế, Tài chính",Quản lý dịch vụ tài chính và các quỹ tài chính,Bộ Tài chính,Thứ trưởng,Lê Ngọc Trọng,Trung ương,,Còn hiệu lực,bhyt,2026-08-04,Còn hiệu lực và không là target của quan hệ Bãi bỏ/Thay thế
173380,"Nghị quyết số 20/2024/NQ-HĐND Về việc quy định mức hỗ trợ đóng bảo hiểm y tế cho người dân tộc thiểu số tại các thôn, tổ dân phố, xã không thuộc vùng có điều kiện kinh tế - xã hội khó khăn, đặc biệt khó khăn trên địa bàn tỉnh Khánh Hòa",20/2024/NQ-HĐND,12/12/2024,Nghị quyết,01/01/2025,,,,Lao động - Thương binh và Xã hội,Chưa phân loại,HĐND Tỉnh Khánh Hòa,Chủ tịch,Nguyễn Khắc Toàn,Địa phương,,Còn hiệu lực,bhyt,2026-08-04,Còn hiệu lực và không là target của quan hệ Bãi bỏ/Thay thế
52541,"Quyết định số 3929/2005/QĐ-UBND V/v ban hành kế hoạch thực hiện "" Lộ trình tiến tới bảo hiểm y tế toàn dân vào năm 2010""",3929/2005/QĐ-UBND,16/11/2005,Quyết định,16/11/2005,,,,Y tế,Bảo hiểm y tế,UBND tỉnh Thừa Thiên Huế,Phó Chủ tịch,Ngô Hòa,Địa phương,,Còn hiệu lực,bhyt,2026-08-04,Còn hiệu lực và không là target của quan hệ Bãi bỏ/Thay thế
140624,Thông tư số 30/2019/TT-BLĐTBXH Hướng dẫn lập danh sách đối tượng tham gia bảo hiểm y tế do Bộ Lao động - Thương binh và Xã hội quản lý,30/2019/TT-BLĐTBXH,26/12/2019,Thông tư,12/02/2020,,,,Lao động - Thương binh và Xã hội,Chưa phân loại,Bộ Lao động - Thương binh và Xã hội,Thứ trưởng,Lê Quân,Trung ương,,Còn hiệu lực,bhyt,2026-08-04,Còn hiệu lực và không là target của quan hệ Bãi bỏ/Thay thế
110272,Thông tư liên tịch số 77/2003/TTLT-BTC-BYT hướng dẫn thực hiện bảo hiểm y tế tự nguyện,77/2003/TTLT-BTC-BYT,07/08/2003,Thông tư liên tịch,,,,,Chưa phân loại,Tài chính khác,Bộ Tài chính,,Nguyễn Công Nghiệp,Trung ương,,Còn hiệu lực,bhyt,2026-08-04,Còn hiệu lực và không là target của quan hệ Bãi bỏ/Thay thế
172923,Luật Bảo hiểm y tế sửa đổi 2024 số Luật số 51/2024/QH15,Luật số 51/2024/QH15,27/11/2024,Luật,01/07/2025,,,,Y tế,Bảo hiểm y tế,Quốc hội,Chủ tịch Quốc hội,Trần Thanh Mẫn,Trung ương,,Còn hiệu lực,bhyt,2026-08-04,Còn hiệu lực và không là target của quan hệ Bãi bỏ/Thay thế
95267,"về ban hành Quy chế phối hợp công tác thực hiện pháp luật về bảo hiểm xã hội, bảo hiểm y tế, bảo hiểm thất nghiệp",180/QĐ-UBND,18/06/2015,Quyết định,18/06/2015,,Công báo điện tử tỉnh Tuyên Quang,,Bảo Hiểm,,UBND tỉnh Tuyên Quang,,Vũ Thị Bích Việt,Tuyên,,Còn hiệu lực,bhyt,2026-08-04,Còn hiệu lực và không là target của quan hệ Bãi bỏ/Thay thế
