agent_category,doc_id,other_doc_id,relationship,source_is_selected,target_is_selected,relationship_is_adverse,source_title,target_title
bhyt,74259,25702,Dẫn chiếu,True,False,False,"Quyết định số 16/2013/QĐ-UBND Về việc sửa đổi, bổ sung điểm c, khoản 2, Điều 1 Quy định phân cấp quản lý mua, cấp phát thẻ bảo hiểm y tế cho các đối tượng được ngân sách nhà nước đảm bảo trên địa bàn tỉnh Hòa Bình ban hành kèm theo Quyết định số 14/2012/QĐ-UBND ngày 19 tháng 9 năm 2012 của UBND tỉnh Hòa Bình",
bhyt,40940,12326,"Quy định chi tiết, hướng dẫn thi hành",True,False,False,"Quyết định số 1111/QĐ-BHXH Về việc ban hành Quy định quản lý thu bảo hiểm xã hội, bảo hiểm y tế; quản lý sổ bảo hiểm xã hội, thẻ bảo hiểm y tế",
bhyt,181930,70807,Căn cứ,True,False,False,Nghị quyết số 17/2025/NQ-HĐND Ban hành Quy định mức hỗ trợ đóng bảo hiểm y tế đối với một số đối tượng trên địa bàn tỉnh Vĩnh Long,
"bhyt,vien_phi",172835,103581,Căn cứ,True,False,False,"Nghị quyết số 25/2024/NQ-HĐND Bãi bỏ Nghị quyết số 03/2024/NQ-HĐND ngày 28/3/2024 của Hội đồng nhân dân tỉnh Bắc Kạn quy định giá dịch vụ khám bệnh, chữa bệnh không thuộc phạm vi thanh toán của Quỹ Bảo hiểm y tế trong các cơ sở khám bệnh, chữa bệnh của nhà nước thuộc tỉnh Bắc Kạn quản lý và mức giá dịch vụ khám bệnh, chữa bệnh trong một số trường hợp",
bhyt,3167a8d0-58e8-11f1-b3bb-7f5ed40f13b2,179082,Căn cứ,True,False,False,"Thông tư 126/2025/TT-BTC Quy định quy trình kiểm tra lĩnh vực bảo hiểm xã hội, bảo hiểm thất nghiệp, bảo hiểm y tế thuộc phạm vi quản lý nhà nước của Bộ Tài chính",
bhyt,22843,62448,"Văn bản HD, QĐ chi tiết",False,True,False,,Quyết định số 538/QĐ-TTg Phê duyệt Đề án thực hiện lộ trình tiến tới bảo hiểm y tế toàn dân giai đoạn 2012-2015 và 2020
bhyt,89019,11735,Căn cứ,True,False,False,"Quyết định 1204/QĐ-UBND năm 2013 điều chỉnh mục tiêu kế hoạch thực hiện bảo hiểm y tế toàn dân trên địa bàn thành phố Hồ Chí Minh, giai đoạn 2012-2015 và giai đoạn 2016-2010 kèm theo Quyết định 5063/QĐ-UBND",
bhyt,157577,70800,Căn cứ,True,False,False,Nghị quyết số 304/2022/NQ-HĐND Quy định mức hỗ trợ đóng bảo hiểm y tế cho đối tượng thuộc hộ cận nghèo trên địa bàn tỉnh Thanh Hóa quý IV năm 2022,
bhyt,153741,152032,Thay thế,True,False,True,"Nghị quyết số 88/2022/NQ-HĐND về ban hành giá dịch vụ xét nghiệm SARC-CoV-2 không thuộc phạm vi thanh toán của quỹ bảo hiểm y tế trong các cơ sở khám bệnh, chữa bệnh của Nhà nước do tỉnh Quảng Ninh quản lý",
bhyt,187782,95924,Căn cứ,True,False,False,"Thông tư số 107/2025/TT-BTC Hướng dẫn kế toán quỹ bảo hiểm xã hội, quỹ bảo hiểm y tế, quỹ bảo hiểm thất nghiệp",
bhyt,185037,175440,Căn cứ,True,False,False,"Nghị quyết số 57/2025/NQ-HĐND Quy định chính sách hỗ trợ mức đóng bảo hiểm y tế cho các nhóm đối tượng xã hội đang thường trú trên địa bàn thành phố Hải Phòng, giai đoạn 2026 - 2030",
bhyt,185356,172923,Căn cứ,True,True,False,Nghị quyết số '26/2025/NQ-HĐND Quy định mức hỗ trợ đóng bảo hiểm y tế cho một số đối tượng trên địa bàn thành phố Cần Thơ,Luật Bảo hiểm y tế sửa đổi 2024 số Luật số 51/2024/QH15
bhyt,185306,176730,Căn cứ,True,False,False,Nghị quyết số 75/2025/NQ-HĐND Quy định mức hỗ trợ đóng bảo hiểm y tế cho người bệnh phong tại Bệnh viện Bến Sắn; trẻ em và người có hoàn cảnh khó khăn trên địa bàn Thành phố Hồ Chí Minh,
"bhyt,vien_phi",173768,168048,Căn cứ,True,False,False,"Nghị quyết số 114/2024/NQ-HĐND Bãi bỏ Nghị quyết số 23/2024/NQ-HĐND ngày 06 tháng 5 năm 2024 của HĐND tỉnh Bắc Giang quy định mức giá dịch vụ khám bệnh, chữa bệnh không thuộc phạm vi thanh toán của Quỹ bảo hiểm y tế trong các cơ sở khám bệnh, chữa bệnh của Nhà nước trên địa bàn tỉnh Bắc Giang",
"bhyt,vien_phi",172835,70819,Căn cứ,True,False,False,"Nghị quyết số 25/2024/NQ-HĐND Bãi bỏ Nghị quyết số 03/2024/NQ-HĐND ngày 28/3/2024 của Hội đồng nhân dân tỉnh Bắc Kạn quy định giá dịch vụ khám bệnh, chữa bệnh không thuộc phạm vi thanh toán của Quỹ Bảo hiểm y tế trong các cơ sở khám bệnh, chữa bệnh của nhà nước thuộc tỉnh Bắc Kạn quản lý và mức giá dịch vụ khám bệnh, chữa bệnh trong một số trường hợp",
bhyt,152409,132188,Căn cứ,True,False,False,Nghị quyết số 15/2021/NQ-HĐND Về việc hỗ trợ kinh phí đóng bảo hiểm y tế đối với trẻ em có hoàn cảnh khó khăn đang được nuôi dưỡng tại các cơ sở bảo trợ xã hội ngoài công lập trên địa bàn tỉnh Kiên Giang,
bhyt,126957,38018,Căn cứ,True,True,False,Nghị quyết số 78/2017/NQ-HĐND Quy định mức hỗ trợ đóng bảo hiểm y tế cho người thuộc hộ gia đình nghèo đa chiều thiếu hụt dịch vụ xã hội cơ bản khác (không bị thiếu hụt bảo hiểm y tế) trên địa bàn tỉnh Điện Biên,Nghị định số 105/2014/NĐ-CP Quy định chi tiết và hướng dẫn thi hành một số điều của Luật Bảo hiểm y tế
bhyt,117674,12326,Căn cứ,True,False,False,"Nghị định số 21/2016/NĐ-CP Quy định việc thực hiện chức năng thanh tra chuyên ngành về đóng bảo hiểm xã hội, bảo hiểm thất nghiệp, bảo hiểm y tế của cơ quan bảo hiểm xã hội",
bhyt,171885,159368,Văn bản liên quan khác,True,False,False,"Thông tư 39/2024/TT-BYT sửa đổi Thông tư 35/2016/TT-BYT về Danh mục và tỷ lệ, điều kiện thanh toán đối với dịch vụ kỹ thuật y tế thuộc phạm vi được hưởng của người tham gia bảo hiểm y tế do Bộ trưởng Bộ Y tế ban hành",
bhyt,a58d0900-6ae3-11f1-9463-4ba9a7c0cbbb,36793,Căn cứ,True,False,False,"Nghị quyết số 17/2026/NQ-HĐND Sửa đổi, bổ sung một số điều của nghị quyết số 19/2025/NQ-HĐND ngày 09 tháng 7 năm 2025 của Hội đồng nhân dân thành phố Hà Nội quy định nội dung, mức hỗ trợ đóng bảo hiểm xã hội, bảo hiểm y tế cho các đối tượng chính sách xã hội của thành phố Hà Nội",
bhyt,4683,87214,Căn cứ,True,True,False,"Quyết định số 826/1998/QĐ-UB Về việc thực hiện bảo hiểm y tế tự nguyện cho học sinh, sinh viên trên địa bàn tỉnh",Thông tư liên tịch số 40/1998/TTLT-BGDĐT-BYT Về việc hướng dẫn bảo hiểm y tế học sinh
"bhyt,vien_phi",172810,167228,Bãi bỏ,True,False,True,"Nghị quyết số 26/2024/NQ-HĐND bãi bỏ Nghị quyết số 02/2024/NQ-HĐND ngày 26/02/2024 của HĐND tỉnh Quy định giá dịch vụ khám bệnh, chữa bệnh không thuộc phạm vi thanh toán của Quỹ Bảo hiểm y tế trong các cơ sở khám bệnh, chữa bệnh của Nhà nước trên địa bàn tỉnh Trà Vinh",
bhyt,155274,139878,Căn cứ,True,False,False,Nghị quyết số 32/2022/NQ-HĐND Quy định mức giá dịch vụ xét nghiệm SARS-CoV-2 đối với trường hợp không thuộc phạm vi thanh toán của Quỹ bảo hiểm y tế trên địa bàn tỉnh Vĩnh Long,
bhyt,152410,12326,Căn cứ,True,False,False,"Nghị quyết số 16/2021/NQ-HĐND Quy định mức hỗ trợ đóng bảo hiểm y tế từ ngân sách địa phương đối với người thuộc hộ gia đình làm nông nghiệp, lâm nghiệp, ngư nghiệp có mức sống trung bình và học sinh, sinh viên trên địa bàn tỉnh Kiên Giang",
bhyt,179772,179711,Căn cứ,True,True,False,"Thông tư số 63/2025/TT-BQP Quy định, hướng dẫn thực hiện một số điều của Nghị định số 70/2015/NĐ-CP ngày 01 tháng 9 năm 2015 của Chính phủ quy định chi tiết và hướng dẫn thi hành một số điều của Luật Bảo hiểm y tế đối với quân đội nhân dân, công an nhân dân và người làm công tác cơ yếu; Nghị định số 74/2025/NĐ-CP ngày 31 tháng 3 năm 2025 sửa đổi, bổ sung một số điều của Nghị định số 70/2015/NĐ-CP ngày 01 tháng 9 năm 2015 của Chính phủ",Nghị định số 188/2025/NĐ-CP hướng dẫn Luật Bảo hiểm y tế
bhyt,146838,70807,Căn cứ,True,False,False,"Quyết định số Số: 03/2021/QĐ-UBND Quy định mức hỗ trợ đóng bảo hiểm y tế cho người thuộc hộ gia đình cận nghèo, người thuộc hộ gia đình làm nông nghiệp, lâm nghiệp, ngư nghiệp có mức sống trung bình và học sinh, sinh viên trên địa bàn tỉnh Điện Biên",
bhyt,171713,159337,Văn bản liên quan khác,True,False,False,"Thông tư 37/2024/TT-BYT quy định nguyên tắc, tiêu chí xây dựng, cập nhật, ghi thông tin, cấu trúc danh mục và hướng dẫn thanh toán đối với thuốc hóa dược, sinh phẩm, thuốc phóng xạ và chất đánh dấu thuộc phạm vi được hưởng của người tham gia bảo hiểm y tế do Bộ trưởng Bộ Y tế ban hành",
bhyt,171713,144205,Văn bản liên quan khác,True,True,False,"Thông tư 37/2024/TT-BYT quy định nguyên tắc, tiêu chí xây dựng, cập nhật, ghi thông tin, cấu trúc danh mục và hướng dẫn thanh toán đối với thuốc hóa dược, sinh phẩm, thuốc phóng xạ và chất đánh dấu thuộc phạm vi được hưởng của người tham gia bảo hiểm y tế do Bộ trưởng Bộ Y tế ban hành","Thông tư số 13/2020/TT-BYTT Sửa đổi, bổ sung một số điều của Thông tư số 35/2016/TT-BYT ngày 28 tháng 9 năm 2016 của Bộ trưởng Bộ Y tế ban hành Danh mục và tỷ lệ, điều kiện thanh toán đối với dịch vụ kỹ thuật y tế thuộc phạm vi được hưởng của người tham gia bảo hiểm y tế"
bhyt,140624,26831,"Quy định chi tiết, hướng dẫn thi hành",True,False,False,Thông tư số 30/2019/TT-BLĐTBXH Hướng dẫn lập danh sách đối tượng tham gia bảo hiểm y tế do Bộ Lao động - Thương binh và Xã hội quản lý,
bhyt,155469,32610,Căn cứ,True,False,False,Nghị quyết số 06/2022/NQ-HĐND Quy định giá dịch vụ xét nghiệm SARS-CoV-2không thuộc phạm vi thanh toán của Quỹ bảo hiểm y tế trên địa bàn tỉnh Bến Tre,
"bhyt,vien_phi",172978,103581,Căn cứ,True,False,False,"Nghị quyết số 111/2024/NQ-HĐND Bãi bỏ Nghị quyết số 78/2024/NQ-HĐND ngày 10 tháng 7 năm 2024 của Hội đồng nhân dân tỉnh Gia Lai quy định giá dịch vụ khám bệnh, chữa bệnh không thuộc phạm vi thanh toán của Quỹ Bảo hiểm y tế nhưng không phải là dịch vụ khám bệnh, chữa bệnh theo yêu cầu trong các cơ sở khám bệnh, chữa bệnh của Nhà nước thuộc tỉnh Gia Lai quản lý",
bhyt,62448,25985,Dẫn chiếu,True,False,False,Quyết định số 538/QĐ-TTg Phê duyệt Đề án thực hiện lộ trình tiến tới bảo hiểm y tế toàn dân giai đoạn 2012-2015 và 2020,
bhyt,174989,70819,Căn cứ,True,False,False,Nghị quyết số 01/2025/NQ-HĐND Quy định mức hỗ trợ bảo hiểm y tế cho người dân tộc thiểu số đang sinh sống tại khu vực biên giới trên địa bàn tỉnh Kiên Giang,
bhyt,155298,32610,Căn cứ,True,False,False,"Nghị quyết số 65/2022/NQ-HĐND Quy định mức giá dịch vụ xét nghiệm SARS-CoV-2 không thuộc phạm vi thanh toán của Quỹ bảo hiểm y tế (chưa bao gồm chi phí sinh phẩm xét nghiệm SARS-CoV-2) tại cơ sở khám bệnh, chữa bệnh của Nhà nước trên địa bàn tỉnh Hà Tĩnh",
bhyt,153741,166391,Căn cứ,True,False,False,"Nghị quyết số 88/2022/NQ-HĐND về ban hành giá dịch vụ xét nghiệm SARC-CoV-2 không thuộc phạm vi thanh toán của quỹ bảo hiểm y tế trong các cơ sở khám bệnh, chữa bệnh của Nhà nước do tỉnh Quảng Ninh quản lý",
bhyt,142146,27435,Căn cứ,True,False,False,Nghị quyết số 276/2020/NQ-HĐND Quy định mức hỗ trợ từ ngân sách nhà nước đóng bảo hiểm y tế cho đối tượng người khuyết tật trên địa bàn tỉnh Hưng Yên,
bhyt,179772,176707,"Quy định chi tiết, hướng dẫn thi hành",True,True,False,"Thông tư số 63/2025/TT-BQP Quy định, hướng dẫn thực hiện một số điều của Nghị định số 70/2015/NĐ-CP ngày 01 tháng 9 năm 2015 của Chính phủ quy định chi tiết và hướng dẫn thi hành một số điều của Luật Bảo hiểm y tế đối với quân đội nhân dân, công an nhân dân và người làm công tác cơ yếu; Nghị định số 74/2025/NĐ-CP ngày 31 tháng 3 năm 2025 sửa đổi, bổ sung một số điều của Nghị định số 70/2015/NĐ-CP ngày 01 tháng 9 năm 2015 của Chính phủ","Nghị định số 74/2025/NĐ-CP Sửa đổi, bổ sung một số điều của Nghị định số 70/2015/NĐ-CP ngày 01 tháng 09 năm 2015 của Chính phủ quy định chi tiết và hướng dẫn thi hành một số điều của Luật Bảo hiểm y tế đói với Quân đội nhân dân, công an nhân dân và người làm công tác cơ yếu"
bhyt,117674,32912,Căn cứ,True,False,False,"Nghị định số 21/2016/NĐ-CP Quy định việc thực hiện chức năng thanh tra chuyên ngành về đóng bảo hiểm xã hội, bảo hiểm thất nghiệp, bảo hiểm y tế của cơ quan bảo hiểm xã hội",
bhyt,146838,12326,Căn cứ,True,False,False,"Quyết định số Số: 03/2021/QĐ-UBND Quy định mức hỗ trợ đóng bảo hiểm y tế cho người thuộc hộ gia đình cận nghèo, người thuộc hộ gia đình làm nông nghiệp, lâm nghiệp, ngư nghiệp có mức sống trung bình và học sinh, sinh viên trên địa bàn tỉnh Điện Biên",
bhyt,136584,135466,Căn cứ,False,True,False,,"Thông tư số 27/2018/TT-BYT Hướng dẫn thực hiện bảo hiểm y tế và khám bệnh, chữa bệnh liên quan đến HIV/AIDS"
bhyt,114477,131826,Văn bản quy định hết hiệu lực,False,True,False,,"Quyết định số 24/2018/QĐ-UBND Bãi bỏ Quyết định số 21/2016/QĐ-UBND ngày 19/7/2016 của Ủy ban nhân dân tỉnh về việc ban hành quy định giá thu một số dịch vụ y tế không thuộc phạm vi thanh toán của Quỹ bảo hiểm y tế và đối với người bệnh không có thẻ bảo hiểm y tế tại các cơ sở khám bệnh, chữa bệnh công lập trên địa bàn tỉnh Bình Thuận."
bhyt,172198,184708,Văn bản quy định hết hiệu lực,False,True,False,,"Nghị quyết số 57/2025/NQ-HĐND Quy định chính sách hỗ trợ mức đóng bảo hiểm y tế cho các nhóm đối tượng xã hội đang thường trú trên địa bàn thành phố Hải Phòng, giai đoạn 2026 - 2030"
bhyt,184890,179427,Căn cứ,True,False,False,Nghị quyết số 35/2025/NQ-HĐND Quy định mức hỗ trợ kinh phí đóng bảo hiểm y tế cho một số đối tượng trên địa bàn tỉnh Gia Lai,
bhyt,143761,67295,Căn cứ,True,True,False,"Quyết định số 37/2020/QĐ-UBND Về việc bãi bỏ Quyết định số 28/2013/QĐ-UBND ngày 26/7/2013 của UBND tỉnh ban hành quy định phối hợp giải quyết thủ tục hành chính về đăng ký khai sinh, khai tử, bảo hiểm y tế và đăng ký thường trú trên địa bàn tỉnh và Quyết định số 23/2015/QĐ-UBND ngày 01/6/2015 về việc sửa đổi, bổ sung Quyết định số 28/2013/QĐ-UBND ngày 26/7/2013 của UBND tỉnh","Thông tư liên tịch số 05/2015/TTLT-BTP-BCA-BYT Hướng dẫn thực hiện liên thông các thủ tục hành chính về đăng ký khai sinh, đăng ký thường trú, cấp thẻ bảo hiểm y tế cho trẻ em dưới 6 tuổi"
bhyt,6423e210-7ffe-11f1-a6e4-33cf5e12fa5a,8619b9a0-5e55-11f1-8e5a-2929924511d6,Căn cứ,False,True,False,,"Nghị định 02/2025/NĐ-CP Sửa đổi, bổ sung một số điều của nghị định số 146/2018/NĐ-CP ngày 17 tháng 10 năm 2018 của chính phủ quy định chi tiết và hướng dẫn biện pháp thi hành luật bảo hiểm y tể, đã được sửa đổi, bổ sung một số điều tại nghị định số 75/2023/NĐ-CP ngày 19 tháng 10 năm 2023 của chính phủ"
bhyt,135466,12326,Căn cứ,True,False,False,"Thông tư số 27/2018/TT-BYT Hướng dẫn thực hiện bảo hiểm y tế và khám bệnh, chữa bệnh liên quan đến HIV/AIDS",
bhyt,121610,65845,Căn cứ,True,False,False,Quyết định số 06/2017/QĐ-UBND Quy định mức hỗ trợ đóng bảo hiểm y tế cho người thuộc hộ gia đình cận nghèo trên địa bàn tỉnh Ninh Thuận năm 2017,
bhyt,132858,125165,"Quy định chi tiết, hướng dẫn thi hành",True,True,False,"Quyết định số 51/2018/QĐ-TTg Về chi phí quản lý bảo hiểm xã hội, bảo hiểm thất nghiệp, bảo hiểm y tế giai đoạn 2019 - 2021","Nghị quyết số 68/2013/QH13 Đẩy mạnh thực hiện chính sách, pháp luật về bảo hiểm y tế, tiến tới bảo hiểm y tế toàn dân"
bhyt,159070,119084,Căn cứ,True,False,False,"Nghị quyết số 34/2022/NQ-HĐND Quy định việc hỗ trợ đóng bảo hiểm xã hội và bảo hiểm y tế cho ấp (khu) đội trưởng, người hoạt động không chuyên trách ở ấp, khu phố và người trực tiếp tham gia công việc ở ấp, khu phố trên địa bàn tỉnh Kiên Giang",
bhyt,167234,70807,Căn cứ,True,False,False,"Nghị quyết số 05/2024/NQ-HĐND Sửa đổi khoản 1 Điều 1 Nghị quyết số 19/2022/NQ-HĐND ngày 09 tháng 12 năm 2022 của Hội đồng nhân dân tỉnh quy định mức hỗ trợ đóng bảo hiểm y tế cho người có uy tín trong đồng bào dân tộc thiểu số không thuộc đối tượng đã được ngân sách nhà nước đóng và hỗ trợ mức đóng bảo hiểm y tế trên địa bàn tỉnh Trà Vinh, giai đoạn 2023 - 2025",
bhyt,173922,168125,Căn cứ,True,False,False,"Nghị quyết số 32/2024/NQ-HĐND Quy định giá cụ thể dịch vụ khám bệnh, chữa bệnh do Quỹ bảo hiểm y tế thanh toán; giá cụ thể dịch vụ khám bệnh, chữa bệnh do ngân sách nhà nước thanh toán, giá cụ thể dịch vụ khám bệnh, chữa bệnh không thuộc danh mục do quỹ bảo hiểm y tế thanh toán mà không phải là dịch vụ khám bệnh, chữa bệnh theo yêu cầu đối với các cơ sở khám bệnh, chữa bệnh của Nhà nước trên địa bàn tỉnh Đắk Lắk",
"bhyt,vien_phi",174415,166391,Căn cứ,True,False,False,"Nghị quyết số 01/2025/NQ-HĐND Bãi bỏ Nghị quyết số 12/2024/NQ-HĐND ngày 17 tháng 6 năm 2024 của Hội đồng nhân dân tỉnh quy định giá dịch vụ khám bệnh, chữa bệnh không thuộc phạm vi thanh toán của Quỹ Bảo hiểm y tế nhưng không phải là đối tượng khám bệnh, chữa bệnh theo yêu cầu tại các cơ sở khám bệnh, chữa bệnh công lập thuộc tỉnh Thừa Thiên Huế",
bhyt,171885,168128,Dẫn chiếu,True,False,False,"Thông tư 39/2024/TT-BYT sửa đổi Thông tư 35/2016/TT-BYT về Danh mục và tỷ lệ, điều kiện thanh toán đối với dịch vụ kỹ thuật y tế thuộc phạm vi được hưởng của người tham gia bảo hiểm y tế do Bộ trưởng Bộ Y tế ban hành",
bhyt,30353,15516,"Quy định chi tiết, hướng dẫn thi hành",True,False,False,Thông tư số 06/2013/TT-BYT Hướng dẫn thực hiện thí điểm quản lý giá thuốc bằng phương pháp thặng số bán buôn tối đa toàn chặng đối với thuốc do ngân sách nhà nước và bảo hiểm y tế chi trả,
"bhyt,vien_phi",167291,173176,Văn bản quy định hết hiệu lực,False,True,False,,"Nghị quyết số 68/2024/NQ-HĐND Quy định giá dịch vụ khám bệnh, chữa bệnh thuộc danh mục thanh toán của Quỹ bảo hiểm y tế, giá dịch vụ khám bệnh, chữa bệnh do ngân sách nhà nước thanh toán và giá dịch vụ khám bệnh, chữa bệnh không thuộc danh mục thanh toán của Quỹ bảo hiểm y tế mà không phải là dịch vụ khám bệnh, chữa bệnh theo yêu cầu tại các cơ sở khám bệnh, chữa bệnh công lập thuộc thành phố Đà Nẵng"
bhyt,21013,9028,Căn cứ,True,False,False,"Lệnh số 07/2003/L-CTN Về việc công bố Pháp lệnh Hành nghề y, dược tư nhân",
bhyt,175447,36793,Căn cứ,True,False,False,Nghị quyết số 05/2025/NQ-HĐND Quy định chính sách hỗ trợ 100% mức đóng bảo hiểm y tế theo hộ gia đình đối với người từ đủ 60 tuổi đến dưới 75 tuổi thuộc hộ cận nghèo và hộ có mức sống trung bình theo chuẩn thành phố trên địa bàn thành phố Đà Nẵng,
"bhyt,vien_phi",173517,168125,Căn cứ,True,False,False,"Nghị quyết số 83/2024/NQ-HĐND Bãi bỏ Nghị quyết số 25/2024/NQ-HĐND ngày 17 tháng 7 năm 2024 của Hội đồng nhân dân tỉnh Lai Châu Quy định giá dịch vụ khám bệnh, chữa bệnh không thuộc phạm vi thanh toán của Quỹ bảo hiểm y tế trong các cơ sở khám bệnh, chữa bệnh của nhà nước thuộc tỉnh Lai Châu quản lý",
bhyt,158050,151168,Căn cứ,True,False,False,"Nghị quyết số 61/2022/NQ-HĐND Quy định mức giá dịch vụ xét nghiệm SARS-CoV-2 không thuộc phạm vi thanh toán của Quỹ bảo hiểm y tế cho các cơ sở khám bệnh, chữa bệnh của Nhà nước trên địa bàn tỉnh Lai Châu",
bhyt,52557,10420,Căn cứ,True,False,False,"Quyết định số 1847/2002/QĐ-UB V/v điều chỉnh mức đóng bảo hiểm y tế học sinh, sinh viên",
bhyt,168904,172923,Văn bản sửa đổi,False,True,False,,Luật Bảo hiểm y tế sửa đổi 2024 số Luật số 51/2024/QH15
bhyt,55070,27159,Căn cứ,True,False,False,"Quyết định số 53/2014/QĐ-UBND Ban hành Quy chế phối hợp trong việc thực hiện liên thông các thủ tục hành chính về đăng ký khai sinh, đăng ký thường trú, cấp thẻ bảo hiểm y tế cho trẻ em dưới 6 tuổi trên địa bàn tỉnh Hà Nam",
bhyt,84439,13036,Dẫn chiếu,True,False,False,"Quyết định số 30/2014/QĐ-UBND Ban hành quy định việc quản lý, cấp phát thẻ Bảo hiểm y tế cho các đối tượng được ngân sách Nhà nước đóng, hỗ trợ tiền đóng Bảo hiểm y tế trên địa bàn tỉnh Bình Thuận",
bhyt,173389,70819,Căn cứ,True,False,False,Nghị quyết số 42/2024/NQ-HĐND Về hỗ trợ chi phí mua thẻ bảo hiểm y tế cho người nhiễm HIV/AIDS và hỗ trợ chi phí cùng chi trả thuốc kháng vi rút HIV cho người nhiễm HIV/AIDS có thẻ bảo hiểm y tế trên địa bàn Thành phố Hồ Chí Minh,
bhyt,185524,168196,Tạm ngưng hiệu lực,True,False,False,"Nghị quyết số 818/2025/NQ-HĐND Quy định mức hỗ trợ từ ngân sách nhà nước đóng bảo hiểm y tế, bảo hiểm xã hội tự nguyện cho một số đối tượng trên địa bàn tỉnh Hưng Yên",
"bhyt,vien_phi",173906,168128,Căn cứ,True,False,False,"Nghị quyết số 24/2024/NQ-HĐND Bãi bỏ Nghị quyết số 280/2019/NQ-HĐND ngày 08/10/2019 của Hội đồng nhân dân Tỉnh về việc ban hành bảng giá dịch vụ khám bệnh, chữa bệnh không thuộc phạm vi thanh toán của quỹ bảo hiểm y tế trong các cơ sở khám bệnh, chữa bệnh của nhà nước trên địa bàn tỉnh Đồng Tháp",
bhyt,179772,176707,Căn cứ,True,True,False,"Thông tư số 63/2025/TT-BQP Quy định, hướng dẫn thực hiện một số điều của Nghị định số 70/2015/NĐ-CP ngày 01 tháng 9 năm 2015 của Chính phủ quy định chi tiết và hướng dẫn thi hành một số điều của Luật Bảo hiểm y tế đối với quân đội nhân dân, công an nhân dân và người làm công tác cơ yếu; Nghị định số 74/2025/NĐ-CP ngày 31 tháng 3 năm 2025 sửa đổi, bổ sung một số điều của Nghị định số 70/2015/NĐ-CP ngày 01 tháng 9 năm 2015 của Chính phủ","Nghị định số 74/2025/NĐ-CP Sửa đổi, bổ sung một số điều của Nghị định số 70/2015/NĐ-CP ngày 01 tháng 09 năm 2015 của Chính phủ quy định chi tiết và hướng dẫn thi hành một số điều của Luật Bảo hiểm y tế đói với Quân đội nhân dân, công an nhân dân và người làm công tác cơ yếu"
bhyt,115653,171885,Văn bản bổ sung,False,True,False,,"Thông tư 39/2024/TT-BYT sửa đổi Thông tư 35/2016/TT-BYT về Danh mục và tỷ lệ, điều kiện thanh toán đối với dịch vụ kỹ thuật y tế thuộc phạm vi được hưởng của người tham gia bảo hiểm y tế do Bộ trưởng Bộ Y tế ban hành"
bhyt,88138,88863,Bãi bỏ,True,False,True,"Quyết định 11862/QĐ-UBND năm 2014 bãi bỏ Quyết định 02/2013/QĐ-UBND về Quy chế thực hiện cơ chế một cửa liên thông nhóm thủ tục hành chính thuộc lĩnh vực hộ tịch, bảo hiểm y tế và đăng ký, quản lý cư trú trên địa bàn Quận Bình Tân, thành phố Hồ Chí Minh",
bhyt,184764,179427,Căn cứ,True,False,False,"Nghị quyết số 110/2025/NQ-HĐND Quy định mức hỗ trợ đóng bảo hiểm y tế cho người thuộc hộ gia đình cận nghèo; học sinh, sinh viên là người dân tộc thiểu số; người thuộc hộ gia đình làm nông nghiệp, lâm nghiệp, ngư nghiệp có mức sống trung bình trên địa bàn tỉnh Lai Châu giai đoạn 2026 – 2030",
"bhyt,vien_phi",175644,70800,Căn cứ,True,False,False,"Nghị quyết số 01/2025/NQ-HĐND bãi bỏ Nghị quyết số 01/2024/NQ-HĐND ngày 31 tháng 01 năm 2024 của HĐND tỉnh Ninh Bình quy định mức giá dịch vụ khám bệnh, chữa bệnh không thuộc phạm vi thanh toán của quỹ Bảo hiểm y tế trong các cơ sở khám bệnh, chữa bệnh của Nhà nước trên địa bàn tỉnh Ninh Bình",
bhyt,156562,70819,Căn cứ,True,False,False,Nghị quyết số 13/2022/NQ-HĐND Về việc Quy định giá dịch vụ xét nghiệm SARS-CoV-2 không thuộc phạm vi thanh toán của Quỹ bảo hiểm y tế tại các cơ sở y tế của Nhà nước thuộc tỉnh Thừa Thiên Huế,
bhyt,28013,15057,Căn cứ,True,False,False,Thông tư số 178/2012/TT-BTC Hướng dẫn kế toán áp dụng cho Bảo hiểm xã hội Việt Nam,
bhyt,187782,173331,Căn cứ,True,False,False,"Thông tư số 107/2025/TT-BTC Hướng dẫn kế toán quỹ bảo hiểm xã hội, quỹ bảo hiểm y tế, quỹ bảo hiểm thất nghiệp",
bhyt,165832,46746,Căn cứ,True,False,False,"Quyết định số 48/2023/QĐ-UBND Bãi bỏ Quyết định số 42/2016/QĐ-UBND ngày 28 tháng 10 năm 2016 của Ủy ban nhân dân Thành phố ban hành Quy chế thực hiện liên thông thủ tục hành chính về đăng ký khai sinh, đăng ký thường trú, cấp thẻ bảo hiểm y tế cho trẻ em dưới 06 tuổi và đăng ký khai tử, xóa đăng ký thường trú trên địa bàn Thành phố Hồ Chí Minh",
bhyt,89019,80696,Văn bản căn cứ,True,False,False,"Quyết định 1204/QĐ-UBND năm 2013 điều chỉnh mục tiêu kế hoạch thực hiện bảo hiểm y tế toàn dân trên địa bàn thành phố Hồ Chí Minh, giai đoạn 2012-2015 và giai đoạn 2016-2010 kèm theo Quyết định 5063/QĐ-UBND",
bhyt,153608,153398,Văn bản căn cứ,True,False,False,"Nghị quyết số 11/2022/NQ-HĐND Quy định giá dịch vụ xét nghiệm SARS-CoV-2 trong trường hợp không thuộc phạm vi thanh toán của Quỹ bảo hiểm y tế tại các cơ sở khám bệnh, chữa bệnh của Nhà nước trên địa bàn tỉnh Ninh Bình",
bhyt,113306,17855,Căn cứ,True,False,False,"Quyết định số 02/2016/QĐ-UBND Về việc ban hành Quy chế phối hợp thực hiện liên thông các thủ tục hành chính về đăng ký khai sinh, đăng ký thường trú, cấp thẻ bảo hiểm y tế cho trẻ em dưới 6 tuổi trên địa bàn tỉnh Trà Vinh",
bhyt,137746,136176,"Quy định chi tiết, hướng dẫn thi hành",True,False,False,"Nghị quyết số 05/2019/NQ-HĐTP Hướng dẫn áp dụng Điều 214 về tội gian lận bảo hiểm xã hội, bảo hiểm thất nghiệp, Điều 215 về tội gian lận bảo hiểm y tế và Điều 216 về tội trốn đóng bảo hiểm xã hội, bảo hiểm y tế, bảo hiểm thất nghiệp cho người lao động của Bộ luật Hình sự",
bhyt,166928,32610,Căn cứ,True,False,False,Nghị quyết số 288/2022/NQ-HĐND Quy định mức giá dịch vụ xét nghiệm SARS-CoV-2 (chưa bao gồm sinh phẩm xét nghiệm phản ứng) do cơ sở y tế của Nhà nước thực hiện không thuộc phạm vi thanh toán của Quỹ bảo hiểm y tế trên địa bàn tỉnh Thanh Hoá,
bhyt,145559,117201,Căn cứ,True,False,False,Nghị quyết số 332/2020/NQ-HĐND Quy định mức hỗ trợ từ ngân sách nhà nước đóng bảo hiểm y tế cho một số đối tượng trên địa bàn tỉnh Hưng Yên giai đoạn 2021 - 2025,
bhyt,179772,176707,Dẫn chiếu,True,True,False,"Thông tư số 63/2025/TT-BQP Quy định, hướng dẫn thực hiện một số điều của Nghị định số 70/2015/NĐ-CP ngày 01 tháng 9 năm 2015 của Chính phủ quy định chi tiết và hướng dẫn thi hành một số điều của Luật Bảo hiểm y tế đối với quân đội nhân dân, công an nhân dân và người làm công tác cơ yếu; Nghị định số 74/2025/NĐ-CP ngày 31 tháng 3 năm 2025 sửa đổi, bổ sung một số điều của Nghị định số 70/2015/NĐ-CP ngày 01 tháng 9 năm 2015 của Chính phủ","Nghị định số 74/2025/NĐ-CP Sửa đổi, bổ sung một số điều của Nghị định số 70/2015/NĐ-CP ngày 01 tháng 09 năm 2015 của Chính phủ quy định chi tiết và hướng dẫn thi hành một số điều của Luật Bảo hiểm y tế đói với Quân đội nhân dân, công an nhân dân và người làm công tác cơ yếu"
bhyt,179711,166583,"Quy định chi tiết, hướng dẫn thi hành",True,False,False,Nghị định số 188/2025/NĐ-CP hướng dẫn Luật Bảo hiểm y tế,
"bhyt,vien_phi",143848,143427,Căn cứ,True,False,False,"Quyết định số 28/2020/QĐ-UBND Quy định giá dịch vụ khám bệnh, chữa bệnh không thuộc phạm vi thanh toán của Quỹ bảo hiểm y tế trong các cơ sở khám bệnh, chữa bệnh của Nhà nước trên địa bàn tỉnh Ninh Thuận.",
bhyt,4581,2313,Căn cứ,True,False,False,Quyết định số 746/QĐ-UB/TC Về việc Thành lập Bảo hiểm Y tế Lâm Đồng,
"bhyt,vien_phi",172678,168128,Căn cứ,True,False,False,"Nghị quyết số 23/2024/NQ-HĐND Bãi bỏ toàn bộ Nghị quyết số 16/2022/NQ-HĐND ngày 09/12/2022 của Hội đồng nhân dân thành phố quy định mức giá dịch vụ khám bệnh, chữa bệnh không thuộc phạm vi thanh toán của Quỹ bảo hiểm y tế trong các cơ sở khám bệnh, chữa bệnh của Nhà nước thuộc thành phố Hải Phòng",
bhyt,114579,38018,Căn cứ,False,True,False,,Nghị định số 105/2014/NĐ-CP Quy định chi tiết và hướng dẫn thi hành một số điều của Luật Bảo hiểm y tế
bhyt,54850,36793,"Quy định chi tiết, hướng dẫn thi hành",True,False,False,"Quyết định số 08/2015/QĐ-TTg Thí điểm về giao dịch điện tử trong việc thực hiện thủ tục tham gia bảo hiểm xã hội, bảo hiểm y tế, bảo hiểm thất nghiệp và đề nghị cấp sổ bảo hiểm xã hội, thẻ bảo hiểm y tế",
bhyt,144205,123256,Căn cứ,True,False,False,"Thông tư số 13/2020/TT-BYTT Sửa đổi, bổ sung một số điều của Thông tư số 35/2016/TT-BYT ngày 28 tháng 9 năm 2016 của Bộ trưởng Bộ Y tế ban hành Danh mục và tỷ lệ, điều kiện thanh toán đối với dịch vụ kỹ thuật y tế thuộc phạm vi được hưởng của người tham gia bảo hiểm y tế",
bhyt,121252,38018,Căn cứ,False,True,False,,Nghị định số 105/2014/NĐ-CP Quy định chi tiết và hướng dẫn thi hành một số điều của Luật Bảo hiểm y tế
bhyt,62448,12326,Căn cứ,True,False,False,Quyết định số 538/QĐ-TTg Phê duyệt Đề án thực hiện lộ trình tiến tới bảo hiểm y tế toàn dân giai đoạn 2012-2015 và 2020,
bhyt,267ffff0-6647-11f1-b01e-8bc328b4d0e9,172923,Căn cứ,True,True,False,Nghị quyết số 14/2026/NQ-HĐND Nghị quyết quy định chính sách hỗ trợ an sinh xã hội cho người dân thủ đô,Luật Bảo hiểm y tế sửa đổi 2024 số Luật số 51/2024/QH15
bhyt,5218a7f0-6c7f-11f1-9c2b-932f5a2f1e38,175440,Căn cứ,True,False,False,"Quy định chính sách hỗ trợ bảo hiểm y tế đối với đồng bào dân tộc thiểu số trên địa bàn thành phố Đà Nẵng, giai đoạn 2026 - 2031",
bhyt,173743,146383,Căn cứ,True,False,False,"Nghị quyết số 118/2024/NQ-HĐND Bãi bỏ Nghị quyết số 32/2024/NQ-HĐND ngày 11 tháng 7 năm 2024 của Hội đồng nhân dân tỉnh quy định giá cụ thể dịch vụ khám bệnh, chữa bệnh không thuộc phạm vi thanh toán của Quỹ bảo hiểm y tế nhưng không phải là đối tượng khám chữa bệnh theo yêu cầu trong các cơ sở khám bệnh, chữa bệnh của Nhà nước trên địa bàn tỉnh Kon Tum",
"bhyt,vien_phi",174274,167565,Căn cứ,True,False,False,"Nghị quyết số 41/2024/NQ-HĐND Bãi bỏ Nghị quyết số 26/2024/NQ-HĐND ngày 31 tháng 5 năm 2024 của Hội đồng nhân dân tỉnh quy định giá dịch vụ khám bệnh, chữa bệnh không thuộc danh mục do Quỹ bảo hiểm y tế thanh toán mà không phải là dịch vụ khám bệnh, chữa bệnh theo yêu cầu đối với các cơ sở khám bệnh, chữa bệnh của Nhà nước thuộc tỉnh Thanh Hóa quản lý",
bhyt,156562,166391,Căn cứ,True,False,False,Nghị quyết số 13/2022/NQ-HĐND Về việc Quy định giá dịch vụ xét nghiệm SARS-CoV-2 không thuộc phạm vi thanh toán của Quỹ bảo hiểm y tế tại các cơ sở y tế của Nhà nước thuộc tỉnh Thừa Thiên Huế,
bhyt,39c4c190-6aca-11f1-a157-6b4e494e4914,8619b9a0-5e55-11f1-8e5a-2929924511d6,Căn cứ,False,True,False,,"Nghị định 02/2025/NĐ-CP Sửa đổi, bổ sung một số điều của nghị định số 146/2018/NĐ-CP ngày 17 tháng 10 năm 2018 của chính phủ quy định chi tiết và hướng dẫn biện pháp thi hành luật bảo hiểm y tể, đã được sửa đổi, bổ sung một số điều tại nghị định số 75/2023/NĐ-CP ngày 19 tháng 10 năm 2023 của chính phủ"
bhyt,184909,172923,Căn cứ,True,True,False,Nghị quyết số 36/2025/NQ-HĐND quy định mức hỗ trợ đóng bảo hiểm y tế cho một số đối tượng trên địa bàn tỉnh Đồng Nai giai đoạn 2026 - 2030,Luật Bảo hiểm y tế sửa đổi 2024 số Luật số 51/2024/QH15
"bhyt,vien_phi",174421,166391,Căn cứ,True,False,False,"Nghị quyết số 30/2024/NQ-HĐND Bãi bỏ Nghị quyết số 09/2019/NQ-HĐND ngày 06 tháng 12 năm 2019 của Hội đồng nhân dân tỉnh “về việc quy định mức giá dịch vụ khám bệnh, chữa bệnh không thuộc phạm vi thanh toán của Quỹ bảo hiểm y tế trong các cơ sở khám bệnh, chữa bệnh của Nhà nước trên địa bàn tỉnh Bạc Liêu”",
"bhyt,vien_phi",172424,168128,Căn cứ,True,False,False,"Nghị quyết số 49/2024/NQ-HĐND Bãi bỏ Nghị quyết số 32/2024/NQ-HĐND ngày 19/4/2024 của HĐND tỉnh quy định mức giá dịch vụ khám bệnh, chữa bệnh không thuộc phạm vi thanh toán của Quỹ Bảo hiểm y tế (nhưng không phải là dịch vụ khám bệnh, chữa bệnh của Nhà nước thuộc tỉnh Quảng Ninh quản lý)",
bhyt,155298,25170,Căn cứ,True,False,False,"Nghị quyết số 65/2022/NQ-HĐND Quy định mức giá dịch vụ xét nghiệm SARS-CoV-2 không thuộc phạm vi thanh toán của Quỹ bảo hiểm y tế (chưa bao gồm chi phí sinh phẩm xét nghiệm SARS-CoV-2) tại cơ sở khám bệnh, chữa bệnh của Nhà nước trên địa bàn tỉnh Hà Tĩnh",
bhyt,25987,10427,"Quy định chi tiết, hướng dẫn thi hành",True,False,False,"Quyết định số 87/2010/QĐ-TTg Về việc cho doanh nghiệp, người lao động thuộc Tập đoàn Công nghiệp tàu thủy Việt Nam và Tổng công ty Hàng hải Việt Nam vay để chi trả nợ tiền lương, nợ bảo hiểm xã hội, bảo hiểm y tế, bảo hiểm thất nghiệp, trợ cấp thôi việc, trợ cấp mất việc làm, tạo việc làm, học nghề",
bhyt,184559,36793,Căn cứ,True,False,False,Nghị quyết số 64/2025/NQ-HĐND Quy định mức hỗ trợ đóng bảo hiểm y tế cho một số đối tượng trên địa bàn tỉnh Phú Thọ giao đoạn 2026-2030,
bhyt,a58d0900-6ae3-11f1-9463-4ba9a7c0cbbb,173951,Căn cứ,True,False,False,"Nghị quyết số 17/2026/NQ-HĐND Sửa đổi, bổ sung một số điều của nghị quyết số 19/2025/NQ-HĐND ngày 09 tháng 7 năm 2025 của Hội đồng nhân dân thành phố Hà Nội quy định nội dung, mức hỗ trợ đóng bảo hiểm xã hội, bảo hiểm y tế cho các đối tượng chính sách xã hội của thành phố Hà Nội",
bhyt,184764,175440,Căn cứ,True,False,False,"Nghị quyết số 110/2025/NQ-HĐND Quy định mức hỗ trợ đóng bảo hiểm y tế cho người thuộc hộ gia đình cận nghèo; học sinh, sinh viên là người dân tộc thiểu số; người thuộc hộ gia đình làm nông nghiệp, lâm nghiệp, ngư nghiệp có mức sống trung bình trên địa bàn tỉnh Lai Châu giai đoạn 2026 – 2030",
bhyt,179922,173922,"Sửa đổi, bổ sung",False,True,False,,"Nghị quyết số 32/2024/NQ-HĐND Quy định giá cụ thể dịch vụ khám bệnh, chữa bệnh do Quỹ bảo hiểm y tế thanh toán; giá cụ thể dịch vụ khám bệnh, chữa bệnh do ngân sách nhà nước thanh toán, giá cụ thể dịch vụ khám bệnh, chữa bệnh không thuộc danh mục do quỹ bảo hiểm y tế thanh toán mà không phải là dịch vụ khám bệnh, chữa bệnh theo yêu cầu đối với các cơ sở khám bệnh, chữa bệnh của Nhà nước trên địa bàn tỉnh Đắk Lắk"
bhyt,155764,132188,Căn cứ,True,False,False,Nghị quyết số 07/2022/NQ-HĐND Về việc quy định mức hỗ trợ kinh phí mua thẻ bảo hiểm y tế cho người thuộc hộ cận nghèo trên địa bàn tỉnh Khánh Hòa giai đoạn 2022-2025,
bhyt,153839,70800,Căn cứ,True,False,False,Nghị quyết số 113/2022/NQ-UBND Quy định mức giá dịch vụ xét nghiệm SARS-CoV-2 không thuộc phạm vi thanh toán của Quỹ bảo hiểm y tế trên địa bàn tỉnh Hòa Bình,
bhyt,133877,17141,Căn cứ,True,False,False,Quyết định số 33/2018/QĐ-UBND Phân cấp thẩm quyền cấp mới thẻ Bảo hiểm y tế và trợ cấp tiền mai táng phí đối với người tham gia kháng chiến thuộc phạm vi quản lý của tỉnh Ninh Bình,
bhyt,133816,95764,Căn cứ,True,False,False,"Quyết định số 36/2018/QĐ-UBND Bãi bỏ Quyết định số 479/2011/QĐ-UBND ngày 27 tháng 12 năm 2011 của UBND tỉnh ban hành Quy định đối tượng, chế độ và trình tự, thủ tục hồ sơ hưởng trợ cấp đối với Dân quân tự vệ chưa tham gia bảo hiểm y tế, bảo hiểm xã hội bắt buộc bị ốm, bị chết, bị tai nạn trong khi làm nhiệm vụ",
bhyt,143290,184559,Văn bản quy định hết hiệu lực,False,True,False,,Nghị quyết số 64/2025/NQ-HĐND Quy định mức hỗ trợ đóng bảo hiểm y tế cho một số đối tượng trên địa bàn tỉnh Phú Thọ giao đoạn 2026-2030
bhyt,172923,179736,"Văn bản HD, QĐ chi tiết",True,True,False,Luật Bảo hiểm y tế sửa đổi 2024 số Luật số 51/2024/QH15,"Thông tư số 27/2025/TT-BYT quy định nguyên tắc, tiêu chí xây dựng, cập nhật, ghi thông tin, cấu trúc danh mục và hướng dẫn thanh toán đối với thuốc dược liệu, thuốc có kết hợp dược chất với các dược liệu, thuốc cổ truyền, dược liệu thuộc phạm vi được hưởng của người tham gia bảo hiểm y tế do Bộ trưởng Bộ Y tế ban hành"
bhyt,93166,80764,Văn bản căn cứ,True,False,False,"Quyết định số 60/2009/QĐ-UBND Ban hành Quy chế phối hợp trong thực hiện chính sách, pháp luật về bảo hiểm xã hội và bảo hiểm y tế trên địa bàn tỉnh Long An",
"bhyt,vien_phi",139780,173343,Văn bản quy định hết hiệu lực,False,True,False,,"Nghị quyết số 30/2024/NQ-HĐND Bãi bỏ Nghị quyết số 16/2019/NQ-HĐND ngày 04 tháng 10 năm 2019 của Hội đồng nhân dân tỉnh Hậu Giang quy định mức giá dịch vụ khám bệnh, chữa bệnh không thuộc phạm vi thanh toán của quỹ bảo hiểm y tế trong các cơ sở khám bệnh, chữa bệnh của Nhà nước trên địa bàn tỉnh Hậu Giang"
bhyt,54852,51054,Căn cứ,True,False,False,"Quyết định số 03/2015/QĐ-UBND Về việc thực hiện hỗ trợ đóng bảo hiểm xã hội tự nguyện, bảo hiểm y tế cho Công an viên thường trực cấp xã trên địa bàn tỉnh Quảng Nam",
bhyt,13323,56633,Căn cứ,True,False,False,Quyết định số 16/QĐ-UBND về việc hỗ trợ kinh phí cho đối tượng cận nghèo tham gia bảo hiểm y tế tự nguyện,
bhyt,185524,12326,Căn cứ,True,False,False,"Nghị quyết số 818/2025/NQ-HĐND Quy định mức hỗ trợ từ ngân sách nhà nước đóng bảo hiểm y tế, bảo hiểm xã hội tự nguyện cho một số đối tượng trên địa bàn tỉnh Hưng Yên",
bhyt,185418,179427,Căn cứ,True,False,False,"Nghị quyết số 99/2025/NQ-HĐND quy định chính sách hỗ trợ kinh phí tham gia bảo hiểm xã hội tự nguyện, bảo hiểm y tế trên địa bàn tỉnh Bắc Ninh, giai đoạn 2026- 2030",
"bhyt,vien_phi",168478,27863,Căn cứ,True,False,False,"NGHỊ QUYẾT SỐ Số: 6/2019/NQ-HĐND QUY ĐỊNH VỀ GIÁ DỊCH VỤ KHÁM BỆNH, CHỮA BỆNH KHÔNG THUỘC PHẠM VI THANH TOÁN CỦA QUỸ BẢO HIỂM Y TẾ TRONG CÁC CƠ SỞ KHÁM BỆNH, CHỮA BỆNH CỦA NHÀ NƯỚC TRÊN ĐỊA BÀN TỈNH BÌNH PHƯỚC",
bhyt,3167a8d0-58e8-11f1-b3bb-7f5ed40f13b2,36793,Căn cứ,True,False,False,"Thông tư 126/2025/TT-BTC Quy định quy trình kiểm tra lĩnh vực bảo hiểm xã hội, bảo hiểm thất nghiệp, bảo hiểm y tế thuộc phạm vi quản lý nhà nước của Bộ Tài chính",
"bhyt,vien_phi",167742,70807,Căn cứ,True,False,False,"Nghị quyết số số 11/2024/NQ-HĐND Quy định mức giá dịch vụ khám bệnh, chữa bệnh không thuộc phạm vi thanh toán của Quỹ bảo hiểm y tế nhưng không phải là dịch vụ khám bệnh, chữa bệnh theo yêu cầu trong các cơ sở khám bệnh, chữa bệnh của Nhà nước thuộc tỉnh Quảng Nam",
bhyt,157873,132188,Căn cứ,True,False,False,Nghị quyết số 93/2022/NQ-HĐND Quy định chính sách hỗ trợ mua thẻ bảo hiểm y tế cho một số đối tượng tham gia bảo hiểm y tế trên địa bàn tỉnh Cao Bằng giai đoạn 2023-2025,
bhyt,88622,62448,Căn cứ,True,True,False,"Quyết định 3651/QĐ-UBND ban hành Kế hoạch Chương trình hành động 32-CTrHĐ/TU thực hiện Nghị quyết 21-NQ/TW về tăng cường sự lãnh đạo của Đảng đối với công tác bảo hiểm xã hội, bảo hiểm y tế giai đoạn 2012 - 2020 do thành phố Hồ Chí Minh ban hành",Quyết định số 538/QĐ-TTg Phê duyệt Đề án thực hiện lộ trình tiến tới bảo hiểm y tế toàn dân giai đoạn 2012-2015 và 2020
bhyt,140624,26831,Dẫn chiếu,True,False,False,Thông tư số 30/2019/TT-BLĐTBXH Hướng dẫn lập danh sách đối tượng tham gia bảo hiểm y tế do Bộ Lao động - Thương binh và Xã hội quản lý,
bhyt,185418,172923,Căn cứ,True,True,False,"Nghị quyết số 99/2025/NQ-HĐND quy định chính sách hỗ trợ kinh phí tham gia bảo hiểm xã hội tự nguyện, bảo hiểm y tế trên địa bàn tỉnh Bắc Ninh, giai đoạn 2026- 2030",Luật Bảo hiểm y tế sửa đổi 2024 số Luật số 51/2024/QH15
bhyt,155298,151168,Căn cứ,True,False,False,"Nghị quyết số 65/2022/NQ-HĐND Quy định mức giá dịch vụ xét nghiệm SARS-CoV-2 không thuộc phạm vi thanh toán của Quỹ bảo hiểm y tế (chưa bao gồm chi phí sinh phẩm xét nghiệm SARS-CoV-2) tại cơ sở khám bệnh, chữa bệnh của Nhà nước trên địa bàn tỉnh Hà Tĩnh",
bhyt,131826,103581,Căn cứ,True,False,False,"Quyết định số 24/2018/QĐ-UBND Bãi bỏ Quyết định số 21/2016/QĐ-UBND ngày 19/7/2016 của Ủy ban nhân dân tỉnh về việc ban hành quy định giá thu một số dịch vụ y tế không thuộc phạm vi thanh toán của Quỹ bảo hiểm y tế và đối với người bệnh không có thẻ bảo hiểm y tế tại các cơ sở khám bệnh, chữa bệnh công lập trên địa bàn tỉnh Bình Thuận.",
bhyt,88622,30863,Văn bản dẫn chiếu,True,False,False,"Quyết định 3651/QĐ-UBND ban hành Kế hoạch Chương trình hành động 32-CTrHĐ/TU thực hiện Nghị quyết 21-NQ/TW về tăng cường sự lãnh đạo của Đảng đối với công tác bảo hiểm xã hội, bảo hiểm y tế giai đoạn 2012 - 2020 do thành phố Hồ Chí Minh ban hành",
bhyt,18312,40357,"Văn bản HD, QĐ chi tiết",False,True,False,,Quyết định số 1005/QĐ-BHXH Về việc sửa đổi bổ sung một số điểm tại quy định về tổ chức thực hiện chế độ KCB bảo hiểm y tế ban hành kèm theo Quyết định số 2559/QĐ-BHXH ngày 27/9/2005 Của Tổng Giám đốc Bảo hiểm xã hội Việt Nam
bhyt,21993,7543,Dẫn chiếu,True,False,False,Thông tư liên tịch số 09/2002/TTLT/BTCCBCP-BLĐTBXH-BTC-BYT Hướng dẫn về việc chuyển Bảo hiểm y tế Việt Nam sang Bảo hiểm xã hội Việt Nam.,
bhyt,267ffff0-6647-11f1-b01e-8bc328b4d0e9,173641,Căn cứ,True,False,False,Nghị quyết số 14/2026/NQ-HĐND Nghị quyết quy định chính sách hỗ trợ an sinh xã hội cho người dân thủ đô,
bhyt,184731,179427,Căn cứ,True,False,False,Nghị quyết số 23/2025/NQ-HĐND Về việc quy định mức hỗ trợ đóng bảo hiểm y tế cho các đối tượng không được hưởng mức hỗ trợ từ ngân sách nhà nước đối với Thanh niên thi hành nghĩa vụ Kinh tế - Quốc phòng của tỉnh Tây Ninh và Đoàn xây dựng kinh tế Thanh niên trên địa bàn tỉnh Tây Ninh,
"bhyt,vien_phi",174421,168128,Căn cứ,True,False,False,"Nghị quyết số 30/2024/NQ-HĐND Bãi bỏ Nghị quyết số 09/2019/NQ-HĐND ngày 06 tháng 12 năm 2019 của Hội đồng nhân dân tỉnh “về việc quy định mức giá dịch vụ khám bệnh, chữa bệnh không thuộc phạm vi thanh toán của Quỹ bảo hiểm y tế trong các cơ sở khám bệnh, chữa bệnh của Nhà nước trên địa bàn tỉnh Bạc Liêu”",
bhyt,163811,70800,Căn cứ,True,False,False,Nghị quyết số 32/2023/NQ-HĐND Quy định hỗ trợ mức đóng bảo hiểm y tế cho hộ thoát nghèo và hộ thoát cận nghèo trên địa bàn tỉnh Cà Mau đến năm 2025,
bhyt,153839,166391,Căn cứ,True,False,False,Nghị quyết số 113/2022/NQ-UBND Quy định mức giá dịch vụ xét nghiệm SARS-CoV-2 không thuộc phạm vi thanh toán của Quỹ bảo hiểm y tế trên địa bàn tỉnh Hòa Bình,
bhyt,126494,38018,Căn cứ,False,True,False,,Nghị định số 105/2014/NĐ-CP Quy định chi tiết và hướng dẫn thi hành một số điều của Luật Bảo hiểm y tế
bhyt,179772,36793,Căn cứ,True,False,False,"Thông tư số 63/2025/TT-BQP Quy định, hướng dẫn thực hiện một số điều của Nghị định số 70/2015/NĐ-CP ngày 01 tháng 9 năm 2015 của Chính phủ quy định chi tiết và hướng dẫn thi hành một số điều của Luật Bảo hiểm y tế đối với quân đội nhân dân, công an nhân dân và người làm công tác cơ yếu; Nghị định số 74/2025/NĐ-CP ngày 31 tháng 3 năm 2025 sửa đổi, bổ sung một số điều của Nghị định số 70/2015/NĐ-CP ngày 01 tháng 9 năm 2015 của Chính phủ",
bhyt,113135,38018,Dẫn chiếu,False,True,False,,Nghị định số 105/2014/NĐ-CP Quy định chi tiết và hướng dẫn thi hành một số điều của Luật Bảo hiểm y tế
"bhyt,vien_phi",157394,27624,Căn cứ,True,False,False,"Quyết định số 27/2020/QĐ-UBND Quy định giá dịch vụ khám bệnh, chữa bệnh không thuộc phạm vi thanh toán của Quỹ bảo hiểm y tế trong các cơ sở khám bệnh, chữa bệnh của Nhà nước trên địa bàn tỉnh Ninh Thuận",
bhyt,184706,179711,Căn cứ,False,True,False,,Nghị định số 188/2025/NĐ-CP hướng dẫn Luật Bảo hiểm y tế
"bhyt,vien_phi",173935,70800,Căn cứ,True,False,False,"Nghị quyết số 29/2024/NQ-HĐND Bãi bỏ Nghị quyết số 15/2024/NQ-HĐND ngày 11 tháng 7 năm 2024 của Hội đồng nhân dân tỉnh Ninh Thuận quy định giá dịch vụ khám bệnh, chữa bệnh không thuộc phạm vi thanh toán của Quỹ bảo hiểm y tế trong các cơ sở khám bệnh, chữa bệnh của Nhà nước trên địa bàn tỉnh Ninh Thuận",
bhyt,185038,12326,Căn cứ,True,False,False,Nghị quyết số 15/2025/NQ-HĐND Quy định mức hỗ trợ đóng bảo hiểm y tế cho một số đối tượng trên địa bàn tỉnh Cà Mau,
bhyt,100276,19421,Căn cứ,True,False,False,"Quyết định số 31/2015/QĐ-UBND Về việc bổ sung Điều 6 Quyết định số 25/2015/QĐ-UBND ngày 12 tháng 5 năm 2015 của Ủy ban nhân dân tỉnh quy định đăng ký khám bệnh, chữa bệnh ban đầu và chuyển tuyến khám bệnh, chữa bệnh bảo hiểm y tế trên địa bàn tỉnh Ninh Thuận",
"bhyt,vien_phi",172863,166391,Căn cứ,True,False,False,"Nghị quyết số 140/2024/NQ-HĐND Quy định giá dịch vụ khám bệnh, chữa bệnh thuộc danh mục do Quỹ bảo hiểm y tế thanh toán; giá dịch vụ khám bệnh, chữa bệnh do ngân sách nhà nước thanh toán; giá dịch vụ khám bệnh, chữa bệnh không thuộc danh mục do Quỹ bảo hiểm y tế thanh toán mà không phải là dịch vụ khám bệnh, chữa bệnh theo yêu cầu cho các cơ sở khám bệnh, chữa bệnh của Nhà nước thuộc phạm quản lý của tỉnh Nam Định",
bhyt,85556,67295,Căn cứ,False,True,False,,"Thông tư liên tịch số 05/2015/TTLT-BTP-BCA-BYT Hướng dẫn thực hiện liên thông các thủ tục hành chính về đăng ký khai sinh, đăng ký thường trú, cấp thẻ bảo hiểm y tế cho trẻ em dưới 6 tuổi"
bhyt,157778,70800,Căn cứ,True,False,False,Nghị quyết số 105/2022/NQ-HĐND Quy định mức hỗ trợ đóng bảo hiểm y tế cho nhóm đối tượng trên địa bàn tỉnh Nam Định,
bhyt,88622,14463,Dẫn chiếu,True,False,False,"Quyết định 3651/QĐ-UBND ban hành Kế hoạch Chương trình hành động 32-CTrHĐ/TU thực hiện Nghị quyết 21-NQ/TW về tăng cường sự lãnh đạo của Đảng đối với công tác bảo hiểm xã hội, bảo hiểm y tế giai đoạn 2012 - 2020 do thành phố Hồ Chí Minh ban hành",
bhyt,48242,12693,Căn cứ,True,False,False,"Quyết định số 05/2015/QĐ-UBND Về việc thực hiện chế độ hỗ trợ bảo hiểm xã hội tự nguyện, bảo hiểm y tế cho công an viên và thôn, ấp, khu đội trưởng được bố trí ở thôn, ấp, khu phố trên địa bàn tỉnh Bà Rịa - Vũng Tàu",
bhyt,100276,25170,Căn cứ,True,False,False,"Quyết định số 31/2015/QĐ-UBND Về việc bổ sung Điều 6 Quyết định số 25/2015/QĐ-UBND ngày 12 tháng 5 năm 2015 của Ủy ban nhân dân tỉnh quy định đăng ký khám bệnh, chữa bệnh ban đầu và chuyển tuyến khám bệnh, chữa bệnh bảo hiểm y tế trên địa bàn tỉnh Ninh Thuận",
bhyt,49482,14463,Dẫn chiếu,True,False,False,"Quyết định số 104/2009/QĐ-UBND Về việc phân công, phân cấp quản lý mua, cấp phát thẻ bảo hiểm y tế cho các đối tượng được Ngân sách Nhà nước đảm bảo trên địa bàn tỉnh Nghệ An",
bhyt,73498,38018,Căn cứ,False,True,False,,Nghị định số 105/2014/NĐ-CP Quy định chi tiết và hướng dẫn thi hành một số điều của Luật Bảo hiểm y tế
"bhyt,vien_phi",168588,167565,Căn cứ,True,False,False,"Nghị quyết số 26/2024/NQ-HĐND Quy định giá dịch vụ khám bệnh, chữa bệnh không thuộc danh mục do Quỹ bảo hiểm y tế thanh toán mà không phải là dịch vụ khám bệnh, chữa bệnh theo yêu cầu đối với các cơ sở khám bệnh, chữa bệnh của Nhà nước thuộc tỉnh Thanh Hóa quản lý",
bhyt,184799,12326,Căn cứ,True,False,False,"Nghị quyết số 23/2025/NQ-HĐND Quy định mức hỗ trợ đóng bảo hiểm y tế đối với người thuộc hộ cận nghèo, người cao tuổi từ đủ 60 tuổi đến dưới 75 tuổi, người dân tộc thiểu số có khó khăn đặc thù trên địa bàn tỉnh Lào Cai",
bhyt,100729,15057,Căn cứ,True,False,False,"Quyết định số 2583/2014/QĐ-UBND Về việc ban hành Quy chế phối hợp công tác thực hiện pháp luật về bảo hiểm xã hội, bảo hiểm y tế, bảo hiểm thất nghiệp",
bhyt,88622,13036,"Quy định chi tiết, hướng dẫn thi hành",True,False,False,"Quyết định 3651/QĐ-UBND ban hành Kế hoạch Chương trình hành động 32-CTrHĐ/TU thực hiện Nghị quyết 21-NQ/TW về tăng cường sự lãnh đạo của Đảng đối với công tác bảo hiểm xã hội, bảo hiểm y tế giai đoạn 2012 - 2020 do thành phố Hồ Chí Minh ban hành",
"bhyt,vien_phi",177421,175363,Căn cứ,True,False,False,"Nghị quyết số 05/2025/NQ-HĐND Bãi bỏ Nghị quyết số 54/2019/NQ-HĐND ngày 13/12/2019 của Hội đồng nhân dân tỉnh Bình Định quy định mức giá dịch vụ khám bệnh, chữa bệnh không thuộc phạm vi thanh toán của Quỹ bảo hiểm y tế trong các cơ sở khám bệnh, chữa bệnh của Nhà nước thuộc tỉnh Bình Định",
bhyt,185037,25164,Căn cứ,True,False,False,"Nghị quyết số 57/2025/NQ-HĐND Quy định chính sách hỗ trợ mức đóng bảo hiểm y tế cho các nhóm đối tượng xã hội đang thường trú trên địa bàn thành phố Hải Phòng, giai đoạn 2026 - 2030",
bhyt,140624,27066,Dẫn chiếu,True,False,False,Thông tư số 30/2019/TT-BLĐTBXH Hướng dẫn lập danh sách đối tượng tham gia bảo hiểm y tế do Bộ Lao động - Thương binh và Xã hội quản lý,
bhyt,157577,166391,Căn cứ,True,False,False,Nghị quyết số 304/2022/NQ-HĐND Quy định mức hỗ trợ đóng bảo hiểm y tế cho đối tượng thuộc hộ cận nghèo trên địa bàn tỉnh Thanh Hóa quý IV năm 2022,
bhyt,185097,172923,Căn cứ,False,True,False,,Luật Bảo hiểm y tế sửa đổi 2024 số Luật số 51/2024/QH15
bhyt,179244,176042,Căn cứ,True,False,False,"Thông tư số 15/2025/TT-BYT quy định về phân cấp, phân định thẩm quyền của chính quyền địa phương 02 cấp trong lĩnh vực y, dược cổ truyền do Bộ trưởng Bộ Y tế ban hành",
bhyt,148676,12326,Căn cứ,True,False,False,Nghị quyết số 12/2021/NQ-HĐND Quy định mức hỗ trợ đóng bảo hiểm y tế cho người thuộc hộ nghèo đa chiều thiếu hụt các dịch vụ xã hội cơ bản khác và người thuộc hộ gia đình cận nghèo trên địa bàn tỉnh Lạng Sơn,
bhyt,172977,166456,Căn cứ,True,False,False,Nghị quyết số 110/2024/NQ-HĐND Bãi bỏ các Nghị quyết của Hội đồng nhân dân tỉnh Gia Lai,
bhyt,185356,117045,Bãi bỏ,True,False,True,Nghị quyết số '26/2025/NQ-HĐND Quy định mức hỗ trợ đóng bảo hiểm y tế cho một số đối tượng trên địa bàn thành phố Cần Thơ,
bhyt,169585,103581,Căn cứ,True,False,False,Thông tư 08/2024/TT-BYT bãi bỏ một phần các văn bản quy phạm pháp luật do Bộ trưởng Bộ Y tế ban hành,
bhyt,118425,38018,Căn cứ,False,True,False,,Nghị định số 105/2014/NĐ-CP Quy định chi tiết và hướng dẫn thi hành một số điều của Luật Bảo hiểm y tế
bhyt,176707,36793,Căn cứ,True,False,False,"Nghị định số 74/2025/NĐ-CP Sửa đổi, bổ sung một số điều của Nghị định số 70/2015/NĐ-CP ngày 01 tháng 09 năm 2015 của Chính phủ quy định chi tiết và hướng dẫn thi hành một số điều của Luật Bảo hiểm y tế đói với Quân đội nhân dân, công an nhân dân và người làm công tác cơ yếu",
bhyt,121610,38018,Căn cứ,True,True,False,Quyết định số 06/2017/QĐ-UBND Quy định mức hỗ trợ đóng bảo hiểm y tế cho người thuộc hộ gia đình cận nghèo trên địa bàn tỉnh Ninh Thuận năm 2017,Nghị định số 105/2014/NĐ-CP Quy định chi tiết và hướng dẫn thi hành một số điều của Luật Bảo hiểm y tế
bhyt,154152,151301,Văn bản căn cứ,True,False,False,Nghị quyết số 04/2022/NQ-HĐND Quy định giá dịch vụ xét nghiệm SARS-CoV-2 không thuộc phạm vi thanh toán của Quỹ Bảo hiểm y tế áp dụng cho các cơ sở y tế công lập thuộc tỉnh Phú Thọ quản lý,
bhyt,127243,117601,Văn bản căn cứ,True,False,False,"Quyết định số 52/2017/QĐ-UBND Sửa đổi, bổ sung Quyết định số 52/2016/QĐ-UBND ngày 21/12/2016 của UBND tỉnh về việc hỗ trợ kinh phí đóng bảo hiểm y tế giai đoạn 2017-2020",
bhyt,40272,40242,Văn bản căn cứ,True,False,False,Quyết định số 2559/QĐ-BHXH Ban hành quy định về tổ chức thực hiện chế độ khám chữa bệnh bảo hiểm y tế,
bhyt,14834,67295,"Văn bản HD, QĐ chi tiết",False,True,False,,"Thông tư liên tịch số 05/2015/TTLT-BTP-BCA-BYT Hướng dẫn thực hiện liên thông các thủ tục hành chính về đăng ký khai sinh, đăng ký thường trú, cấp thẻ bảo hiểm y tế cho trẻ em dưới 6 tuổi"
bhyt,155469,70800,Căn cứ,True,False,False,Nghị quyết số 06/2022/NQ-HĐND Quy định giá dịch vụ xét nghiệm SARS-CoV-2không thuộc phạm vi thanh toán của Quỹ bảo hiểm y tế trên địa bàn tỉnh Bến Tre,
bhyt,184909,132982,Căn cứ,True,False,False,Nghị quyết số 36/2025/NQ-HĐND quy định mức hỗ trợ đóng bảo hiểm y tế cho một số đối tượng trên địa bàn tỉnh Đồng Nai giai đoạn 2026 - 2030,
"bhyt,vien_phi",173176,167565,Căn cứ,True,False,False,"Nghị quyết số 68/2024/NQ-HĐND Quy định giá dịch vụ khám bệnh, chữa bệnh thuộc danh mục thanh toán của Quỹ bảo hiểm y tế, giá dịch vụ khám bệnh, chữa bệnh do ngân sách nhà nước thanh toán và giá dịch vụ khám bệnh, chữa bệnh không thuộc danh mục thanh toán của Quỹ bảo hiểm y tế mà không phải là dịch vụ khám bệnh, chữa bệnh theo yêu cầu tại các cơ sở khám bệnh, chữa bệnh công lập thuộc thành phố Đà Nẵng",
bhyt,169585,138162,Bãi bỏ,True,False,True,Thông tư 08/2024/TT-BYT bãi bỏ một phần các văn bản quy phạm pháp luật do Bộ trưởng Bộ Y tế ban hành,
bhyt,125855,70819,Căn cứ,True,False,False,Nghị quyết số 35/2017/NQ-HĐND Hỗ trợ kinh phí 30% mệnh giá mua thẻ bảo hiểm y tế cho người thuộc hộ cận nghèo trên địa bàn tỉnh Trà Vinh từ năm 2017 đến năm 2020,
bhyt,5064,10019,Thay thế,True,False,True,Chỉ thị số 30/1998/CT-UB Về việc đẩy mạnh các hoạt động y tế học đường và bảo hiểm y tế học sinh trong các trường học.,
bhyt,179797,167220,Hợp nhất,True,False,False,Văn bản hợp nhất số 04/VBHN-BYT Quy định chi tiết và hướng dẫn biện pháp thi hành một số điều của luật bảo hiểm y tế,
bhyt,147940,166391,Căn cứ,True,False,False,"Quyết định số Số: 09/2021/QĐ-UBND Bãi bỏ Quyết định số 03/2016/QĐ-UBND ngày 28 tháng 3 năm 2016 của Uỷ ban nhân dân tỉnh ban hành Quy chế phối hợp thực hiện đăng ký khai sinh, đăng ký thường trú, cấp thẻ bảo hiểm y tế cho trẻ em dưới 6 tuổi trên địa bàn tỉnh Điện Biên",
"bhyt,vien_phi",167000,173768,Văn bản quy định hết hiệu lực,False,True,False,,"Nghị quyết số 114/2024/NQ-HĐND Bãi bỏ Nghị quyết số 23/2024/NQ-HĐND ngày 06 tháng 5 năm 2024 của HĐND tỉnh Bắc Giang quy định mức giá dịch vụ khám bệnh, chữa bệnh không thuộc phạm vi thanh toán của Quỹ bảo hiểm y tế trong các cơ sở khám bệnh, chữa bệnh của Nhà nước trên địa bàn tỉnh Bắc Giang"
"bhyt,vien_phi",172678,158076,Bãi bỏ,True,False,True,"Nghị quyết số 23/2024/NQ-HĐND Bãi bỏ toàn bộ Nghị quyết số 16/2022/NQ-HĐND ngày 09/12/2022 của Hội đồng nhân dân thành phố quy định mức giá dịch vụ khám bệnh, chữa bệnh không thuộc phạm vi thanh toán của Quỹ bảo hiểm y tế trong các cơ sở khám bệnh, chữa bệnh của Nhà nước thuộc thành phố Hải Phòng",
bhyt,155518,70819,Căn cứ,True,False,False,Nghị quyết số 10/2022/NQ-HĐND Quy định mức giá dịch vụ xét nghiệm SARS-CoV-2 bao gồm chi phí trực tiếp và chi phí tiền lương (chưa bao gồm sinh phẩm xét nghiệm phản ứng) trong trường hợp không thuộc phạm vi thanh toán của Quỹ bảo hiểm y tế trên địa bàn tỉnh An Giang,
bhyt,152410,70819,Căn cứ,True,False,False,"Nghị quyết số 16/2021/NQ-HĐND Quy định mức hỗ trợ đóng bảo hiểm y tế từ ngân sách địa phương đối với người thuộc hộ gia đình làm nông nghiệp, lâm nghiệp, ngư nghiệp có mức sống trung bình và học sinh, sinh viên trên địa bàn tỉnh Kiên Giang",
bhyt,145237,70800,Căn cứ,True,False,False,Nghị quyết số 18/2020/NQ-HĐND Quy định mức hỗ trợ 30% mức đóng bảo hiểm y tế cho người thuộc hộ gia đình nghèo đa chiều và người thuộc hộ gia đình cận nghèo trên địa bàn tỉnh An Giang,
bhyt,132858,70811,Căn cứ,True,False,False,"Quyết định số 51/2018/QĐ-TTg Về chi phí quản lý bảo hiểm xã hội, bảo hiểm thất nghiệp, bảo hiểm y tế giai đoạn 2019 - 2021",
bhyt,156404,70800,Căn cứ,True,False,False,"Quyết định số 49/2022/QĐ-UBND Quy định mức giá dịch vụ xét nghiệm SARS-CoV-2 trong trường hợp không thuộc phạm vi thanh toán của Quỹ bảo hiểm y tế tại các cơ sở khám bệnh, chữa bệnh công lập thuộc tỉnh Ninh Thuận",
"bhyt,vien_phi",126175,25170,Căn cứ,True,False,False,"Quyết định số 23/2017/QĐ-UBND Triển khai thực hiện Nghị quyết số 08/2017/NQ-HĐND Ngày 14 tháng 7 năm 2017 của Hội đồng nhân dân tỉnh Bạc Liêu về việc quy định mức giá dịch vụ khám bệnh, chữa bệnh không thuộc phạm vi thanh toán của Quỹ bảo hiểm y tế trong các cơ sở khám bệnh, chữa bệnh của Nhà nước trên địa bàn tỉnh Bạc Liêu",
bhyt,175333,170853,Căn cứ,False,True,False,,"Nghị định số 63/2024/NĐ-CP Quy định việc thực hiện liên thông điện tử 02 nhóm thủ tục hành chính: Đăng ký khai sinh, đăng ký thường trú, cấp thẻ bảo hiểm y tế cho trẻ em dưới 6 tuổi; đăng ký khai tử, xóa đăng ký thường trú, giải quyết mai táng phí, tử tuất"
bhyt,155469,139878,Căn cứ,True,False,False,Nghị quyết số 06/2022/NQ-HĐND Quy định giá dịch vụ xét nghiệm SARS-CoV-2không thuộc phạm vi thanh toán của Quỹ bảo hiểm y tế trên địa bàn tỉnh Bến Tre,
bhyt,168803,36793,Căn cứ,True,False,False,Nghị quyết số 15/2024/NQ-HĐND Quy định chính sách hỗ trợ kinh phí đóng bảo hiểm y tế; chi phí cùng chi trả đối với thuốc kháng HIV cho người nhiễm HIV/AIDS có thẻ bảo hiểm y tế trên địa bàn tỉnh Nghệ An,
"bhyt,vien_phi",186215,179644,Căn cứ,True,False,False,"Nghị quyết số 36/2025/NQ-HĐND Bãi bỏ Nghị quyết số 29/2024/NQ-HĐND ngày 30 tháng 12 năm 2024 của Hội đồng nhân dân tỉnh Bạc Liêu quy định giá dịch vụ khám bệnh, chữa bệnh do quỹ bảo hiểm y tế thanh toán; giá dịch vụ khám bệnh, chữa bệnh do Ngân sách nhà nước thanh toán; giá dịch vụ khám bệnh, chữa bệnh không thuộc danh mục do quỹ bảo hiểm y tế thanh toán mà không phải là dịch vụ khám bệnh, chữa bệnh theo yêu cầu đối với các cơ sở khám bệnh, chữa bệnh của Nhà nước trên địa bàn tỉnh Bạc Liêu",
bhyt,179772,12326,Căn cứ,True,False,False,"Thông tư số 63/2025/TT-BQP Quy định, hướng dẫn thực hiện một số điều của Nghị định số 70/2015/NĐ-CP ngày 01 tháng 9 năm 2015 của Chính phủ quy định chi tiết và hướng dẫn thi hành một số điều của Luật Bảo hiểm y tế đối với quân đội nhân dân, công an nhân dân và người làm công tác cơ yếu; Nghị định số 74/2025/NĐ-CP ngày 31 tháng 3 năm 2025 sửa đổi, bổ sung một số điều của Nghị định số 70/2015/NĐ-CP ngày 01 tháng 9 năm 2015 của Chính phủ",
bhyt,172923,26741,Dẫn chiếu,True,False,False,Luật Bảo hiểm y tế sửa đổi 2024 số Luật số 51/2024/QH15,
bhyt,127519,36793,Căn cứ,True,False,False,Quyết định số Số: 10/2018/QĐ-UBND Quy định mức hỗ trợ đóng bảo hiểm y tế cho người thuộc hộ gia đình nghèo đa chiều thiếu hụt dịch vụ xã hội cơ bản khác (không bị thiếu hụt bảo hiểm y tế) trên địa bàn tỉnh Điện Biên,
"bhyt,vien_phi",165092,173621,Văn bản quy định hết hiệu lực,False,True,False,,"Nghị quyết số 40/2024/NQ-HĐND Bãi bỏ Nghị quyết số 01/2024/NQ-HĐND ngày 19 tháng 01 năm 2024 của Hội đồng nhân dân tỉnh Đồng Nai quy định giá dịch vụ khám bệnh, chữa bệnh không thuộc phạm vi thanh toán của Quỹ bảo hiểm y tế trong các cơ sở khám bệnh, chữa bệnh của Nhà nước trên địa bàn tỉnh Đồng Nai"
bhyt,173380,132188,Căn cứ,True,False,False,"Nghị quyết số 20/2024/NQ-HĐND Về việc quy định mức hỗ trợ đóng bảo hiểm y tế cho người dân tộc thiểu số tại các thôn, tổ dân phố, xã không thuộc vùng có điều kiện kinh tế - xã hội khó khăn, đặc biệt khó khăn trên địa bàn tỉnh Khánh Hòa",
"bhyt,vien_phi",172678,139878,Căn cứ,True,False,False,"Nghị quyết số 23/2024/NQ-HĐND Bãi bỏ toàn bộ Nghị quyết số 16/2022/NQ-HĐND ngày 09/12/2022 của Hội đồng nhân dân thành phố quy định mức giá dịch vụ khám bệnh, chữa bệnh không thuộc phạm vi thanh toán của Quỹ bảo hiểm y tế trong các cơ sở khám bệnh, chữa bệnh của Nhà nước thuộc thành phố Hải Phòng",
"bhyt,vien_phi",173768,170581,Căn cứ,True,False,False,"Nghị quyết số 114/2024/NQ-HĐND Bãi bỏ Nghị quyết số 23/2024/NQ-HĐND ngày 06 tháng 5 năm 2024 của HĐND tỉnh Bắc Giang quy định mức giá dịch vụ khám bệnh, chữa bệnh không thuộc phạm vi thanh toán của Quỹ bảo hiểm y tế trong các cơ sở khám bệnh, chữa bệnh của Nhà nước trên địa bàn tỉnh Bắc Giang",
bhyt,165362,36793,Căn cứ,True,False,False,"Nghị quyết số 336/2022/NQ-HĐND Quy định mức hỗ trợ từ ngân sách nhà nước đóng bảo hiểm y tế cho người thuộc hộ gia đình nông nghiệp, ngư nghiệp có mức sống trung bình trên địa bàn tỉnh Hưng Yên giai đoạn 2023-2025",
bhyt,158050,70800,Căn cứ,True,False,False,"Nghị quyết số 61/2022/NQ-HĐND Quy định mức giá dịch vụ xét nghiệm SARS-CoV-2 không thuộc phạm vi thanh toán của Quỹ bảo hiểm y tế cho các cơ sở khám bệnh, chữa bệnh của Nhà nước trên địa bàn tỉnh Lai Châu",
bhyt,149120,139878,Căn cứ,True,False,False,"Quyết định số 27/2021/QĐ-UBND Bãi bỏ Quyết định số 46/2014/QĐ-UBND ngày 26 tháng 11 năm 2014 của Ủy ban nhân dân tỉnh về việc ban hành Quy chế thực hiện liên thông nhóm thủ tục hành chính thuộc lĩnh vực hộ tịch, bảo hiểm y tế và đăng ký, quản lý cư trú cho trẻ em dưới 6 tuổi của tỉnh Phú Yên",
bhyt,152757,70819,Căn cứ,True,False,False,Nghị quyết số Số: 04/2022/NQ-HĐND Quy định chính sách hỗ trợ bảo hiểm y tế đối với đồng bào dân tộc thiểu số trên địa bàn tỉnh Quảng Nam giai đoạn 2022 - 2025,
bhyt,187782,36793,Căn cứ,True,False,False,"Thông tư số 107/2025/TT-BTC Hướng dẫn kế toán quỹ bảo hiểm xã hội, quỹ bảo hiểm y tế, quỹ bảo hiểm thất nghiệp",
"bhyt,vien_phi",149470,123256,Căn cứ,True,False,False,"Thông tư số 48/2017/TT-BYT Quy định trích chuyển dữ liệu điện tử trong quản lý và thanh toán chi phí khám bệnh, chữa bệnh bảo hiểm y tế",
bhyt,146838,142842,Văn bản căn cứ,True,False,False,"Quyết định số Số: 03/2021/QĐ-UBND Quy định mức hỗ trợ đóng bảo hiểm y tế cho người thuộc hộ gia đình cận nghèo, người thuộc hộ gia đình làm nông nghiệp, lâm nghiệp, ngư nghiệp có mức sống trung bình và học sinh, sinh viên trên địa bàn tỉnh Điện Biên",
bhyt,0682b030-84d3-11f1-8e08-0594f352574d,168516,Thay thế,True,False,True,Nghị quyết số 60/2026/NQ-HĐND Quy định mức hỗ trợ đóng bảo hiểm y tế trên địa bàn tỉnh Quảng Ngãi,
bhyt,11802,17141,Dẫn chiếu,True,False,False,Quyết định số 170/2008/QĐ-TTg Về chế độ bảo hiểm y tế và trợ cấp mai táng đối với thanh niên xung phong thời kỳ kháng chiến chống Pháp,
bhyt,40940,23616,Căn cứ,True,False,False,"Quyết định số 1111/QĐ-BHXH Về việc ban hành Quy định quản lý thu bảo hiểm xã hội, bảo hiểm y tế; quản lý sổ bảo hiểm xã hội, thẻ bảo hiểm y tế",
bhyt,184708,163878,Tạm ngưng hiệu lực,True,False,False,"Nghị quyết số 57/2025/NQ-HĐND Quy định chính sách hỗ trợ mức đóng bảo hiểm y tế cho các nhóm đối tượng xã hội đang thường trú trên địa bàn thành phố Hải Phòng, giai đoạn 2026 - 2030",
bhyt,185418,175027,Căn cứ,True,False,False,"Nghị quyết số 99/2025/NQ-HĐND quy định chính sách hỗ trợ kinh phí tham gia bảo hiểm xã hội tự nguyện, bảo hiểm y tế trên địa bàn tỉnh Bắc Ninh, giai đoạn 2026- 2030",
bhyt,173922,169024,Thay thế,True,False,True,"Nghị quyết số 32/2024/NQ-HĐND Quy định giá cụ thể dịch vụ khám bệnh, chữa bệnh do Quỹ bảo hiểm y tế thanh toán; giá cụ thể dịch vụ khám bệnh, chữa bệnh do ngân sách nhà nước thanh toán, giá cụ thể dịch vụ khám bệnh, chữa bệnh không thuộc danh mục do quỹ bảo hiểm y tế thanh toán mà không phải là dịch vụ khám bệnh, chữa bệnh theo yêu cầu đối với các cơ sở khám bệnh, chữa bệnh của Nhà nước trên địa bàn tỉnh Đắk Lắk",
"bhyt,vien_phi",168478,70800,Căn cứ,True,False,False,"NGHỊ QUYẾT SỐ Số: 6/2019/NQ-HĐND QUY ĐỊNH VỀ GIÁ DỊCH VỤ KHÁM BỆNH, CHỮA BỆNH KHÔNG THUỘC PHẠM VI THANH TOÁN CỦA QUỸ BẢO HIỂM Y TẾ TRONG CÁC CƠ SỞ KHÁM BỆNH, CHỮA BỆNH CỦA NHÀ NƯỚC TRÊN ĐỊA BÀN TỈNH BÌNH PHƯỚC",
bhyt,139464,135466,Căn cứ,False,True,False,,"Thông tư số 27/2018/TT-BYT Hướng dẫn thực hiện bảo hiểm y tế và khám bệnh, chữa bệnh liên quan đến HIV/AIDS"
bhyt,183752,179711,Dẫn chiếu,False,True,False,,Nghị định số 188/2025/NĐ-CP hướng dẫn Luật Bảo hiểm y tế
bhyt,171713,132188,Căn cứ,True,False,False,"Thông tư 37/2024/TT-BYT quy định nguyên tắc, tiêu chí xây dựng, cập nhật, ghi thông tin, cấu trúc danh mục và hướng dẫn thanh toán đối với thuốc hóa dược, sinh phẩm, thuốc phóng xạ và chất đánh dấu thuộc phạm vi được hưởng của người tham gia bảo hiểm y tế do Bộ trưởng Bộ Y tế ban hành",
bhyt,100567,38018,"Quy định chi tiết, hướng dẫn thi hành",False,True,False,,Nghị định số 105/2014/NĐ-CP Quy định chi tiết và hướng dẫn thi hành một số điều của Luật Bảo hiểm y tế
bhyt,173888,92858,Bãi bỏ,True,False,True,Quyết định số 134/2024/QĐ-UBND Bãi bỏ Quyết định số 51/2015/QĐ-UBND ngày 13 tháng 11 năm 2015 của Ủy ban nhân dân Thành phố Hồ Chí Minh về ban hành quy trình thực hiện cấp thẻ Bảo hiểm y tế cho các đối tượng bảo trợ xã hội tại cộng đồng trên địa bàn Thành phố Hồ Chí Minh,
"bhyt,vien_phi",185924,168125,Căn cứ,True,False,False,"Nghị quyết số 50/2025/NQ-HĐND Sửa đổi, bổ sung một số điều của Nghị quyết số 28/2024/NQ-HĐND ngày 31 tháng 12 năm 2024 của Hội đồng nhân dân tỉnh quy định giá dịch vụ khám bệnh, chữa bệnh do quỹ bảo hiểm y tế thanh toán; giá dịch vụ khám bệnh, chữa bệnh do ngân sách nhà nước thanh toán; giá dịch vụ khám bệnh, chữa bệnh không thuộc danh mục do quỹ bảo hiểm y tế thanh toán mà không phải là dịch vụ khám bệnh, chữa bệnh theo yêu cầu đối với các cơ sở khám bệnh, chữa bệnh của Nhà nước thuộc tỉnh Lạng Sơn quản lý",
bhyt,83c773d0-64b9-11f1-9b44-bbe6b0239ff6,12326,Căn cứ,True,False,False,Nghị quyết số 08/2026/NQ-HĐND Quy định mức hỗ trợ đóng bảo hiểm y tế cho người có uy tín trong đồng bào dân tộc thiểu số không thuộc đối tượng đã được ngân sách nhà nước đóng và hỗ trợ đóng bảo hiểm y tế trên địa bàn tỉnh An Giang,
bhyt,145237,111911,Thay thế,True,False,True,Nghị quyết số 18/2020/NQ-HĐND Quy định mức hỗ trợ 30% mức đóng bảo hiểm y tế cho người thuộc hộ gia đình nghèo đa chiều và người thuộc hộ gia đình cận nghèo trên địa bàn tỉnh An Giang,
bhyt,179772,172923,Căn cứ,True,True,False,"Thông tư số 63/2025/TT-BQP Quy định, hướng dẫn thực hiện một số điều của Nghị định số 70/2015/NĐ-CP ngày 01 tháng 9 năm 2015 của Chính phủ quy định chi tiết và hướng dẫn thi hành một số điều của Luật Bảo hiểm y tế đối với quân đội nhân dân, công an nhân dân và người làm công tác cơ yếu; Nghị định số 74/2025/NĐ-CP ngày 31 tháng 3 năm 2025 sửa đổi, bổ sung một số điều của Nghị định số 70/2015/NĐ-CP ngày 01 tháng 9 năm 2015 của Chính phủ",Luật Bảo hiểm y tế sửa đổi 2024 số Luật số 51/2024/QH15
bhyt,156404,153632,Căn cứ,True,False,False,"Quyết định số 49/2022/QĐ-UBND Quy định mức giá dịch vụ xét nghiệm SARS-CoV-2 trong trường hợp không thuộc phạm vi thanh toán của Quỹ bảo hiểm y tế tại các cơ sở khám bệnh, chữa bệnh công lập thuộc tỉnh Ninh Thuận",
bhyt,24550,40977,"Văn bản HD, QĐ chi tiết",False,True,False,,"Quyết định số 82/QĐ-BHXH Ban hành quy định về tổ chức thực hiện hợp đồng khám chữa bệnh, giám định chi trả chi phí khám, chữa bệnh, quản lý và sử dụng quỹ bảo hiểm ý tế"
bhyt,151287,153738,Văn bản quy định hết hiệu lực,False,True,False,,"Nghị quyết số 03/2022/NQ-HĐND Quy định giá dịch vụ xét nghiệm SARS-CoV-2 (chưa bao gồm sinh phẩm xét nghiệm phản ứng) trong trường hợp không thuộc phạm vi thanh toán của Quỹ bảo hiểm y tế tại các cơ sở khám bệnh, chữa bệnh của Nhà nước trên địa bàn tỉnh"
bhyt,24549,40977,"Văn bản HD, QĐ chi tiết",False,True,False,,"Quyết định số 82/QĐ-BHXH Ban hành quy định về tổ chức thực hiện hợp đồng khám chữa bệnh, giám định chi trả chi phí khám, chữa bệnh, quản lý và sử dụng quỹ bảo hiểm ý tế"
bhyt,157577,12326,Căn cứ,True,False,False,Nghị quyết số 304/2022/NQ-HĐND Quy định mức hỗ trợ đóng bảo hiểm y tế cho đối tượng thuộc hộ cận nghèo trên địa bàn tỉnh Thanh Hóa quý IV năm 2022,
bhyt,5133,10274,Dẫn chiếu,True,False,False,Quyết định số 1203/1996/QĐ-UB/VX Về việc thu bảo hiểm y tế học sinh,
bhyt,1ae37070-768f-11f1-9478-a32d42492b41,178340,Căn cứ,True,False,False,"Quy định số lượng và mức phụ cấp hàng tháng đối với cộng tác viên công tác xã hội xã, phường trên địa bàn tỉnh Vĩnh Long",
bhyt,165362,132188,Căn cứ,True,False,False,"Nghị quyết số 336/2022/NQ-HĐND Quy định mức hỗ trợ từ ngân sách nhà nước đóng bảo hiểm y tế cho người thuộc hộ gia đình nông nghiệp, ngư nghiệp có mức sống trung bình trên địa bàn tỉnh Hưng Yên giai đoạn 2023-2025",
bhyt,144998,135466,Căn cứ,False,True,False,,"Thông tư số 27/2018/TT-BYT Hướng dẫn thực hiện bảo hiểm y tế và khám bệnh, chữa bệnh liên quan đến HIV/AIDS"
bhyt,136623,36793,Căn cứ,True,False,False,Nghị quyết số 83/2019/NQ-HĐND Hỗ trợ kinh phí mua thẻ bảo hiểm y tế cho người nhiễm HIV/AIDS và kinh phí cùng chi trả thuốc kháng vi-rút HIV (ARV) cho người nhiễm HIV/AIDS có thẻ bảo hiểm y tế trên địa bàn tỉnh Trà Vinh giai đoạn 2019 - 2020,
bhyt,942fb8b0-6bc9-11f1-b2b3-bbf3b39968e2,8619b9a0-5e55-11f1-8e5a-2929924511d6,Căn cứ,False,True,False,,"Nghị định 02/2025/NĐ-CP Sửa đổi, bổ sung một số điều của nghị định số 146/2018/NĐ-CP ngày 17 tháng 10 năm 2018 của chính phủ quy định chi tiết và hướng dẫn biện pháp thi hành luật bảo hiểm y tể, đã được sửa đổi, bổ sung một số điều tại nghị định số 75/2023/NĐ-CP ngày 19 tháng 10 năm 2023 của chính phủ"
bhyt,171713,166456,Căn cứ,True,False,False,"Thông tư 37/2024/TT-BYT quy định nguyên tắc, tiêu chí xây dựng, cập nhật, ghi thông tin, cấu trúc danh mục và hướng dẫn thanh toán đối với thuốc hóa dược, sinh phẩm, thuốc phóng xạ và chất đánh dấu thuộc phạm vi được hưởng của người tham gia bảo hiểm y tế do Bộ trưởng Bộ Y tế ban hành",
bhyt,123510,92948,Căn cứ,True,False,False,Nghị quyết số 68/2017/NQ-HĐND Quy định mức hỗ trợ kinh phí đóng bảo hiểm y tế và chi phí cùng chi trả sử dụng thuốc kháng vi rút HIV đối với người nhiễm HIV/AIDS trên địa bàn tỉnh Điện Biên,
bhyt,113135,38018,Căn cứ,False,True,False,,Nghị định số 105/2014/NĐ-CP Quy định chi tiết và hướng dẫn thi hành một số điều của Luật Bảo hiểm y tế
"bhyt,vien_phi",139502,177421,Văn bản quy định hết hiệu lực,False,True,False,,"Nghị quyết số 05/2025/NQ-HĐND Bãi bỏ Nghị quyết số 54/2019/NQ-HĐND ngày 13/12/2019 của Hội đồng nhân dân tỉnh Bình Định quy định mức giá dịch vụ khám bệnh, chữa bệnh không thuộc phạm vi thanh toán của Quỹ bảo hiểm y tế trong các cơ sở khám bệnh, chữa bệnh của Nhà nước thuộc tỉnh Bình Định"
bhyt,184890,178717,Căn cứ,True,False,False,Nghị quyết số 35/2025/NQ-HĐND Quy định mức hỗ trợ kinh phí đóng bảo hiểm y tế cho một số đối tượng trên địa bàn tỉnh Gia Lai,
bhyt,102592,101358,Căn cứ,True,False,False,Quyết định số 45/2012/QĐ-UBND Ban hành Đề án Hỗ trợ kinh phí mua thẻ bảo hiểm y tế cho hộ gia đình cận nghèo trên địa bàn tỉnh Ninh Thuận giai đoạn 2012 - 2015,
bhyt,185037,179711,Căn cứ,True,True,False,"Nghị quyết số 57/2025/NQ-HĐND Quy định chính sách hỗ trợ mức đóng bảo hiểm y tế cho các nhóm đối tượng xã hội đang thường trú trên địa bàn thành phố Hải Phòng, giai đoạn 2026 - 2030",Nghị định số 188/2025/NĐ-CP hướng dẫn Luật Bảo hiểm y tế
bhyt,171885,12906,Dẫn chiếu,True,False,False,"Thông tư 39/2024/TT-BYT sửa đổi Thông tư 35/2016/TT-BYT về Danh mục và tỷ lệ, điều kiện thanh toán đối với dịch vụ kỹ thuật y tế thuộc phạm vi được hưởng của người tham gia bảo hiểm y tế do Bộ trưởng Bộ Y tế ban hành",
"bhyt,vien_phi",144093,139396,Căn cứ,True,False,False,"Quyết định số 36/2020/QĐ-UBND Về việc bãi bỏ Quyết định số 24/2017/QĐ-UBND ngày 21/8/2017 của Ủy ban nhân dân tỉnh về việc Quy định mức giá dịch vụ khám bệnh, chữa bệnh không thuộc phạm vi thanh toán của Quỹ bảo hiểm y tế trong các cơ sở khám bệnh, chữa bệnh của Nhà nước trên địa bàn tỉnh Lạng Sơn",
bhyt,83649,80764,Văn bản căn cứ,True,False,False,Nghị quyết số 163/2014/NQ-HĐND Về việc hỗ trợ kinh phí để thực hiện lộ trình tiến tới bảo hiểm y tế toàn dân trên địa bàn tỉnh Vĩnh Phúc giai đoạn 2015 – 2020,
bhyt,267ffff0-6647-11f1-b01e-8bc328b4d0e9,179427,Căn cứ,True,False,False,Nghị quyết số 14/2026/NQ-HĐND Nghị quyết quy định chính sách hỗ trợ an sinh xã hội cho người dân thủ đô,
bhyt,267ffff0-6647-11f1-b01e-8bc328b4d0e9,99774d40-597e-11f1-a22a-c7d27cd4c95b,Căn cứ,True,False,False,Nghị quyết số 14/2026/NQ-HĐND Nghị quyết quy định chính sách hỗ trợ an sinh xã hội cho người dân thủ đô,
"bhyt,vien_phi",174415,146383,Căn cứ,True,False,False,"Nghị quyết số 01/2025/NQ-HĐND Bãi bỏ Nghị quyết số 12/2024/NQ-HĐND ngày 17 tháng 6 năm 2024 của Hội đồng nhân dân tỉnh quy định giá dịch vụ khám bệnh, chữa bệnh không thuộc phạm vi thanh toán của Quỹ Bảo hiểm y tế nhưng không phải là đối tượng khám bệnh, chữa bệnh theo yêu cầu tại các cơ sở khám bệnh, chữa bệnh công lập thuộc tỉnh Thừa Thiên Huế",
"bhyt,vien_phi",175644,168128,Căn cứ,True,False,False,"Nghị quyết số 01/2025/NQ-HĐND bãi bỏ Nghị quyết số 01/2024/NQ-HĐND ngày 31 tháng 01 năm 2024 của HĐND tỉnh Ninh Bình quy định mức giá dịch vụ khám bệnh, chữa bệnh không thuộc phạm vi thanh toán của quỹ Bảo hiểm y tế trong các cơ sở khám bệnh, chữa bệnh của Nhà nước trên địa bàn tỉnh Ninh Bình",
"bhyt,vien_phi",173398,170583,"Quy định chi tiết, hướng dẫn thi hành",True,False,False,"Nghị quyết số 09/2024/NQ-HĐND Bãi bỏ Nghị quyết số 19/2023/NQ-HĐND ngày 12 tháng 12 năm 2023 của Hội đồng nhân dân tỉnh quy định mức giá dịch vụ khám bệnh, chữa bệnh không thuộc phạm vi thanh toán của Quỹ bảo hiểm y tế mà không phải dịch vụ khám bệnh chữa bệnh theo yêu cầu tại các cơ sở khám bệnh, chữa bệnh của Nhà nước thuộc tỉnh Phú Thọ quản lý",
bhyt,88863,88138,Văn bản quy định hết hiệu lực,False,True,False,,"Quyết định 11862/QĐ-UBND năm 2014 bãi bỏ Quyết định 02/2013/QĐ-UBND về Quy chế thực hiện cơ chế một cửa liên thông nhóm thủ tục hành chính thuộc lĩnh vực hộ tịch, bảo hiểm y tế và đăng ký, quản lý cư trú trên địa bàn Quận Bình Tân, thành phố Hồ Chí Minh"
"bhyt,vien_phi",173343,170583,Căn cứ,True,False,False,"Nghị quyết số 30/2024/NQ-HĐND Bãi bỏ Nghị quyết số 16/2019/NQ-HĐND ngày 04 tháng 10 năm 2019 của Hội đồng nhân dân tỉnh Hậu Giang quy định mức giá dịch vụ khám bệnh, chữa bệnh không thuộc phạm vi thanh toán của quỹ bảo hiểm y tế trong các cơ sở khám bệnh, chữa bệnh của Nhà nước trên địa bàn tỉnh Hậu Giang",
bhyt,159070,70807,Căn cứ,True,False,False,"Nghị quyết số 34/2022/NQ-HĐND Quy định việc hỗ trợ đóng bảo hiểm xã hội và bảo hiểm y tế cho ấp (khu) đội trưởng, người hoạt động không chuyên trách ở ấp, khu phố và người trực tiếp tham gia công việc ở ấp, khu phố trên địa bàn tỉnh Kiên Giang",
bhyt,173389,12326,Căn cứ,True,False,False,Nghị quyết số 42/2024/NQ-HĐND Về hỗ trợ chi phí mua thẻ bảo hiểm y tế cho người nhiễm HIV/AIDS và hỗ trợ chi phí cùng chi trả thuốc kháng vi rút HIV cho người nhiễm HIV/AIDS có thẻ bảo hiểm y tế trên địa bàn Thành phố Hồ Chí Minh,
bhyt,185662,12326,Căn cứ,True,False,False,Nghị quyết số 43/2025/NQ-HĐND Quy định mức hỗ trợ đóng bảo hiểm y tế cho một số đối tượng trên địa bàn tỉnh Tuyên Quang,
bhyt,185152,179711,Căn cứ,False,True,False,,Nghị định số 188/2025/NĐ-CP hướng dẫn Luật Bảo hiểm y tế
bhyt,175447,132188,Căn cứ,True,False,False,Nghị quyết số 05/2025/NQ-HĐND Quy định chính sách hỗ trợ 100% mức đóng bảo hiểm y tế theo hộ gia đình đối với người từ đủ 60 tuổi đến dưới 75 tuổi thuộc hộ cận nghèo và hộ có mức sống trung bình theo chuẩn thành phố trên địa bàn thành phố Đà Nẵng,
bhyt,177933,166456,Căn cứ,True,False,False,"Nghị quyết số 04/2025/NQ-HĐND Hỗ trợ mức đóng bảo hiểm y tế và chi phí cùng chi trả đối với thuốc kháng vi-rút HIV cho người nhiễm HIV/AIDS đang điều trị tại các cơ sở khám, chữa bệnh công lập thuộc mạng lưới phòng, chống HIV/AIDS của tỉnh Khánh Hòa",
bhyt,28013,12413,Căn cứ,True,False,False,Thông tư số 178/2012/TT-BTC Hướng dẫn kế toán áp dụng cho Bảo hiểm xã hội Việt Nam,
"bhyt,vien_phi",27f12c90-58e8-11f1-a671-8bd8cc508176,175462,Căn cứ,True,False,False,"Thông tư 12/2026/TT-BTC Quy định trình tự, thủ tục giám định chi phí khám bệnh, chữa bệnh bảo hiểm y tế, biểu mẫu tổng hợp thanh toán, quyết toán và biện pháp thi hành Nghị định số 188/2025/NĐ-CP ngày 01 tháng 7 năm 2025 của Chính phủ quy định chi tiết và hướng dẫn thi hành một số điều của Luật Bảo hiểm y tế",
bhyt,89902,80764,Văn bản căn cứ,True,False,False,"Quyết định 5063/QĐ-UBND về Kế hoạch thực hiện Bảo hiểm y tế toàn dân trên địa bàn Thành phố Hồ Chí Minh, giai đoạn 2012 - 2015 và giai đoạn 2016 - 2020",
"bhyt,vien_phi",141832,137200,Căn cứ,True,False,False,"Quyết định số 10/2020/QĐ-UBND Bãi bỏ Quyết định số 74/2017/QĐ-UBND ngày 01 tháng 9 năm 2017 của Ủy ban nhân dân tỉnh về việc quy định mức giá dịch vụ khám bệnh, chữa bệnh không thuộc phạm vi thanh toán của Quỹ bảo hiểm y tế tại các cơ sở y tế công lập thuộc tỉnh Thừa Thiên Huế",
bhyt,94002,38018,"Quy định chi tiết, hướng dẫn thi hành",False,True,False,,Nghị định số 105/2014/NĐ-CP Quy định chi tiết và hướng dẫn thi hành một số điều của Luật Bảo hiểm y tế
bhyt,173389,70807,Căn cứ,True,False,False,Nghị quyết số 42/2024/NQ-HĐND Về hỗ trợ chi phí mua thẻ bảo hiểm y tế cho người nhiễm HIV/AIDS và hỗ trợ chi phí cùng chi trả thuốc kháng vi rút HIV cho người nhiễm HIV/AIDS có thẻ bảo hiểm y tế trên địa bàn Thành phố Hồ Chí Minh,
bhyt,185662,175440,Căn cứ,True,False,False,Nghị quyết số 43/2025/NQ-HĐND Quy định mức hỗ trợ đóng bảo hiểm y tế cho một số đối tượng trên địa bàn tỉnh Tuyên Quang,
bhyt,181930,36793,Căn cứ,True,False,False,Nghị quyết số 17/2025/NQ-HĐND Ban hành Quy định mức hỗ trợ đóng bảo hiểm y tế đối với một số đối tượng trên địa bàn tỉnh Vĩnh Long,
"bhyt,vien_phi",173130,103581,Căn cứ,True,False,False,"Nghị quyết số 30/2024/NQ-HĐND Bãi bỏ Nghị quyết số 15/2019/NQ-HĐND ngày 06 tháng 12 năm 2019 của Hội đồng nhân dân tỉnh Sóc Trăng quy định giá dịch vụ khám bệnh, chữa bệnh không thuộc phạm vi thanh toán của Quỹ bảo hiểm y tế trong các cơ sở khám bệnh, chữa bệnh của Nhà nước trên địa bàn tỉnh Sóc Trăng",
bhyt,153738,70800,Căn cứ,True,False,False,"Nghị quyết số 03/2022/NQ-HĐND Quy định giá dịch vụ xét nghiệm SARS-CoV-2 (chưa bao gồm sinh phẩm xét nghiệm phản ứng) trong trường hợp không thuộc phạm vi thanh toán của Quỹ bảo hiểm y tế tại các cơ sở khám bệnh, chữa bệnh của Nhà nước trên địa bàn tỉnh",
bhyt,112831,38018,Dẫn chiếu,False,True,False,,Nghị định số 105/2014/NĐ-CP Quy định chi tiết và hướng dẫn thi hành một số điều của Luật Bảo hiểm y tế
bhyt,147940,146383,Căn cứ,True,False,False,"Quyết định số Số: 09/2021/QĐ-UBND Bãi bỏ Quyết định số 03/2016/QĐ-UBND ngày 28 tháng 3 năm 2016 của Uỷ ban nhân dân tỉnh ban hành Quy chế phối hợp thực hiện đăng ký khai sinh, đăng ký thường trú, cấp thẻ bảo hiểm y tế cho trẻ em dưới 6 tuổi trên địa bàn tỉnh Điện Biên",
bhyt,169914,38018,Căn cứ,False,True,False,,Nghị định số 105/2014/NĐ-CP Quy định chi tiết và hướng dẫn thi hành một số điều của Luật Bảo hiểm y tế
bhyt,140624,86942,Dẫn chiếu,True,False,False,Thông tư số 30/2019/TT-BLĐTBXH Hướng dẫn lập danh sách đối tượng tham gia bảo hiểm y tế do Bộ Lao động - Thương binh và Xã hội quản lý,
bhyt,140624,13036,"Quy định chi tiết, hướng dẫn thi hành",True,False,False,Thông tư số 30/2019/TT-BLĐTBXH Hướng dẫn lập danh sách đối tượng tham gia bảo hiểm y tế do Bộ Lao động - Thương binh và Xã hội quản lý,
bhyt,184454,158376,Bãi bỏ,True,False,True,"Nghị quyết số 56/2025/NQ-HĐND Quy định mức hỗ trợ đóng bảo hiểm y tế cho người cao tuổi, học sinh trên địa bàn Thành phố Hồ Chí Minh",
"bhyt,vien_phi",173832,170583,Căn cứ,True,False,False,"Nghị quyết số 27/2024/NQ-HĐND Quy định giá dịch vụ khám bệnh, chữa bệnh thuộc danh mục do quỹ bảo hiểm y tế thanh toán; giá dịch vụ khám bệnh, chữa bệnh do ngân sách nhà nước thanh toán; giá dịch vụ khám bệnh, chữa bệnh không thuộc danh mục do quỹ bảo hiểm y tế thanh toán mà không phải là dịch vụ khám bệnh, chữa bệnh theo yêu cầu đối với các cơ sở khám bệnh, chữa bệnh của Nhà nước trên địa bàn tỉnh Bến Tre",
bhyt,187392,178340,Căn cứ,True,False,False,Quyết định số 32/2026/QĐ-UBND triển khai Nghị quyết số 23/2025/NQ-HĐND ngày 10 tháng 12 năm 2025 của Hội đồng nhân dân tỉnh về việc quy định mức hỗ trợ đóng bảo hiểm y tế cho các đối tượng không được hưởng mức hỗ trợ từ ngân sách nhà nước đối với Thanh niên thi hành nghĩa vụ Kinh tế - Quốc phòng của tỉnh Tây Ninh và Đoàn xây dựng kinh tế Thanh niên trên địa bàn tỉnh Tây Ninh,
"bhyt,vien_phi",126175,27624,Căn cứ,True,False,False,"Quyết định số 23/2017/QĐ-UBND Triển khai thực hiện Nghị quyết số 08/2017/NQ-HĐND Ngày 14 tháng 7 năm 2017 của Hội đồng nhân dân tỉnh Bạc Liêu về việc quy định mức giá dịch vụ khám bệnh, chữa bệnh không thuộc phạm vi thanh toán của Quỹ bảo hiểm y tế trong các cơ sở khám bệnh, chữa bệnh của Nhà nước trên địa bàn tỉnh Bạc Liêu",
bhyt,79102,176707,Văn bản sửa đổi,False,True,False,,"Nghị định số 74/2025/NĐ-CP Sửa đổi, bổ sung một số điều của Nghị định số 70/2015/NĐ-CP ngày 01 tháng 09 năm 2015 của Chính phủ quy định chi tiết và hướng dẫn thi hành một số điều của Luật Bảo hiểm y tế đói với Quân đội nhân dân, công an nhân dân và người làm công tác cơ yếu"
bhyt,46744,54850,"Văn bản HD, QĐ chi tiết",False,True,False,,"Quyết định số 08/2015/QĐ-TTg Thí điểm về giao dịch điện tử trong việc thực hiện thủ tục tham gia bảo hiểm xã hội, bảo hiểm y tế, bảo hiểm thất nghiệp và đề nghị cấp sổ bảo hiểm xã hội, thẻ bảo hiểm y tế"
bhyt,88138,30602,Căn cứ,True,False,False,"Quyết định 11862/QĐ-UBND năm 2014 bãi bỏ Quyết định 02/2013/QĐ-UBND về Quy chế thực hiện cơ chế một cửa liên thông nhóm thủ tục hành chính thuộc lĩnh vực hộ tịch, bảo hiểm y tế và đăng ký, quản lý cư trú trên địa bàn Quận Bình Tân, thành phố Hồ Chí Minh",
bhyt,152410,70800,Căn cứ,True,False,False,"Nghị quyết số 16/2021/NQ-HĐND Quy định mức hỗ trợ đóng bảo hiểm y tế từ ngân sách địa phương đối với người thuộc hộ gia đình làm nông nghiệp, lâm nghiệp, ngư nghiệp có mức sống trung bình và học sinh, sinh viên trên địa bàn tỉnh Kiên Giang",
bhyt,179244,175363,Căn cứ,True,False,False,"Thông tư số 15/2025/TT-BYT quy định về phân cấp, phân định thẩm quyền của chính quyền địa phương 02 cấp trong lĩnh vực y, dược cổ truyền do Bộ trưởng Bộ Y tế ban hành",
bhyt,96394,11735,Căn cứ,True,False,False,"Nghị quyết số 42/2014/NQ-HDND Về việc phê duyệt chế độ hỗ trợ bảo hiểm xã hội tự nguyện, bảo hiểm y tế cho công an viên và thôn, ấp, khu đội trưởng được bố trí ở thôn, ấp, khu phố trên địa bàn tỉnh Bà Rịa - Vũng Tàu",
bhyt,21013,22313,Căn cứ,True,False,False,"Lệnh số 07/2003/L-CTN Về việc công bố Pháp lệnh Hành nghề y, dược tư nhân",
bhyt,167234,166391,Căn cứ,True,False,False,"Nghị quyết số 05/2024/NQ-HĐND Sửa đổi khoản 1 Điều 1 Nghị quyết số 19/2022/NQ-HĐND ngày 09 tháng 12 năm 2022 của Hội đồng nhân dân tỉnh quy định mức hỗ trợ đóng bảo hiểm y tế cho người có uy tín trong đồng bào dân tộc thiểu số không thuộc đối tượng đã được ngân sách nhà nước đóng và hỗ trợ mức đóng bảo hiểm y tế trên địa bàn tỉnh Trà Vinh, giai đoạn 2023 - 2025",
"bhyt,vien_phi",126742,123243,Căn cứ,True,False,False,"Quyết định số 25/2017/QĐ-UBND Quy định mức giá dịch vụ khám bệnh, chữa bệnh không thuộc phạm vi thanh toán của quỹ bảo hiểm y tế trong cơ sở khám bệnh, chữa bệnh Nhà nước thuộc địa phương quản lý trên địa bàn tỉnh Hà Nam",
bhyt,3167a8d0-58e8-11f1-b3bb-7f5ed40f13b2,179711,Căn cứ,True,True,False,"Thông tư 126/2025/TT-BTC Quy định quy trình kiểm tra lĩnh vực bảo hiểm xã hội, bảo hiểm thất nghiệp, bảo hiểm y tế thuộc phạm vi quản lý nhà nước của Bộ Tài chính",Nghị định số 188/2025/NĐ-CP hướng dẫn Luật Bảo hiểm y tế
bhyt,30353,15516,Căn cứ,True,False,False,Thông tư số 06/2013/TT-BYT Hướng dẫn thực hiện thí điểm quản lý giá thuốc bằng phương pháp thặng số bán buôn tối đa toàn chặng đối với thuốc do ngân sách nhà nước và bảo hiểm y tế chi trả,
bhyt,26100,22843,Căn cứ,True,False,False,"Quyết định số 02/2011/QĐ-TTg Sửa đổi khoản 1 điều 4 Quyết định số 87/2010/QĐ-TTg ngày 24 tháng 12 năm 2010 của Thủ tướng Chính phủ về việc cho doanh nghiệp, người lao động thuộc Tập đoàn Công nghiệp tàu thủy Việt Nam và Tổng công ty Hàng hải Việt Nam vay để chi trả nợ tiền lương, nợ bảo hiểm xã hội, bảo hiểm y tế, bảo hiểm thất nghiệp, trợ cấp thôi việc, trợ cấp mất việc làm, tạo việc làm, học nghề",
bhyt,109324,7543,Căn cứ,True,False,False,Thông tư liên tịch số 07/2002/TTLT-BTC-BYT Sửa đổi bổ sung một số điều của thông tư liên tịch số 151/1998 TTlT - BTC - BYT ngày 20/11/1998 của Liên bộ Tài chính và Bộ y tế hướng dẫn chế độ quản lý tài chính quỹ bảo hiểm y tế,
bhyt,38018,115653,"Văn bản HD, QĐ chi tiết",True,False,False,Nghị định số 105/2014/NĐ-CP Quy định chi tiết và hướng dẫn thi hành một số điều của Luật Bảo hiểm y tế,
bhyt,62448,12326,"Quy định chi tiết, hướng dẫn thi hành",True,False,False,Quyết định số 538/QĐ-TTg Phê duyệt Đề án thực hiện lộ trình tiến tới bảo hiểm y tế toàn dân giai đoạn 2012-2015 và 2020,
bhyt,184454,179711,Căn cứ,True,True,False,"Nghị quyết số 56/2025/NQ-HĐND Quy định mức hỗ trợ đóng bảo hiểm y tế cho người cao tuổi, học sinh trên địa bàn Thành phố Hồ Chí Minh",Nghị định số 188/2025/NĐ-CP hướng dẫn Luật Bảo hiểm y tế
bhyt,156969,70819,Căn cứ,True,False,False,Nghị quyết số 61/2022/NQ-HĐND Về việc Quy định hỗ trợ kinh phí đóng Bảo hiểm y tế đối với một số nhóm đối tượng có đăng ký thường trú trên địa bàn tỉnh Ninh Bình,
bhyt,172923,23259,Dẫn chiếu,True,False,False,Luật Bảo hiểm y tế sửa đổi 2024 số Luật số 51/2024/QH15,
bhyt,161414,185037,Văn bản quy định hết hiệu lực,False,True,False,,"Nghị quyết số 57/2025/NQ-HĐND Quy định chính sách hỗ trợ mức đóng bảo hiểm y tế cho các nhóm đối tượng xã hội đang thường trú trên địa bàn thành phố Hải Phòng, giai đoạn 2026 - 2030"
bhyt,143761,139878,Căn cứ,True,False,False,"Quyết định số 37/2020/QĐ-UBND Về việc bãi bỏ Quyết định số 28/2013/QĐ-UBND ngày 26/7/2013 của UBND tỉnh ban hành quy định phối hợp giải quyết thủ tục hành chính về đăng ký khai sinh, khai tử, bảo hiểm y tế và đăng ký thường trú trên địa bàn tỉnh và Quyết định số 23/2015/QĐ-UBND ngày 01/6/2015 về việc sửa đổi, bổ sung Quyết định số 28/2013/QĐ-UBND ngày 26/7/2013 của UBND tỉnh",
bhyt,40940,26258,"Quy định chi tiết, hướng dẫn thi hành",True,False,False,"Quyết định số 1111/QĐ-BHXH Về việc ban hành Quy định quản lý thu bảo hiểm xã hội, bảo hiểm y tế; quản lý sổ bảo hiểm xã hội, thẻ bảo hiểm y tế",
bhyt,167234,70819,Căn cứ,True,False,False,"Nghị quyết số 05/2024/NQ-HĐND Sửa đổi khoản 1 Điều 1 Nghị quyết số 19/2022/NQ-HĐND ngày 09 tháng 12 năm 2022 của Hội đồng nhân dân tỉnh quy định mức hỗ trợ đóng bảo hiểm y tế cho người có uy tín trong đồng bào dân tộc thiểu số không thuộc đối tượng đã được ngân sách nhà nước đóng và hỗ trợ mức đóng bảo hiểm y tế trên địa bàn tỉnh Trà Vinh, giai đoạn 2023 - 2025",
bhyt,185392,179711,Căn cứ,False,True,False,,Nghị định số 188/2025/NĐ-CP hướng dẫn Luật Bảo hiểm y tế
bhyt,185418,12326,Căn cứ,True,False,False,"Nghị quyết số 99/2025/NQ-HĐND quy định chính sách hỗ trợ kinh phí tham gia bảo hiểm xã hội tự nguyện, bảo hiểm y tế trên địa bàn tỉnh Bắc Ninh, giai đoạn 2026- 2030",
bhyt,175447,167220,Căn cứ,True,False,False,Nghị quyết số 05/2025/NQ-HĐND Quy định chính sách hỗ trợ 100% mức đóng bảo hiểm y tế theo hộ gia đình đối với người từ đủ 60 tuổi đến dưới 75 tuổi thuộc hộ cận nghèo và hộ có mức sống trung bình theo chuẩn thành phố trên địa bàn thành phố Đà Nẵng,
"bhyt,vien_phi",172424,139878,Căn cứ,True,False,False,"Nghị quyết số 49/2024/NQ-HĐND Bãi bỏ Nghị quyết số 32/2024/NQ-HĐND ngày 19/4/2024 của HĐND tỉnh quy định mức giá dịch vụ khám bệnh, chữa bệnh không thuộc phạm vi thanh toán của Quỹ Bảo hiểm y tế (nhưng không phải là dịch vụ khám bệnh, chữa bệnh của Nhà nước thuộc tỉnh Quảng Ninh quản lý)",
bhyt,170853,139878,Căn cứ,True,False,False,"Nghị định số 63/2024/NĐ-CP Quy định việc thực hiện liên thông điện tử 02 nhóm thủ tục hành chính: Đăng ký khai sinh, đăng ký thường trú, cấp thẻ bảo hiểm y tế cho trẻ em dưới 6 tuổi; đăng ký khai tử, xóa đăng ký thường trú, giải quyết mai táng phí, tử tuất",
bhyt,b00ac9e0-7dac-11f1-9f68-2575a9457f0a,8619b9a0-5e55-11f1-8e5a-2929924511d6,Căn cứ,False,True,False,,"Nghị định 02/2025/NĐ-CP Sửa đổi, bổ sung một số điều của nghị định số 146/2018/NĐ-CP ngày 17 tháng 10 năm 2018 của chính phủ quy định chi tiết và hướng dẫn biện pháp thi hành luật bảo hiểm y tể, đã được sửa đổi, bổ sung một số điều tại nghị định số 75/2023/NĐ-CP ngày 19 tháng 10 năm 2023 của chính phủ"
bhyt,118234,118233,Văn bản căn cứ,True,False,False,QUYẾT ĐỊNH SỐ 53/2016/QĐ-UBND QUY ĐỊNH MỨC HỖ TRỢ ĐÓNG BẢO HIỂM Y TẾ CHO NGƯỜI THUỘC HỘ GIA ĐÌNH CẬN NGHÈO TRÊN ĐỊA BÀN TỈNH NGHỆ AN GIAI ĐOẠN 2016-2020,
"bhyt,vien_phi",184589,178340,Căn cứ,True,False,False,"Nghị quyết số 68/2025/NQ-HĐND Quy định mức hỗ trợ đóng bảo hiểm y tế cho các đối tượng cao hơn mức hỗ trợ tối thiểu; đối tượng được hỗ trợ và mức hỗ trợ cùng chi trả chi phí khám bệnh, chữa bệnh bảo hiểm y tế cho người tham gia bảo hiểm y tế khi đi khám bệnh, chữa bệnh trên địa bàn tỉnh Lâm Đồng",
bhyt,172923,132982,Dẫn chiếu,True,False,False,Luật Bảo hiểm y tế sửa đổi 2024 số Luật số 51/2024/QH15,
bhyt,187392,12326,Căn cứ,True,False,False,Quyết định số 32/2026/QĐ-UBND triển khai Nghị quyết số 23/2025/NQ-HĐND ngày 10 tháng 12 năm 2025 của Hội đồng nhân dân tỉnh về việc quy định mức hỗ trợ đóng bảo hiểm y tế cho các đối tượng không được hưởng mức hỗ trợ từ ngân sách nhà nước đối với Thanh niên thi hành nghĩa vụ Kinh tế - Quốc phòng của tỉnh Tây Ninh và Đoàn xây dựng kinh tế Thanh niên trên địa bàn tỉnh Tây Ninh,
bhyt,147192,169585,Văn bản quy định hết hiệu lực 1 phần,False,True,False,,Thông tư 08/2024/TT-BYT bãi bỏ một phần các văn bản quy phạm pháp luật do Bộ trưởng Bộ Y tế ban hành
bhyt,187406,172923,Căn cứ,False,True,False,,Luật Bảo hiểm y tế sửa đổi 2024 số Luật số 51/2024/QH15
bhyt,84439,32529,Dẫn chiếu,True,False,False,"Quyết định số 30/2014/QĐ-UBND Ban hành quy định việc quản lý, cấp phát thẻ Bảo hiểm y tế cho các đối tượng được ngân sách Nhà nước đóng, hỗ trợ tiền đóng Bảo hiểm y tế trên địa bàn tỉnh Bình Thuận",
vien_phi,119060,24213,Căn cứ,True,False,False,Quyết định số 2340/2007/QĐ-UBND Về việc Ban hành mức giá thu một phần viện phí và các dịch vụ y tế áp dụng tại các cơ sở khám chữa bệnh trong hệ thống y tế nhà nước thuộc tỉnh Thái Nguyên quản lý,
"bhyt,vien_phi",172978,146383,Căn cứ,True,False,False,"Nghị quyết số 111/2024/NQ-HĐND Bãi bỏ Nghị quyết số 78/2024/NQ-HĐND ngày 10 tháng 7 năm 2024 của Hội đồng nhân dân tỉnh Gia Lai quy định giá dịch vụ khám bệnh, chữa bệnh không thuộc phạm vi thanh toán của Quỹ Bảo hiểm y tế nhưng không phải là dịch vụ khám bệnh, chữa bệnh theo yêu cầu trong các cơ sở khám bệnh, chữa bệnh của Nhà nước thuộc tỉnh Gia Lai quản lý",
bhyt,185204,166785,Thay thế,True,False,True,"Nghị quyết số 91/2025/NQ-HĐND Quy định chính sách hỗ trợ đóng bảo hiểm y tế cho một số nhóm đối tượng trên địa bàn tỉnh Quảng Ninh, giai đoạn 2026-2030",
bhyt,138637,115469,Căn cứ,True,False,False,Nghị quyết số 15/2019/NQ-HĐND Về việc quy định mức giá dịch vụ khám chữa bệnh không thuộc phạm vi thanh toán của Quỹ Bảo hiểm y tế trên địa bàn tỉnh Bến Tre,
bhyt,e11d3cf0-6878-11f1-a0e2-878ec8eede96,8619b9a0-5e55-11f1-8e5a-2929924511d6,Căn cứ,False,True,False,,"Nghị định 02/2025/NĐ-CP Sửa đổi, bổ sung một số điều của nghị định số 146/2018/NĐ-CP ngày 17 tháng 10 năm 2018 của chính phủ quy định chi tiết và hướng dẫn biện pháp thi hành luật bảo hiểm y tể, đã được sửa đổi, bổ sung một số điều tại nghị định số 75/2023/NĐ-CP ngày 19 tháng 10 năm 2023 của chính phủ"
bhyt,174031,172923,Dẫn chiếu,False,True,False,,Luật Bảo hiểm y tế sửa đổi 2024 số Luật số 51/2024/QH15
"bhyt,vien_phi",173463,173462,Văn bản căn cứ,True,False,False,"Nghị quyết số 13/2024/NQ-HĐND Về việc Bãi bỏ các Nghị quyết của Hội đồng nhân dân tỉnh quy định giá dịch vụ khám bệnh, chữa bệnh không thuộc phạm vi thanh toán của Quỹ bảo hiểm y tế trong các cơ sở khám bệnh, chữa bệnh của Nhà nước trên địa bàn tỉnh Bắc Ninh",
"bhyt,vien_phi",185924,168128,Căn cứ,True,False,False,"Nghị quyết số 50/2025/NQ-HĐND Sửa đổi, bổ sung một số điều của Nghị quyết số 28/2024/NQ-HĐND ngày 31 tháng 12 năm 2024 của Hội đồng nhân dân tỉnh quy định giá dịch vụ khám bệnh, chữa bệnh do quỹ bảo hiểm y tế thanh toán; giá dịch vụ khám bệnh, chữa bệnh do ngân sách nhà nước thanh toán; giá dịch vụ khám bệnh, chữa bệnh không thuộc danh mục do quỹ bảo hiểm y tế thanh toán mà không phải là dịch vụ khám bệnh, chữa bệnh theo yêu cầu đối với các cơ sở khám bệnh, chữa bệnh của Nhà nước thuộc tỉnh Lạng Sơn quản lý",
bhyt,178011,166456,Căn cứ,True,False,False,Nghị quyết số 09/2025/NQ-HĐND Quy định mức hỗ trợ đóng bảo hiểm y tế cho một số đối tượng trên địa bàn tỉnh An Giang,
bhyt,38018,12326,"Quy định chi tiết, hướng dẫn thi hành",True,False,False,Nghị định số 105/2014/NĐ-CP Quy định chi tiết và hướng dẫn thi hành một số điều của Luật Bảo hiểm y tế,
bhyt,88622,11802,"Quy định chi tiết, hướng dẫn thi hành",True,True,False,"Quyết định 3651/QĐ-UBND ban hành Kế hoạch Chương trình hành động 32-CTrHĐ/TU thực hiện Nghị quyết 21-NQ/TW về tăng cường sự lãnh đạo của Đảng đối với công tác bảo hiểm xã hội, bảo hiểm y tế giai đoạn 2012 - 2020 do thành phố Hồ Chí Minh ban hành",Quyết định số 170/2008/QĐ-TTg Về chế độ bảo hiểm y tế và trợ cấp mai táng đối với thanh niên xung phong thời kỳ kháng chiến chống Pháp
bhyt,172977,139878,Căn cứ,True,False,False,Nghị quyết số 110/2024/NQ-HĐND Bãi bỏ các Nghị quyết của Hội đồng nhân dân tỉnh Gia Lai,
bhyt,156310,70800,Căn cứ,True,False,False,"Nghị quyết số 11/2022/NQ-HĐND Quy định giá dịch vụ xét nghiệm SARS-CoV-2 không thuộc phạm vi thanh toán của Quỹ bảo hiểm y tế trong các cơ sở khám bệnh, chữa bệnh của Nhà nước trên địa bàn tỉnh Trà Vinh",
bhyt,184799,184798,Bãi bỏ,True,False,True,"Nghị quyết số 23/2025/NQ-HĐND Quy định mức hỗ trợ đóng bảo hiểm y tế đối với người thuộc hộ cận nghèo, người cao tuổi từ đủ 60 tuổi đến dưới 75 tuổi, người dân tộc thiểu số có khó khăn đặc thù trên địa bàn tỉnh Lào Cai",
vien_phi,49919,20068,Căn cứ,True,False,False,"Quyết định số 72/2012/QĐ-UBND Về việc quy định đơn giá dịch vụ khám bệnh, chữa bệnh tại các cơ sở khám bệnh, chữa bệnh của nhà nước trên địa bàn tỉnh Nghệ An",
"bhyt,vien_phi",185924,12326,Căn cứ,True,False,False,"Nghị quyết số 50/2025/NQ-HĐND Sửa đổi, bổ sung một số điều của Nghị quyết số 28/2024/NQ-HĐND ngày 31 tháng 12 năm 2024 của Hội đồng nhân dân tỉnh quy định giá dịch vụ khám bệnh, chữa bệnh do quỹ bảo hiểm y tế thanh toán; giá dịch vụ khám bệnh, chữa bệnh do ngân sách nhà nước thanh toán; giá dịch vụ khám bệnh, chữa bệnh không thuộc danh mục do quỹ bảo hiểm y tế thanh toán mà không phải là dịch vụ khám bệnh, chữa bệnh theo yêu cầu đối với các cơ sở khám bệnh, chữa bệnh của Nhà nước thuộc tỉnh Lạng Sơn quản lý",
bhyt,184799,179711,Căn cứ,True,True,False,"Nghị quyết số 23/2025/NQ-HĐND Quy định mức hỗ trợ đóng bảo hiểm y tế đối với người thuộc hộ cận nghèo, người cao tuổi từ đủ 60 tuổi đến dưới 75 tuổi, người dân tộc thiểu số có khó khăn đặc thù trên địa bàn tỉnh Lào Cai",Nghị định số 188/2025/NĐ-CP hướng dẫn Luật Bảo hiểm y tế
"bhyt,vien_phi",185924,173856,"Sửa đổi, bổ sung",True,False,False,"Nghị quyết số 50/2025/NQ-HĐND Sửa đổi, bổ sung một số điều của Nghị quyết số 28/2024/NQ-HĐND ngày 31 tháng 12 năm 2024 của Hội đồng nhân dân tỉnh quy định giá dịch vụ khám bệnh, chữa bệnh do quỹ bảo hiểm y tế thanh toán; giá dịch vụ khám bệnh, chữa bệnh do ngân sách nhà nước thanh toán; giá dịch vụ khám bệnh, chữa bệnh không thuộc danh mục do quỹ bảo hiểm y tế thanh toán mà không phải là dịch vụ khám bệnh, chữa bệnh theo yêu cầu đối với các cơ sở khám bệnh, chữa bệnh của Nhà nước thuộc tỉnh Lạng Sơn quản lý",
bhyt,21183,9972,Căn cứ,True,False,False,"Quyết định số 119/2001/QĐ-UB Về việc thực hiện chế độ bảo hiểm xã hội, bảo hiểm y tế đối với cán bộ y tế cơ sở",
"bhyt,vien_phi",172863,139878,Căn cứ,True,False,False,"Nghị quyết số 140/2024/NQ-HĐND Quy định giá dịch vụ khám bệnh, chữa bệnh thuộc danh mục do Quỹ bảo hiểm y tế thanh toán; giá dịch vụ khám bệnh, chữa bệnh do ngân sách nhà nước thanh toán; giá dịch vụ khám bệnh, chữa bệnh không thuộc danh mục do Quỹ bảo hiểm y tế thanh toán mà không phải là dịch vụ khám bệnh, chữa bệnh theo yêu cầu cho các cơ sở khám bệnh, chữa bệnh của Nhà nước thuộc phạm quản lý của tỉnh Nam Định",
bhyt,173380,70807,Căn cứ,True,False,False,"Nghị quyết số 20/2024/NQ-HĐND Về việc quy định mức hỗ trợ đóng bảo hiểm y tế cho người dân tộc thiểu số tại các thôn, tổ dân phố, xã không thuộc vùng có điều kiện kinh tế - xã hội khó khăn, đặc biệt khó khăn trên địa bàn tỉnh Khánh Hòa",
bhyt,172980,172923,Căn cứ,False,True,False,,Luật Bảo hiểm y tế sửa đổi 2024 số Luật số 51/2024/QH15
"bhyt,vien_phi",173398,168128,Căn cứ,True,False,False,"Nghị quyết số 09/2024/NQ-HĐND Bãi bỏ Nghị quyết số 19/2023/NQ-HĐND ngày 12 tháng 12 năm 2023 của Hội đồng nhân dân tỉnh quy định mức giá dịch vụ khám bệnh, chữa bệnh không thuộc phạm vi thanh toán của Quỹ bảo hiểm y tế mà không phải dịch vụ khám bệnh chữa bệnh theo yêu cầu tại các cơ sở khám bệnh, chữa bệnh của Nhà nước thuộc tỉnh Phú Thọ quản lý",
bhyt,130097,38018,Căn cứ,False,True,False,,Nghị định số 105/2014/NĐ-CP Quy định chi tiết và hướng dẫn thi hành một số điều của Luật Bảo hiểm y tế
bhyt,127616,92948,Căn cứ,True,False,False,Nghị quyết số 46/2017/NQ-HĐND Quy định mức hỗ trợ đóng bảo hiểm y tế cho hộ cận nghèo năm 2018 và người thuộc hộ nghèo đa chiều thiếu hụt các dịch vụ xã hội cơ bản khác (không thiếu hụt bảo hiểm y tế) giai đoạn 2017-2018 trên địa bàn tỉnh Ninh Thuận,
bhyt,51097,25239,Căn cứ,True,False,False,"Nghị quyết số 52/2012/NQ-HĐND Về quy định mức trợ cấp ngày công lao động, hỗ trợ tiền ăn cho lực lượng dân quân khi thực hiện nhiệm vụ và chế độ bảo hiểm y tế cho lực lượng dân quân thường trực trên địa bàn tỉnh Quảng Nam",
"bhyt,vien_phi",126175,27863,Căn cứ,True,False,False,"Quyết định số 23/2017/QĐ-UBND Triển khai thực hiện Nghị quyết số 08/2017/NQ-HĐND Ngày 14 tháng 7 năm 2017 của Hội đồng nhân dân tỉnh Bạc Liêu về việc quy định mức giá dịch vụ khám bệnh, chữa bệnh không thuộc phạm vi thanh toán của Quỹ bảo hiểm y tế trong các cơ sở khám bệnh, chữa bệnh của Nhà nước trên địa bàn tỉnh Bạc Liêu",
bhyt,155469,151168,Căn cứ,True,False,False,Nghị quyết số 06/2022/NQ-HĐND Quy định giá dịch vụ xét nghiệm SARS-CoV-2không thuộc phạm vi thanh toán của Quỹ bảo hiểm y tế trên địa bàn tỉnh Bến Tre,
bhyt,185356,168944,Thay thế,True,False,True,Nghị quyết số '26/2025/NQ-HĐND Quy định mức hỗ trợ đóng bảo hiểm y tế cho một số đối tượng trên địa bàn thành phố Cần Thơ,
bhyt,153839,153632,Căn cứ,True,False,False,Nghị quyết số 113/2022/NQ-UBND Quy định mức giá dịch vụ xét nghiệm SARS-CoV-2 không thuộc phạm vi thanh toán của Quỹ bảo hiểm y tế trên địa bàn tỉnh Hòa Bình,
bhyt,57553,56633,Hướng dẫn áp dụng,True,False,False,Chỉ thị số 30/2005/CT-UBND Về việc tăng cường thực hiện Bảo hiểm Y tế tự nguyện,
bhyt,67295,27829,Căn cứ,True,False,False,"Thông tư liên tịch số 05/2015/TTLT-BTP-BCA-BYT Hướng dẫn thực hiện liên thông các thủ tục hành chính về đăng ký khai sinh, đăng ký thường trú, cấp thẻ bảo hiểm y tế cho trẻ em dưới 6 tuổi",
bhyt,173389,132188,Căn cứ,True,False,False,Nghị quyết số 42/2024/NQ-HĐND Về hỗ trợ chi phí mua thẻ bảo hiểm y tế cho người nhiễm HIV/AIDS và hỗ trợ chi phí cùng chi trả thuốc kháng vi rút HIV cho người nhiễm HIV/AIDS có thẻ bảo hiểm y tế trên địa bàn Thành phố Hồ Chí Minh,
bhyt,184801,172923,Căn cứ,False,True,False,,Luật Bảo hiểm y tế sửa đổi 2024 số Luật số 51/2024/QH15
bhyt,185662,96119,Căn cứ,True,False,False,Nghị quyết số 43/2025/NQ-HĐND Quy định mức hỗ trợ đóng bảo hiểm y tế cho một số đối tượng trên địa bàn tỉnh Tuyên Quang,
bhyt,175447,139878,Căn cứ,True,False,False,Nghị quyết số 05/2025/NQ-HĐND Quy định chính sách hỗ trợ 100% mức đóng bảo hiểm y tế theo hộ gia đình đối với người từ đủ 60 tuổi đến dưới 75 tuổi thuộc hộ cận nghèo và hộ có mức sống trung bình theo chuẩn thành phố trên địa bàn thành phố Đà Nẵng,
"bhyt,vien_phi",173517,103581,Căn cứ,True,False,False,"Nghị quyết số 83/2024/NQ-HĐND Bãi bỏ Nghị quyết số 25/2024/NQ-HĐND ngày 17 tháng 7 năm 2024 của Hội đồng nhân dân tỉnh Lai Châu Quy định giá dịch vụ khám bệnh, chữa bệnh không thuộc phạm vi thanh toán của Quỹ bảo hiểm y tế trong các cơ sở khám bệnh, chữa bệnh của nhà nước thuộc tỉnh Lai Châu quản lý",
bhyt,65812,38018,"Quy định chi tiết, hướng dẫn thi hành",False,True,False,,Nghị định số 105/2014/NĐ-CP Quy định chi tiết và hướng dẫn thi hành một số điều của Luật Bảo hiểm y tế
bhyt,ec9784e0-84c6-11f1-8eba-2566d2f6bb10,8619b9a0-5e55-11f1-8e5a-2929924511d6,Căn cứ,False,True,False,,"Nghị định 02/2025/NĐ-CP Sửa đổi, bổ sung một số điều của nghị định số 146/2018/NĐ-CP ngày 17 tháng 10 năm 2018 của chính phủ quy định chi tiết và hướng dẫn biện pháp thi hành luật bảo hiểm y tể, đã được sửa đổi, bổ sung một số điều tại nghị định số 75/2023/NĐ-CP ngày 19 tháng 10 năm 2023 của chính phủ"
bhyt,148676,70819,Căn cứ,True,False,False,Nghị quyết số 12/2021/NQ-HĐND Quy định mức hỗ trợ đóng bảo hiểm y tế cho người thuộc hộ nghèo đa chiều thiếu hụt các dịch vụ xã hội cơ bản khác và người thuộc hộ gia đình cận nghèo trên địa bàn tỉnh Lạng Sơn,
bhyt,180170,12326,Căn cứ,True,False,False,"Nghị quyết số 08/2025/NQ-HĐND Quy định chính sách hỗ trợ thêm mức đóng bảo hiểm y tế cho một số đối tượng trên địa bàn tỉnh Nghệ An, giai đoạn 2026 – 2030",
"bhyt,vien_phi",172675,70819,Căn cứ,True,False,False,"Nghị quyết số 21/2024/NQ-HĐND Bãi bỏ Nghị quyết số 124/2019/NQ-HĐND ngày 13 tháng 12 năm 2019 của Hội đồng nhân dân tỉnh Quy định mức giá dịch vụ khám bệnh, chữa bệnh tại các cơ sở khám bệnh, chữa bệnh của Nhà nước trên địa bàn tỉnh Bà Rịa - Vũng Tàu không thuộc phạm vi thanh toán của Quỹ bảo hiểm y tế và nguyên tắc áp dụng giá khám bệnh, chữa bệnh trong một số trường hợp",
"bhyt,vien_phi",173517,70800,Căn cứ,True,False,False,"Nghị quyết số 83/2024/NQ-HĐND Bãi bỏ Nghị quyết số 25/2024/NQ-HĐND ngày 17 tháng 7 năm 2024 của Hội đồng nhân dân tỉnh Lai Châu Quy định giá dịch vụ khám bệnh, chữa bệnh không thuộc phạm vi thanh toán của Quỹ bảo hiểm y tế trong các cơ sở khám bệnh, chữa bệnh của nhà nước thuộc tỉnh Lai Châu quản lý",
bhyt,141799,70819,Căn cứ,True,False,False,Nghị quyết số 287/2020/NQ-HĐND Hỗ trợ kinh phí đóng bảo hiểm y tế cho người nhiễm HIV chưa có thẻ bảo hiểm y tế trên địa bàn tỉnh Kiên Giang,
bhyt,12326,179724,"Văn bản HD, QĐ chi tiết",False,True,False,,"Thông tư số 24/2025/TT-BYT sửa đổi Thông tư 04/2017/TT-BYT về Danh mục và tỷ lệ, điều kiện thanh toán đối với vật tư y tế thuộc phạm vi được hưởng của người tham gia bảo hiểm y tế do Bộ trưởng Bộ Y tế ban hành"
bhyt,30444,40940,"Văn bản HD, QĐ chi tiết",False,True,False,,"Quyết định số 1111/QĐ-BHXH Về việc ban hành Quy định quản lý thu bảo hiểm xã hội, bảo hiểm y tế; quản lý sổ bảo hiểm xã hội, thẻ bảo hiểm y tế"
bhyt,140624,24930,Dẫn chiếu,True,False,False,Thông tư số 30/2019/TT-BLĐTBXH Hướng dẫn lập danh sách đối tượng tham gia bảo hiểm y tế do Bộ Lao động - Thương binh và Xã hội quản lý,
bhyt,4683,10420,Căn cứ,True,False,False,"Quyết định số 826/1998/QĐ-UB Về việc thực hiện bảo hiểm y tế tự nguyện cho học sinh, sinh viên trên địa bàn tỉnh",
bhyt,185460,179711,Căn cứ,False,True,False,,Nghị định số 188/2025/NĐ-CP hướng dẫn Luật Bảo hiểm y tế
bhyt,181930,27066,Dẫn chiếu,True,False,False,Nghị quyết số 17/2025/NQ-HĐND Ban hành Quy định mức hỗ trợ đóng bảo hiểm y tế đối với một số đối tượng trên địa bàn tỉnh Vĩnh Long,
"bhyt,vien_phi",174415,168125,Căn cứ,True,False,False,"Nghị quyết số 01/2025/NQ-HĐND Bãi bỏ Nghị quyết số 12/2024/NQ-HĐND ngày 17 tháng 6 năm 2024 của Hội đồng nhân dân tỉnh quy định giá dịch vụ khám bệnh, chữa bệnh không thuộc phạm vi thanh toán của Quỹ Bảo hiểm y tế nhưng không phải là đối tượng khám bệnh, chữa bệnh theo yêu cầu tại các cơ sở khám bệnh, chữa bệnh công lập thuộc tỉnh Thừa Thiên Huế",
"bhyt,vien_phi",172675,139700,Bãi bỏ,True,False,True,"Nghị quyết số 21/2024/NQ-HĐND Bãi bỏ Nghị quyết số 124/2019/NQ-HĐND ngày 13 tháng 12 năm 2019 của Hội đồng nhân dân tỉnh Quy định mức giá dịch vụ khám bệnh, chữa bệnh tại các cơ sở khám bệnh, chữa bệnh của Nhà nước trên địa bàn tỉnh Bà Rịa - Vũng Tàu không thuộc phạm vi thanh toán của Quỹ bảo hiểm y tế và nguyên tắc áp dụng giá khám bệnh, chữa bệnh trong một số trường hợp",
"bhyt,vien_phi",173101,70819,Căn cứ,True,False,False,"Nghị quyết số 22/2024/NQ-HĐND Bãi bỏ Nghị quyết số 07/2020/NQ-HĐND ngày 11 tháng 6 năm 2020 của Hội đồng nhân dân tỉnh Quy định giá dịch vụ khám bệnh, chữa bệnh không thuộc phạm vi thanh toán của Quỹ bảo hiểm y tế trong các cơ sở khám bệnh, chữa bệnh công lập trên địa bàn tỉnh",
bhyt,138637,70800,Căn cứ,True,False,False,Nghị quyết số 15/2019/NQ-HĐND Về việc quy định mức giá dịch vụ khám chữa bệnh không thuộc phạm vi thanh toán của Quỹ Bảo hiểm y tế trên địa bàn tỉnh Bến Tre,
bhyt,132733,27615,Căn cứ,True,False,False,"Nghị quyết số 35/2018/NQ-HĐND về thực hiện chế độ lương và hỗ trợ bảo hiểm xã hội, bảo hiểm y tế , bảo hiểm thất nghiệp đối với lao động hợp đồng vị trí nấu ăn trong các trường mầm non công lập tỉnh Quảng trị",
bhyt,170853,25702,Căn cứ,True,False,False,"Nghị định số 63/2024/NĐ-CP Quy định việc thực hiện liên thông điện tử 02 nhóm thủ tục hành chính: Đăng ký khai sinh, đăng ký thường trú, cấp thẻ bảo hiểm y tế cho trẻ em dưới 6 tuổi; đăng ký khai tử, xóa đăng ký thường trú, giải quyết mai táng phí, tử tuất",
bhyt,176707,113143,Văn bản hết hiệu lực,True,False,False,"Nghị định số 74/2025/NĐ-CP Sửa đổi, bổ sung một số điều của Nghị định số 70/2015/NĐ-CP ngày 01 tháng 09 năm 2015 của Chính phủ quy định chi tiết và hướng dẫn thi hành một số điều của Luật Bảo hiểm y tế đói với Quân đội nhân dân, công an nhân dân và người làm công tác cơ yếu",
bhyt,74259,11735,Căn cứ,True,False,False,"Quyết định số 16/2013/QĐ-UBND Về việc sửa đổi, bổ sung điểm c, khoản 2, Điều 1 Quy định phân cấp quản lý mua, cấp phát thẻ bảo hiểm y tế cho các đối tượng được ngân sách nhà nước đảm bảo trên địa bàn tỉnh Hòa Bình ban hành kèm theo Quyết định số 14/2012/QĐ-UBND ngày 19 tháng 9 năm 2012 của UBND tỉnh Hòa Bình",
"bhyt,vien_phi",173130,70800,Căn cứ,True,False,False,"Nghị quyết số 30/2024/NQ-HĐND Bãi bỏ Nghị quyết số 15/2019/NQ-HĐND ngày 06 tháng 12 năm 2019 của Hội đồng nhân dân tỉnh Sóc Trăng quy định giá dịch vụ khám bệnh, chữa bệnh không thuộc phạm vi thanh toán của Quỹ bảo hiểm y tế trong các cơ sở khám bệnh, chữa bệnh của Nhà nước trên địa bàn tỉnh Sóc Trăng",
bhyt,179711,146648,Dẫn chiếu,True,False,False,Nghị định số 188/2025/NĐ-CP hướng dẫn Luật Bảo hiểm y tế,
bhyt,140624,17141,"Quy định chi tiết, hướng dẫn thi hành",True,False,False,Thông tư số 30/2019/TT-BLĐTBXH Hướng dẫn lập danh sách đối tượng tham gia bảo hiểm y tế do Bộ Lao động - Thương binh và Xã hội quản lý,
bhyt,185037,15078,Căn cứ,True,False,False,"Nghị quyết số 57/2025/NQ-HĐND Quy định chính sách hỗ trợ mức đóng bảo hiểm y tế cho các nhóm đối tượng xã hội đang thường trú trên địa bàn thành phố Hải Phòng, giai đoạn 2026 - 2030",
bhyt,83c773d0-64b9-11f1-9b44-bbe6b0239ff6,179644,Căn cứ,True,False,False,Nghị quyết số 08/2026/NQ-HĐND Quy định mức hỗ trợ đóng bảo hiểm y tế cho người có uy tín trong đồng bào dân tộc thiểu số không thuộc đối tượng đã được ngân sách nhà nước đóng và hỗ trợ đóng bảo hiểm y tế trên địa bàn tỉnh An Giang,
bhyt,185418,175440,Căn cứ,True,False,False,"Nghị quyết số 99/2025/NQ-HĐND quy định chính sách hỗ trợ kinh phí tham gia bảo hiểm xã hội tự nguyện, bảo hiểm y tế trên địa bàn tỉnh Bắc Ninh, giai đoạn 2026- 2030",
bhyt,25987,13205,Dẫn chiếu,True,False,False,"Quyết định số 87/2010/QĐ-TTg Về việc cho doanh nghiệp, người lao động thuộc Tập đoàn Công nghiệp tàu thủy Việt Nam và Tổng công ty Hàng hải Việt Nam vay để chi trả nợ tiền lương, nợ bảo hiểm xã hội, bảo hiểm y tế, bảo hiểm thất nghiệp, trợ cấp thôi việc, trợ cấp mất việc làm, tạo việc làm, học nghề",
bhyt,67295,16858,Căn cứ,True,False,False,"Thông tư liên tịch số 05/2015/TTLT-BTP-BCA-BYT Hướng dẫn thực hiện liên thông các thủ tục hành chính về đăng ký khai sinh, đăng ký thường trú, cấp thẻ bảo hiểm y tế cho trẻ em dưới 6 tuổi",
bhyt,179711,132982,Dẫn chiếu,True,False,False,Nghị định số 188/2025/NĐ-CP hướng dẫn Luật Bảo hiểm y tế,
bhyt,51860,22202,Căn cứ,True,False,False,Quyết định số 1219/QĐ-UBND Về việc ban hành quy trình cấp thẻ bảo hiểm y tế cho người nghèo,
bhyt,132858,36793,Căn cứ,True,False,False,"Quyết định số 51/2018/QĐ-TTg Về chi phí quản lý bảo hiểm xã hội, bảo hiểm thất nghiệp, bảo hiểm y tế giai đoạn 2019 - 2021",
bhyt,79102,176707,Văn bản quy định hết hiệu lực 1 phần,False,True,False,,"Nghị định số 74/2025/NĐ-CP Sửa đổi, bổ sung một số điều của Nghị định số 70/2015/NĐ-CP ngày 01 tháng 09 năm 2015 của Chính phủ quy định chi tiết và hướng dẫn thi hành một số điều của Luật Bảo hiểm y tế đói với Quân đội nhân dân, công an nhân dân và người làm công tác cơ yếu"
bhyt,172980,185038,Văn bản quy định hết hiệu lực,False,True,False,,Nghị quyết số 15/2025/NQ-HĐND Quy định mức hỗ trợ đóng bảo hiểm y tế cho một số đối tượng trên địa bàn tỉnh Cà Mau
bhyt,155469,115469,Căn cứ,True,False,False,Nghị quyết số 06/2022/NQ-HĐND Quy định giá dịch vụ xét nghiệm SARS-CoV-2không thuộc phạm vi thanh toán của Quỹ bảo hiểm y tế trên địa bàn tỉnh Bến Tre,
bhyt,58291,10420,Căn cứ,True,False,False,Quyết định số 76/2001/QĐ-UB Về việc điều chỉnh mức đóng Bảo hiểm y tế học sinh và y tế trường học tự nguyện,
"bhyt,vien_phi",174525,70819,Căn cứ,True,False,False,"Nghị quyết số 47/2024/NQ-HĐND Bãi bỏ Nghị quyết số 26/2024/NQ-HĐND ngày 23 tháng 7 năm 2024 của Hội đồng nhân dân tỉnh Quy định mức giá dịch vụ khám bệnh, chữa bệnh không thuộc phạm vi thanh toán của Quỹ bảo hiểm y tế mà không phải là dịch vụ khám bệnh, chữa bệnh theo yêu cầu trong các cơ sở khám bệnh, chữa bệnh của Nhà nước thuộc tỉnh Quảng Ngãi quản lý",
bhyt,129803,125165,Căn cứ,False,True,False,,"Nghị quyết số 68/2013/QH13 Đẩy mạnh thực hiện chính sách, pháp luật về bảo hiểm y tế, tiến tới bảo hiểm y tế toàn dân"
"bhyt,vien_phi",149470,117551,Căn cứ,True,False,False,"Thông tư số 48/2017/TT-BYT Quy định trích chuyển dữ liệu điện tử trong quản lý và thanh toán chi phí khám bệnh, chữa bệnh bảo hiểm y tế",
bhyt,179711,132188,"Quy định chi tiết, hướng dẫn thi hành",True,False,False,Nghị định số 188/2025/NĐ-CP hướng dẫn Luật Bảo hiểm y tế,
bhyt,184836,172923,Căn cứ,False,True,False,,Luật Bảo hiểm y tế sửa đổi 2024 số Luật số 51/2024/QH15
bhyt,184970,179711,Căn cứ,True,True,False,Nghị quyết số 29/2025/NQ-HĐND Quy định mức hỗ trợ đóng bảo hiểm y tế cho một số đối tượng tham gia bảo hiểm y tế trên địa bàn tỉnh Cao Bằng giai đoạn 2026 - 2030,Nghị định số 188/2025/NĐ-CP hướng dẫn Luật Bảo hiểm y tế
bhyt,185204,172923,Căn cứ,True,True,False,"Nghị quyết số 91/2025/NQ-HĐND Quy định chính sách hỗ trợ đóng bảo hiểm y tế cho một số nhóm đối tượng trên địa bàn tỉnh Quảng Ninh, giai đoạn 2026-2030",Luật Bảo hiểm y tế sửa đổi 2024 số Luật số 51/2024/QH15
bhyt,129162,70800,Căn cứ,True,False,False,Nghị quyết số 57/2018/NQ-HĐND Hỗ trợ kinh phí 30% mệnh giá mua thẻ bảo hiểm y tế cho người thuộc hộ nghèo đa chiều thiếu hụt các dịch vụ xã hội cơ bản khác (không bị thiếu hụt bảo hiểm y tế) trên địa bàn tỉnh Trà Vinh từ năm 2018 đến năm 2020,
bhyt,179711,166456,Thay thế,True,False,True,Nghị định số 188/2025/NĐ-CP hướng dẫn Luật Bảo hiểm y tế,
bhyt,155147,166391,Căn cứ,True,False,False,"Quyết định số 18/2022/QĐ-UBND Ban hành Quy định đăng ký khám bệnh, chữa bệnh bảo hiểm y tế ban đầu và chuyển tuyến khám bệnh, chữa bệnh bảo hiểm y tế trên địa bàn tỉnh Ninh Thuận",
"bhyt,vien_phi",166778,172424,Văn bản quy định hết hiệu lực,False,True,False,,"Nghị quyết số 49/2024/NQ-HĐND Bãi bỏ Nghị quyết số 32/2024/NQ-HĐND ngày 19/4/2024 của HĐND tỉnh quy định mức giá dịch vụ khám bệnh, chữa bệnh không thuộc phạm vi thanh toán của Quỹ Bảo hiểm y tế (nhưng không phải là dịch vụ khám bệnh, chữa bệnh của Nhà nước thuộc tỉnh Quảng Ninh quản lý)"
bhyt,140624,14902,Dẫn chiếu,True,False,False,Thông tư số 30/2019/TT-BLĐTBXH Hướng dẫn lập danh sách đối tượng tham gia bảo hiểm y tế do Bộ Lao động - Thương binh và Xã hội quản lý,
bhyt,184836,179711,Căn cứ,False,True,False,,Nghị định số 188/2025/NĐ-CP hướng dẫn Luật Bảo hiểm y tế
bhyt,185859,172923,Căn cứ,False,True,False,,Luật Bảo hiểm y tế sửa đổi 2024 số Luật số 51/2024/QH15
bhyt,166928,153632,Căn cứ,True,False,False,Nghị quyết số 288/2022/NQ-HĐND Quy định mức giá dịch vụ xét nghiệm SARS-CoV-2 (chưa bao gồm sinh phẩm xét nghiệm phản ứng) do cơ sở y tế của Nhà nước thực hiện không thuộc phạm vi thanh toán của Quỹ bảo hiểm y tế trên địa bàn tỉnh Thanh Hoá,
bhyt,141799,70800,Căn cứ,True,False,False,Nghị quyết số 287/2020/NQ-HĐND Hỗ trợ kinh phí đóng bảo hiểm y tế cho người nhiễm HIV chưa có thẻ bảo hiểm y tế trên địa bàn tỉnh Kiên Giang,
bhyt,28013,40287,Thay thế,True,False,True,Thông tư số 178/2012/TT-BTC Hướng dẫn kế toán áp dụng cho Bảo hiểm xã hội Việt Nam,
bhyt,4fea1d00-6aaf-11f1-aa3d-23bcd86c9b04,8619b9a0-5e55-11f1-8e5a-2929924511d6,Căn cứ,False,True,False,,"Nghị định 02/2025/NĐ-CP Sửa đổi, bổ sung một số điều của nghị định số 146/2018/NĐ-CP ngày 17 tháng 10 năm 2018 của chính phủ quy định chi tiết và hướng dẫn biện pháp thi hành luật bảo hiểm y tể, đã được sửa đổi, bổ sung một số điều tại nghị định số 75/2023/NĐ-CP ngày 19 tháng 10 năm 2023 của chính phủ"
bhyt,66811,38018,Căn cứ,False,True,False,,Nghị định số 105/2014/NĐ-CP Quy định chi tiết và hướng dẫn thi hành một số điều của Luật Bảo hiểm y tế
bhyt,127617,92948,Căn cứ,True,False,False,Quyết định số 02/2018/QĐ-UBND Quy định mức hỗ trợ đóng bảo hiểm y tế cho hộ cận nghèo năm 2018 và người thuộc hộ nghèo đa chiều thiếu hụt các dịch vụ xã hội cơ bản khác (không thiếu hụt bảo hiểm y tế) gai đoạn 2017-2018 trên địa bàn tỉnh Ninh Thuận,
bhyt,179711,166581,"Văn bản được HD, QĐ chi tiết",True,False,False,Nghị định số 188/2025/NĐ-CP hướng dẫn Luật Bảo hiểm y tế,
"bhyt,vien_phi",175354,168128,Căn cứ,True,False,False,"Nghị quyết số 10/2025/NQ-HĐND Bãi bỏ Nghị quyết số 32/2024/NQ-HĐND ngày 10 tháng 05 năm 2024 của Hội đồng nhân dân tỉnh Quy định giá dịch vụ khám bệnh, chữa bệnh không thuộc phạm vi thanh toán của Quỹ Bảo hiểm y tế mà không phải là dịch vụ khám bệnh, chữa bệnh theo yêu cầu trong các cơ sở khám bệnh, chữa bệnh của Nhà nước trên địa bàn tỉnh Quảng Trị",
"bhyt,vien_phi",175644,167197,Căn cứ,True,False,False,"Nghị quyết số 01/2025/NQ-HĐND bãi bỏ Nghị quyết số 01/2024/NQ-HĐND ngày 31 tháng 01 năm 2024 của HĐND tỉnh Ninh Bình quy định mức giá dịch vụ khám bệnh, chữa bệnh không thuộc phạm vi thanh toán của quỹ Bảo hiểm y tế trong các cơ sở khám bệnh, chữa bệnh của Nhà nước trên địa bàn tỉnh Ninh Bình",
bhyt,149120,166391,Căn cứ,True,False,False,"Quyết định số 27/2021/QĐ-UBND Bãi bỏ Quyết định số 46/2014/QĐ-UBND ngày 26 tháng 11 năm 2014 của Ủy ban nhân dân tỉnh về việc ban hành Quy chế thực hiện liên thông nhóm thủ tục hành chính thuộc lĩnh vực hộ tịch, bảo hiểm y tế và đăng ký, quản lý cư trú cho trẻ em dưới 6 tuổi của tỉnh Phú Yên",
bhyt,149120,47217,Bãi bỏ,True,False,True,"Quyết định số 27/2021/QĐ-UBND Bãi bỏ Quyết định số 46/2014/QĐ-UBND ngày 26 tháng 11 năm 2014 của Ủy ban nhân dân tỉnh về việc ban hành Quy chế thực hiện liên thông nhóm thủ tục hành chính thuộc lĩnh vực hộ tịch, bảo hiểm y tế và đăng ký, quản lý cư trú cho trẻ em dưới 6 tuổi của tỉnh Phú Yên",
bhyt,154152,139878,Căn cứ,True,False,False,Nghị quyết số 04/2022/NQ-HĐND Quy định giá dịch vụ xét nghiệm SARS-CoV-2 không thuộc phạm vi thanh toán của Quỹ Bảo hiểm y tế áp dụng cho các cơ sở y tế công lập thuộc tỉnh Phú Thọ quản lý,
bhyt,73157,40940,Dẫn chiếu,False,True,False,,"Quyết định số 1111/QĐ-BHXH Về việc ban hành Quy định quản lý thu bảo hiểm xã hội, bảo hiểm y tế; quản lý sổ bảo hiểm xã hội, thẻ bảo hiểm y tế"
bhyt,165832,146648,Căn cứ,True,False,False,"Quyết định số 48/2023/QĐ-UBND Bãi bỏ Quyết định số 42/2016/QĐ-UBND ngày 28 tháng 10 năm 2016 của Ủy ban nhân dân Thành phố ban hành Quy chế thực hiện liên thông thủ tục hành chính về đăng ký khai sinh, đăng ký thường trú, cấp thẻ bảo hiểm y tế cho trẻ em dưới 06 tuổi và đăng ký khai tử, xóa đăng ký thường trú trên địa bàn Thành phố Hồ Chí Minh",
bhyt,155518,142842,Văn bản căn cứ,True,False,False,Nghị quyết số 10/2022/NQ-HĐND Quy định mức giá dịch vụ xét nghiệm SARS-CoV-2 bao gồm chi phí trực tiếp và chi phí tiền lương (chưa bao gồm sinh phẩm xét nghiệm phản ứng) trong trường hợp không thuộc phạm vi thanh toán của Quỹ bảo hiểm y tế trên địa bàn tỉnh An Giang,
bhyt,148676,36793,Căn cứ,True,False,False,Nghị quyết số 12/2021/NQ-HĐND Quy định mức hỗ trợ đóng bảo hiểm y tế cho người thuộc hộ nghèo đa chiều thiếu hụt các dịch vụ xã hội cơ bản khác và người thuộc hộ gia đình cận nghèo trên địa bàn tỉnh Lạng Sơn,
bhyt,173389,119084,Căn cứ,True,False,False,Nghị quyết số 42/2024/NQ-HĐND Về hỗ trợ chi phí mua thẻ bảo hiểm y tế cho người nhiễm HIV/AIDS và hỗ trợ chi phí cùng chi trả thuốc kháng vi rút HIV cho người nhiễm HIV/AIDS có thẻ bảo hiểm y tế trên địa bàn Thành phố Hồ Chí Minh,
bhyt,185037,163881,Thay thế,True,False,True,"Nghị quyết số 57/2025/NQ-HĐND Quy định chính sách hỗ trợ mức đóng bảo hiểm y tế cho các nhóm đối tượng xã hội đang thường trú trên địa bàn thành phố Hải Phòng, giai đoạn 2026 - 2030",
bhyt,184909,178340,Căn cứ,True,False,False,Nghị quyết số 36/2025/NQ-HĐND quy định mức hỗ trợ đóng bảo hiểm y tế cho một số đối tượng trên địa bàn tỉnh Đồng Nai giai đoạn 2026 - 2030,
bhyt,184454,165935,Bãi bỏ,True,False,True,"Nghị quyết số 56/2025/NQ-HĐND Quy định mức hỗ trợ đóng bảo hiểm y tế cho người cao tuổi, học sinh trên địa bàn Thành phố Hồ Chí Minh",
"bhyt,vien_phi",173935,139878,Căn cứ,True,False,False,"Nghị quyết số 29/2024/NQ-HĐND Bãi bỏ Nghị quyết số 15/2024/NQ-HĐND ngày 11 tháng 7 năm 2024 của Hội đồng nhân dân tỉnh Ninh Thuận quy định giá dịch vụ khám bệnh, chữa bệnh không thuộc phạm vi thanh toán của Quỹ bảo hiểm y tế trong các cơ sở khám bệnh, chữa bệnh của Nhà nước trên địa bàn tỉnh Ninh Thuận",
"bhyt,vien_phi",167742,119084,Căn cứ,True,False,False,"Nghị quyết số số 11/2024/NQ-HĐND Quy định mức giá dịch vụ khám bệnh, chữa bệnh không thuộc phạm vi thanh toán của Quỹ bảo hiểm y tế nhưng không phải là dịch vụ khám bệnh, chữa bệnh theo yêu cầu trong các cơ sở khám bệnh, chữa bệnh của Nhà nước thuộc tỉnh Quảng Nam",
bhyt,156969,139878,Căn cứ,True,False,False,Nghị quyết số 61/2022/NQ-HĐND Về việc Quy định hỗ trợ kinh phí đóng Bảo hiểm y tế đối với một số nhóm đối tượng có đăng ký thường trú trên địa bàn tỉnh Ninh Bình,
bhyt,149120,67295,Căn cứ,True,True,False,"Quyết định số 27/2021/QĐ-UBND Bãi bỏ Quyết định số 46/2014/QĐ-UBND ngày 26 tháng 11 năm 2014 của Ủy ban nhân dân tỉnh về việc ban hành Quy chế thực hiện liên thông nhóm thủ tục hành chính thuộc lĩnh vực hộ tịch, bảo hiểm y tế và đăng ký, quản lý cư trú cho trẻ em dưới 6 tuổi của tỉnh Phú Yên","Thông tư liên tịch số 05/2015/TTLT-BTP-BCA-BYT Hướng dẫn thực hiện liên thông các thủ tục hành chính về đăng ký khai sinh, đăng ký thường trú, cấp thẻ bảo hiểm y tế cho trẻ em dưới 6 tuổi"
bhyt,137209,129005,Dẫn chiếu,False,True,False,,Thông tư số 56/2017/TT-BYT quy định chi tiết thi hành Luật bảo hiểm xã hội và Luật an toàn vệ sinh lao động thuộc lĩnh vực y tế
bhyt,40272,17940,Căn cứ,True,False,False,Quyết định số 2559/QĐ-BHXH Ban hành quy định về tổ chức thực hiện chế độ khám chữa bệnh bảo hiểm y tế,
bhyt,185767,175027,Dẫn chiếu,True,False,False,"Nghị quyết số 53/2025/NQ-HĐND Quy định chính sách hỗ trợ mức đóng bảo hiểm xã hội cho người tham gia bảo hiểm xã hội tự nguyện, bảo hiểm y tế trên địa bàn thành phố Huế giai đoạn 2026 - 2030",
bhyt,184454,178340,Căn cứ,True,False,False,"Nghị quyết số 56/2025/NQ-HĐND Quy định mức hỗ trợ đóng bảo hiểm y tế cho người cao tuổi, học sinh trên địa bàn Thành phố Hồ Chí Minh",
bhyt,155449,37417,Căn cứ,True,False,False,Nghị quyết số 03/2022/NQ-HĐND Quy định mức giá dịch vụ xét nghiệm SARS-CoV-2 (chưa bao gồm sinh phẩm xét nghiệm) không thuộc phạm vi thanh toán của Quỹ bảo hiểm y tế cho các cơ sở y tế công lập trên địa bàn tỉnh Đắk Lắk,
bhyt,155298,139878,Căn cứ,True,False,False,"Nghị quyết số 65/2022/NQ-HĐND Quy định mức giá dịch vụ xét nghiệm SARS-CoV-2 không thuộc phạm vi thanh toán của Quỹ bảo hiểm y tế (chưa bao gồm chi phí sinh phẩm xét nghiệm SARS-CoV-2) tại cơ sở khám bệnh, chữa bệnh của Nhà nước trên địa bàn tỉnh Hà Tĩnh",
"bhyt,vien_phi",168478,27624,Căn cứ,True,False,False,"NGHỊ QUYẾT SỐ Số: 6/2019/NQ-HĐND QUY ĐỊNH VỀ GIÁ DỊCH VỤ KHÁM BỆNH, CHỮA BỆNH KHÔNG THUỘC PHẠM VI THANH TOÁN CỦA QUỸ BẢO HIỂM Y TẾ TRONG CÁC CƠ SỞ KHÁM BỆNH, CHỮA BỆNH CỦA NHÀ NƯỚC TRÊN ĐỊA BÀN TỈNH BÌNH PHƯỚC",
bhyt,187782,175462,Căn cứ,True,False,False,"Thông tư số 107/2025/TT-BTC Hướng dẫn kế toán quỹ bảo hiểm xã hội, quỹ bảo hiểm y tế, quỹ bảo hiểm thất nghiệp",
bhyt,179736,129483,Dẫn chiếu,True,False,False,"Thông tư số 27/2025/TT-BYT quy định nguyên tắc, tiêu chí xây dựng, cập nhật, ghi thông tin, cấu trúc danh mục và hướng dẫn thanh toán đối với thuốc dược liệu, thuốc có kết hợp dược chất với các dược liệu, thuốc cổ truyền, dược liệu thuộc phạm vi được hưởng của người tham gia bảo hiểm y tế do Bộ trưởng Bộ Y tế ban hành",
bhyt,140624,132188,Căn cứ,True,False,False,Thông tư số 30/2019/TT-BLĐTBXH Hướng dẫn lập danh sách đối tượng tham gia bảo hiểm y tế do Bộ Lao động - Thương binh và Xã hội quản lý,
bhyt,185306,176696,Căn cứ,True,False,False,Nghị quyết số 75/2025/NQ-HĐND Quy định mức hỗ trợ đóng bảo hiểm y tế cho người bệnh phong tại Bệnh viện Bến Sắn; trẻ em và người có hoàn cảnh khó khăn trên địa bàn Thành phố Hồ Chí Minh,
bhyt,170853,101871,Căn cứ,True,False,False,"Nghị định số 63/2024/NĐ-CP Quy định việc thực hiện liên thông điện tử 02 nhóm thủ tục hành chính: Đăng ký khai sinh, đăng ký thường trú, cấp thẻ bảo hiểm y tế cho trẻ em dưới 6 tuổi; đăng ký khai tử, xóa đăng ký thường trú, giải quyết mai táng phí, tử tuất",
"bhyt,vien_phi",143848,70800,Căn cứ,True,False,False,"Quyết định số 28/2020/QĐ-UBND Quy định giá dịch vụ khám bệnh, chữa bệnh không thuộc phạm vi thanh toán của Quỹ bảo hiểm y tế trong các cơ sở khám bệnh, chữa bệnh của Nhà nước trên địa bàn tỉnh Ninh Thuận.",
bhyt,179920,12326,Căn cứ,True,False,False,"Nghị quyết số 19/2025/NQ-HĐND Quy định nội dung, mức hỗ trợ đóng bảo hiểm xã hội tự nguyện, bảo hiểm y tế cho các đối tượng chính sách xã hội của thành phố Hà Nội (Thực hiện điểm a, điểm b khoản 3, khoản 4 Điều 27 Luật Thủ đô)",
bhyt,185959,179711,Căn cứ,False,True,False,,Nghị định số 188/2025/NĐ-CP hướng dẫn Luật Bảo hiểm y tế
bhyt,163811,70807,Căn cứ,True,False,False,Nghị quyết số 32/2023/NQ-HĐND Quy định hỗ trợ mức đóng bảo hiểm y tế cho hộ thoát nghèo và hộ thoát cận nghèo trên địa bàn tỉnh Cà Mau đến năm 2025,
bhyt,156429,32610,Căn cứ,True,False,False,Nghị quyết số 13/2022/NQ-HĐND.loi Về việc Quy định mức giá dịch vụ xét nghiệm SARS-CoV-2 không thuộc phạm vi thanh toán của Quỹ bảo hiểm y tế tại các cơ sở y tế của Nhà nước thuộc tỉnh Thừa Thiên Huế,
bhyt,92520,38018,"Quy định chi tiết, hướng dẫn thi hành",False,True,False,,Nghị định số 105/2014/NĐ-CP Quy định chi tiết và hướng dẫn thi hành một số điều của Luật Bảo hiểm y tế
bhyt,179711,177785,Thay thế,True,False,True,Nghị định số 188/2025/NĐ-CP hướng dẫn Luật Bảo hiểm y tế,
bhyt,127519,126957,Căn cứ,True,True,False,Quyết định số Số: 10/2018/QĐ-UBND Quy định mức hỗ trợ đóng bảo hiểm y tế cho người thuộc hộ gia đình nghèo đa chiều thiếu hụt dịch vụ xã hội cơ bản khác (không bị thiếu hụt bảo hiểm y tế) trên địa bàn tỉnh Điện Biên,Nghị quyết số 78/2017/NQ-HĐND Quy định mức hỗ trợ đóng bảo hiểm y tế cho người thuộc hộ gia đình nghèo đa chiều thiếu hụt dịch vụ xã hội cơ bản khác (không bị thiếu hụt bảo hiểm y tế) trên địa bàn tỉnh Điện Biên
bhyt,127616,127615,Văn bản căn cứ,True,False,False,Nghị quyết số 46/2017/NQ-HĐND Quy định mức hỗ trợ đóng bảo hiểm y tế cho hộ cận nghèo năm 2018 và người thuộc hộ nghèo đa chiều thiếu hụt các dịch vụ xã hội cơ bản khác (không thiếu hụt bảo hiểm y tế) giai đoạn 2017-2018 trên địa bàn tỉnh Ninh Thuận,
bhyt,74259,26093,Dẫn chiếu,True,False,False,"Quyết định số 16/2013/QĐ-UBND Về việc sửa đổi, bổ sung điểm c, khoản 2, Điều 1 Quy định phân cấp quản lý mua, cấp phát thẻ bảo hiểm y tế cho các đối tượng được ngân sách nhà nước đảm bảo trên địa bàn tỉnh Hòa Bình ban hành kèm theo Quyết định số 14/2012/QĐ-UBND ngày 19 tháng 9 năm 2012 của UBND tỉnh Hòa Bình",
"bhyt,vien_phi",174421,70819,Căn cứ,True,False,False,"Nghị quyết số 30/2024/NQ-HĐND Bãi bỏ Nghị quyết số 09/2019/NQ-HĐND ngày 06 tháng 12 năm 2019 của Hội đồng nhân dân tỉnh “về việc quy định mức giá dịch vụ khám bệnh, chữa bệnh không thuộc phạm vi thanh toán của Quỹ bảo hiểm y tế trong các cơ sở khám bệnh, chữa bệnh của Nhà nước trên địa bàn tỉnh Bạc Liêu”",
"bhyt,vien_phi",167742,166467,Căn cứ,True,False,False,"Nghị quyết số số 11/2024/NQ-HĐND Quy định mức giá dịch vụ khám bệnh, chữa bệnh không thuộc phạm vi thanh toán của Quỹ bảo hiểm y tế nhưng không phải là dịch vụ khám bệnh, chữa bệnh theo yêu cầu trong các cơ sở khám bệnh, chữa bệnh của Nhà nước thuộc tỉnh Quảng Nam",
bhyt,166928,103581,Căn cứ,True,False,False,Nghị quyết số 288/2022/NQ-HĐND Quy định mức giá dịch vụ xét nghiệm SARS-CoV-2 (chưa bao gồm sinh phẩm xét nghiệm phản ứng) do cơ sở y tế của Nhà nước thực hiện không thuộc phạm vi thanh toán của Quỹ bảo hiểm y tế trên địa bàn tỉnh Thanh Hoá,
bhyt,138637,27863,Căn cứ,True,False,False,Nghị quyết số 15/2019/NQ-HĐND Về việc quy định mức giá dịch vụ khám chữa bệnh không thuộc phạm vi thanh toán của Quỹ Bảo hiểm y tế trên địa bàn tỉnh Bến Tre,
bhyt,acd3b080-664f-11f1-ab07-b50c7f6d7738,8619b9a0-5e55-11f1-8e5a-2929924511d6,Căn cứ,False,True,False,,"Nghị định 02/2025/NĐ-CP Sửa đổi, bổ sung một số điều của nghị định số 146/2018/NĐ-CP ngày 17 tháng 10 năm 2018 của chính phủ quy định chi tiết và hướng dẫn biện pháp thi hành luật bảo hiểm y tể, đã được sửa đổi, bổ sung một số điều tại nghị định số 75/2023/NĐ-CP ngày 19 tháng 10 năm 2023 của chính phủ"
bhyt,82064,17855,Căn cứ,True,False,False,"Nghị quyết số 07 /2014/NQ-HĐND Quy định mức hỗ trợ Nhân viên y tế tại các khu vực thuộc phường, ấp thuộc thị trấn trên địa bàn thành phố Cần Thơ",
bhyt,58497,179736,Văn bản sửa đổi,False,True,False,,"Thông tư số 27/2025/TT-BYT quy định nguyên tắc, tiêu chí xây dựng, cập nhật, ghi thông tin, cấu trúc danh mục và hướng dẫn thanh toán đối với thuốc dược liệu, thuốc có kết hợp dược chất với các dược liệu, thuốc cổ truyền, dược liệu thuộc phạm vi được hưởng của người tham gia bảo hiểm y tế do Bộ trưởng Bộ Y tế ban hành"
bhyt,38018,94002,"Văn bản HD, QĐ chi tiết",True,False,False,Nghị định số 105/2014/NĐ-CP Quy định chi tiết và hướng dẫn thi hành một số điều của Luật Bảo hiểm y tế,
bhyt,91087,20068,Căn cứ,True,False,False,"Quyết định 55/2010/QĐ-UBND bãi bỏ thủ tục hành chính áp dụng tại Ủy ban nhân dân quận, huyện, phường, xã, thị trấn trên địa bàn thành phố Hồ Chí Minh trong các lĩnh vực lao động - tiền lương - tiền công, việc làm, bảo hiểm y tế, bảo vệ và chăm sóc trẻ em, bảo trợ xã hội do Ủy ban nhân dân thành phố Hồ Chí Minh ban hành",
bhyt,0682b030-84d3-11f1-8e08-0594f352574d,12326,Căn cứ,True,False,False,Nghị quyết số 60/2026/NQ-HĐND Quy định mức hỗ trợ đóng bảo hiểm y tế trên địa bàn tỉnh Quảng Ngãi,
bhyt,117669,38018,Căn cứ,False,True,False,,Nghị định số 105/2014/NĐ-CP Quy định chi tiết và hướng dẫn thi hành một số điều của Luật Bảo hiểm y tế
bhyt,184087,12326,Căn cứ,True,False,False,Thông tư số 98/2025/TT-BQP Hướng dẫn thực hiện một số điều của Nghị định số 188/2025/NĐ-CP ngày 01 tháng 7 năm 2025 của Chính phủ quy định chi tiết và hướng dẫn thi hành một số điều của Luật Bảo hiểm y tế đối với các đối tượng thuộc phạm vi quản lý của Bộ Quốc phòng,
bhyt,100567,38018,Dẫn chiếu,False,True,False,,Nghị định số 105/2014/NĐ-CP Quy định chi tiết và hướng dẫn thi hành một số điều của Luật Bảo hiểm y tế
bhyt,81693,38018,Căn cứ,False,True,False,,Nghị định số 105/2014/NĐ-CP Quy định chi tiết và hướng dẫn thi hành một số điều của Luật Bảo hiểm y tế
"bhyt,vien_phi",174525,170583,Căn cứ,True,False,False,"Nghị quyết số 47/2024/NQ-HĐND Bãi bỏ Nghị quyết số 26/2024/NQ-HĐND ngày 23 tháng 7 năm 2024 của Hội đồng nhân dân tỉnh Quy định mức giá dịch vụ khám bệnh, chữa bệnh không thuộc phạm vi thanh toán của Quỹ bảo hiểm y tế mà không phải là dịch vụ khám bệnh, chữa bệnh theo yêu cầu trong các cơ sở khám bệnh, chữa bệnh của Nhà nước thuộc tỉnh Quảng Ngãi quản lý",
"bhyt,vien_phi",174274,146383,Căn cứ,True,False,False,"Nghị quyết số 41/2024/NQ-HĐND Bãi bỏ Nghị quyết số 26/2024/NQ-HĐND ngày 31 tháng 5 năm 2024 của Hội đồng nhân dân tỉnh quy định giá dịch vụ khám bệnh, chữa bệnh không thuộc danh mục do Quỹ bảo hiểm y tế thanh toán mà không phải là dịch vụ khám bệnh, chữa bệnh theo yêu cầu đối với các cơ sở khám bệnh, chữa bệnh của Nhà nước thuộc tỉnh Thanh Hóa quản lý",
"bhyt,vien_phi",174274,168125,Căn cứ,True,False,False,"Nghị quyết số 41/2024/NQ-HĐND Bãi bỏ Nghị quyết số 26/2024/NQ-HĐND ngày 31 tháng 5 năm 2024 của Hội đồng nhân dân tỉnh quy định giá dịch vụ khám bệnh, chữa bệnh không thuộc danh mục do Quỹ bảo hiểm y tế thanh toán mà không phải là dịch vụ khám bệnh, chữa bệnh theo yêu cầu đối với các cơ sở khám bệnh, chữa bệnh của Nhà nước thuộc tỉnh Thanh Hóa quản lý",
bhyt,155518,70807,Căn cứ,True,False,False,Nghị quyết số 10/2022/NQ-HĐND Quy định mức giá dịch vụ xét nghiệm SARS-CoV-2 bao gồm chi phí trực tiếp và chi phí tiền lương (chưa bao gồm sinh phẩm xét nghiệm phản ứng) trong trường hợp không thuộc phạm vi thanh toán của Quỹ bảo hiểm y tế trên địa bàn tỉnh An Giang,
bhyt,145559,142830,Căn cứ,True,False,False,Nghị quyết số 332/2020/NQ-HĐND Quy định mức hỗ trợ từ ngân sách nhà nước đóng bảo hiểm y tế cho một số đối tượng trên địa bàn tỉnh Hưng Yên giai đoạn 2021 - 2025,
bhyt,128888,38018,Căn cứ,False,True,False,,Nghị định số 105/2014/NĐ-CP Quy định chi tiết và hướng dẫn thi hành một số điều của Luật Bảo hiểm y tế
bhyt,569ef4e0-6654-11f1-920b-b70ccaab9d62,8619b9a0-5e55-11f1-8e5a-2929924511d6,Căn cứ,False,True,False,,"Nghị định 02/2025/NĐ-CP Sửa đổi, bổ sung một số điều của nghị định số 146/2018/NĐ-CP ngày 17 tháng 10 năm 2018 của chính phủ quy định chi tiết và hướng dẫn biện pháp thi hành luật bảo hiểm y tể, đã được sửa đổi, bổ sung một số điều tại nghị định số 75/2023/NĐ-CP ngày 19 tháng 10 năm 2023 của chính phủ"
bhyt,133816,70800,Căn cứ,True,False,False,"Quyết định số 36/2018/QĐ-UBND Bãi bỏ Quyết định số 479/2011/QĐ-UBND ngày 27 tháng 12 năm 2011 của UBND tỉnh ban hành Quy định đối tượng, chế độ và trình tự, thủ tục hồ sơ hưởng trợ cấp đối với Dân quân tự vệ chưa tham gia bảo hiểm y tế, bảo hiểm xã hội bắt buộc bị ốm, bị chết, bị tai nạn trong khi làm nhiệm vụ",
bhyt,159070,70800,Căn cứ,True,False,False,"Nghị quyết số 34/2022/NQ-HĐND Quy định việc hỗ trợ đóng bảo hiểm xã hội và bảo hiểm y tế cho ấp (khu) đội trưởng, người hoạt động không chuyên trách ở ấp, khu phố và người trực tiếp tham gia công việc ở ấp, khu phố trên địa bàn tỉnh Kiên Giang",
bhyt,173389,36793,Căn cứ,True,False,False,Nghị quyết số 42/2024/NQ-HĐND Về hỗ trợ chi phí mua thẻ bảo hiểm y tế cho người nhiễm HIV/AIDS và hỗ trợ chi phí cùng chi trả thuốc kháng vi rút HIV cho người nhiễm HIV/AIDS có thẻ bảo hiểm y tế trên địa bàn Thành phố Hồ Chí Minh,
bhyt,74259,17855,Căn cứ,True,False,False,"Quyết định số 16/2013/QĐ-UBND Về việc sửa đổi, bổ sung điểm c, khoản 2, Điều 1 Quy định phân cấp quản lý mua, cấp phát thẻ bảo hiểm y tế cho các đối tượng được ngân sách nhà nước đảm bảo trên địa bàn tỉnh Hòa Bình ban hành kèm theo Quyết định số 14/2012/QĐ-UBND ngày 19 tháng 9 năm 2012 của UBND tỉnh Hòa Bình",
bhyt,74259,73977,"Sửa đổi, bổ sung",True,False,False,"Quyết định số 16/2013/QĐ-UBND Về việc sửa đổi, bổ sung điểm c, khoản 2, Điều 1 Quy định phân cấp quản lý mua, cấp phát thẻ bảo hiểm y tế cho các đối tượng được ngân sách nhà nước đảm bảo trên địa bàn tỉnh Hòa Bình ban hành kèm theo Quyết định số 14/2012/QĐ-UBND ngày 19 tháng 9 năm 2012 của UBND tỉnh Hòa Bình",
bhyt,110272,21729,Căn cứ,True,False,False,Thông tư liên tịch số 77/2003/TTLT-BTC-BYT hướng dẫn thực hiện bảo hiểm y tế tự nguyện,
bhyt,185662,179711,Căn cứ,True,True,False,Nghị quyết số 43/2025/NQ-HĐND Quy định mức hỗ trợ đóng bảo hiểm y tế cho một số đối tượng trên địa bàn tỉnh Tuyên Quang,Nghị định số 188/2025/NĐ-CP hướng dẫn Luật Bảo hiểm y tế
"bhyt,vien_phi",172810,168125,Căn cứ,True,False,False,"Nghị quyết số 26/2024/NQ-HĐND bãi bỏ Nghị quyết số 02/2024/NQ-HĐND ngày 26/02/2024 của HĐND tỉnh Quy định giá dịch vụ khám bệnh, chữa bệnh không thuộc phạm vi thanh toán của Quỹ Bảo hiểm y tế trong các cơ sở khám bệnh, chữa bệnh của Nhà nước trên địa bàn tỉnh Trà Vinh",
"bhyt,vien_phi",173517,167197,Căn cứ,True,False,False,"Nghị quyết số 83/2024/NQ-HĐND Bãi bỏ Nghị quyết số 25/2024/NQ-HĐND ngày 17 tháng 7 năm 2024 của Hội đồng nhân dân tỉnh Lai Châu Quy định giá dịch vụ khám bệnh, chữa bệnh không thuộc phạm vi thanh toán của Quỹ bảo hiểm y tế trong các cơ sở khám bệnh, chữa bệnh của nhà nước thuộc tỉnh Lai Châu quản lý",
"bhyt,vien_phi",173935,166391,Căn cứ,True,False,False,"Nghị quyết số 29/2024/NQ-HĐND Bãi bỏ Nghị quyết số 15/2024/NQ-HĐND ngày 11 tháng 7 năm 2024 của Hội đồng nhân dân tỉnh Ninh Thuận quy định giá dịch vụ khám bệnh, chữa bệnh không thuộc phạm vi thanh toán của Quỹ bảo hiểm y tế trong các cơ sở khám bệnh, chữa bệnh của Nhà nước trên địa bàn tỉnh Ninh Thuận",
bhyt,127616,38018,Căn cứ,True,True,False,Nghị quyết số 46/2017/NQ-HĐND Quy định mức hỗ trợ đóng bảo hiểm y tế cho hộ cận nghèo năm 2018 và người thuộc hộ nghèo đa chiều thiếu hụt các dịch vụ xã hội cơ bản khác (không thiếu hụt bảo hiểm y tế) giai đoạn 2017-2018 trên địa bàn tỉnh Ninh Thuận,Nghị định số 105/2014/NĐ-CP Quy định chi tiết và hướng dẫn thi hành một số điều của Luật Bảo hiểm y tế
"bhyt,vien_phi",157394,137630,Thay thế,True,False,True,"Quyết định số 27/2020/QĐ-UBND Quy định giá dịch vụ khám bệnh, chữa bệnh không thuộc phạm vi thanh toán của Quỹ bảo hiểm y tế trong các cơ sở khám bệnh, chữa bệnh của Nhà nước trên địa bàn tỉnh Ninh Thuận",
bhyt,21163,22443,Căn cứ,True,False,False,Quyết định số 900/QĐ-CT Về việc quy định tạm thời mức thu các Dịch vụ kỹ thuật phục hồi chức năng được bảo hiểm y tế thanh toán,
bhyt,23616,40940,"Văn bản HD, QĐ chi tiết",False,True,False,,"Quyết định số 1111/QĐ-BHXH Về việc ban hành Quy định quản lý thu bảo hiểm xã hội, bảo hiểm y tế; quản lý sổ bảo hiểm xã hội, thẻ bảo hiểm y tế"
bhyt,22796,7181,Văn bản hết hiệu lực,True,False,False,Quyết định số 20/2002/QĐ-TTg Về việc chuyển Bảo hiểm Y tế Việt Nam sang Bảo hiểm Xã hội Việt Nam.,
bhyt,118234,38018,Dẫn chiếu,True,True,False,QUYẾT ĐỊNH SỐ 53/2016/QĐ-UBND QUY ĐỊNH MỨC HỖ TRỢ ĐÓNG BẢO HIỂM Y TẾ CHO NGƯỜI THUỘC HỘ GIA ĐÌNH CẬN NGHÈO TRÊN ĐỊA BÀN TỈNH NGHỆ AN GIAI ĐOẠN 2016-2020,Nghị định số 105/2014/NĐ-CP Quy định chi tiết và hướng dẫn thi hành một số điều của Luật Bảo hiểm y tế
bhyt,38018,12462,Dẫn chiếu,True,False,False,Nghị định số 105/2014/NĐ-CP Quy định chi tiết và hướng dẫn thi hành một số điều của Luật Bảo hiểm y tế,
bhyt,117586,38018,Căn cứ,False,True,False,,Nghị định số 105/2014/NĐ-CP Quy định chi tiết và hướng dẫn thi hành một số điều của Luật Bảo hiểm y tế
bhyt,173064,167307,Bãi bỏ,True,False,True,"Nghị quyết số 31/2024/NQ-HĐND Về việc bãi bỏ Nghị quyết số 04/2024/NQ-HĐND ngày 21 tháng 5 năm 2024 của Hội đồng nhân dân tỉnh quy định giá cụ thể dịch vụ khám bệnh, chữa bệnh không thuộc danh mục do quỹ bảo hiểm y tế thanh toán mà không phải là dịch vụ khám bệnh, chữa bệnh theo yêu cầu đối với các cơ sở khám bệnh, chửa bệnh của Nhà nước trên địa bàn tỉnh Long An",
bhyt,186050,179711,Căn cứ,True,True,False,Nghị quyết số 43/2025/NQ-HĐND Quy định mức hỗ trợ đóng bảo hiểm y tế cho các đối tượng được ngân sách nhà nước hỗ trợ mức đóng trên địa bàn tỉnh Đồng Tháp,Nghị định số 188/2025/NĐ-CP hướng dẫn Luật Bảo hiểm y tế
bhyt,156310,115469,Căn cứ,True,False,False,"Nghị quyết số 11/2022/NQ-HĐND Quy định giá dịch vụ xét nghiệm SARS-CoV-2 không thuộc phạm vi thanh toán của Quỹ bảo hiểm y tế trong các cơ sở khám bệnh, chữa bệnh của Nhà nước trên địa bàn tỉnh Trà Vinh",
bhyt,89902,24549,Dẫn chiếu,True,False,False,"Quyết định 5063/QĐ-UBND về Kế hoạch thực hiện Bảo hiểm y tế toàn dân trên địa bàn Thành phố Hồ Chí Minh, giai đoạn 2012 - 2015 và giai đoạn 2016 - 2020",
"bhyt,vien_phi",141832,25170,Căn cứ,True,False,False,"Quyết định số 10/2020/QĐ-UBND Bãi bỏ Quyết định số 74/2017/QĐ-UBND ngày 01 tháng 9 năm 2017 của Ủy ban nhân dân tỉnh về việc quy định mức giá dịch vụ khám bệnh, chữa bệnh không thuộc phạm vi thanh toán của Quỹ bảo hiểm y tế tại các cơ sở y tế công lập thuộc tỉnh Thừa Thiên Huế",
vien_phi,49919,49851,Căn cứ,True,False,False,"Quyết định số 72/2012/QĐ-UBND Về việc quy định đơn giá dịch vụ khám bệnh, chữa bệnh tại các cơ sở khám bệnh, chữa bệnh của nhà nước trên địa bàn tỉnh Nghệ An",
bhyt,184266,179644,Căn cứ,True,False,False,"Nghị quyết số 35/2025/NQ-HĐND Quy định chính sách hỗ trợ tiền ăn thêm, tiền mua bảo hiểm y tế và chi phí sinh hoạt khác đối với một số nhóm đối tượng đang được chăm sóc, nuôi dưỡng tại các đơn vị do Sở Y tế và Sở Nội vụ quản lý",
bhyt,187533,60298,Căn cứ,True,False,False,Nghị quyết số 09/2026/NQ-HĐND Quy định mức hỗ trợ đóng bảo hiểm y tế cho một số đối tượng trên địa bàn tỉnh Điện Biên,
bhyt,185038,178340,Căn cứ,True,False,False,Nghị quyết số 15/2025/NQ-HĐND Quy định mức hỗ trợ đóng bảo hiểm y tế cho một số đối tượng trên địa bàn tỉnh Cà Mau,
bhyt,83649,38018,Căn cứ,True,True,False,Nghị quyết số 163/2014/NQ-HĐND Về việc hỗ trợ kinh phí để thực hiện lộ trình tiến tới bảo hiểm y tế toàn dân trên địa bàn tỉnh Vĩnh Phúc giai đoạn 2015 – 2020,Nghị định số 105/2014/NĐ-CP Quy định chi tiết và hướng dẫn thi hành một số điều của Luật Bảo hiểm y tế
bhyt,8846bd40-80fb-11f1-8beb-4b8750743642,178340,Căn cứ,True,False,False,Nghị quyết số 16/2026/NQ-HĐND Quy định hỗ trợ mức đóng bảo hiểm y tế đối với người thuộc hộ thoát nghèo trên địa bàn tỉnh Hưng Yên giai đoạn 2026-2030,
bhyt,136325,38018,Căn cứ,False,True,False,,Nghị định số 105/2014/NĐ-CP Quy định chi tiết và hướng dẫn thi hành một số điều của Luật Bảo hiểm y tế
bhyt,8846bd40-80fb-11f1-8beb-4b8750743642,186277,Căn cứ,True,False,False,Nghị quyết số 16/2026/NQ-HĐND Quy định hỗ trợ mức đóng bảo hiểm y tế đối với người thuộc hộ thoát nghèo trên địa bàn tỉnh Hưng Yên giai đoạn 2026-2030,
bhyt,61668,20068,Căn cứ,True,False,False,Quyết định số 287/2014/QĐ-UBND Về việc hỗ trợ kinh phí cho đối tượng cận nghèo mua bảo hiểm y tế,
bhyt,100276,100267,"Sửa đổi, bổ sung",True,True,False,"Quyết định số 31/2015/QĐ-UBND Về việc bổ sung Điều 6 Quyết định số 25/2015/QĐ-UBND ngày 12 tháng 5 năm 2015 của Ủy ban nhân dân tỉnh quy định đăng ký khám bệnh, chữa bệnh ban đầu và chuyển tuyến khám bệnh, chữa bệnh bảo hiểm y tế trên địa bàn tỉnh Ninh Thuận","Quyết định số 25/2015/QĐ-UBND Ban hành Quy định đăng ký khám bệnh, chữa bệnh ban đầu và chuyển tuyến khám bệnh, chữa bệnh bảo hiểm y tế trên địa bàn tỉnh Ninh Thuận"
"bhyt,vien_phi",173398,170583,Căn cứ,True,False,False,"Nghị quyết số 09/2024/NQ-HĐND Bãi bỏ Nghị quyết số 19/2023/NQ-HĐND ngày 12 tháng 12 năm 2023 của Hội đồng nhân dân tỉnh quy định mức giá dịch vụ khám bệnh, chữa bệnh không thuộc phạm vi thanh toán của Quỹ bảo hiểm y tế mà không phải dịch vụ khám bệnh chữa bệnh theo yêu cầu tại các cơ sở khám bệnh, chữa bệnh của Nhà nước thuộc tỉnh Phú Thọ quản lý",
bhyt,156562,32610,Căn cứ,True,False,False,Nghị quyết số 13/2022/NQ-HĐND Về việc Quy định giá dịch vụ xét nghiệm SARS-CoV-2 không thuộc phạm vi thanh toán của Quỹ bảo hiểm y tế tại các cơ sở y tế của Nhà nước thuộc tỉnh Thừa Thiên Huế,
bhyt,145559,70819,Căn cứ,True,False,False,Nghị quyết số 332/2020/NQ-HĐND Quy định mức hỗ trợ từ ngân sách nhà nước đóng bảo hiểm y tế cho một số đối tượng trên địa bàn tỉnh Hưng Yên giai đoạn 2021 - 2025,
bhyt,141799,135466,Căn cứ,True,True,False,Nghị quyết số 287/2020/NQ-HĐND Hỗ trợ kinh phí đóng bảo hiểm y tế cho người nhiễm HIV chưa có thẻ bảo hiểm y tế trên địa bàn tỉnh Kiên Giang,"Thông tư số 27/2018/TT-BYT Hướng dẫn thực hiện bảo hiểm y tế và khám bệnh, chữa bệnh liên quan đến HIV/AIDS"
bhyt,84439,84411,Văn bản dẫn chiếu,True,False,False,"Quyết định số 30/2014/QĐ-UBND Ban hành quy định việc quản lý, cấp phát thẻ Bảo hiểm y tế cho các đối tượng được ngân sách Nhà nước đóng, hỗ trợ tiền đóng Bảo hiểm y tế trên địa bàn tỉnh Bình Thuận",
bhyt,186826,179711,Căn cứ,False,True,False,,Nghị định số 188/2025/NĐ-CP hướng dẫn Luật Bảo hiểm y tế
bhyt,130135,70819,Căn cứ,True,False,False,Nghị quyết số 59/2018/NQ-HĐND Quy định mức hỗ trợ đóng bảo hiểm y tế từ ngân sách nhà nước cho người thuộc hộ gia đình nghèo đa chiều thiếu hụt các dịch vụ xã hội cơ bản khác (không thiếu hụt Bảo hiểm y tế) trên địa bàn tỉnh,
bhyt,67295,16858,"Quy định chi tiết, hướng dẫn thi hành",True,False,False,"Thông tư liên tịch số 05/2015/TTLT-BTP-BCA-BYT Hướng dẫn thực hiện liên thông các thủ tục hành chính về đăng ký khai sinh, đăng ký thường trú, cấp thẻ bảo hiểm y tế cho trẻ em dưới 6 tuổi",
bhyt,100999,147940,Văn bản quy định hết hiệu lực,False,True,False,,"Quyết định số Số: 09/2021/QĐ-UBND Bãi bỏ Quyết định số 03/2016/QĐ-UBND ngày 28 tháng 3 năm 2016 của Uỷ ban nhân dân tỉnh ban hành Quy chế phối hợp thực hiện đăng ký khai sinh, đăng ký thường trú, cấp thẻ bảo hiểm y tế cho trẻ em dưới 6 tuổi trên địa bàn tỉnh Điện Biên"
bhyt,147194,169585,Văn bản quy định hết hiệu lực 1 phần,False,True,False,,Thông tư 08/2024/TT-BYT bãi bỏ một phần các văn bản quy phạm pháp luật do Bộ trưởng Bộ Y tế ban hành
bhyt,147940,142842,Văn bản căn cứ,True,False,False,"Quyết định số Số: 09/2021/QĐ-UBND Bãi bỏ Quyết định số 03/2016/QĐ-UBND ngày 28 tháng 3 năm 2016 của Uỷ ban nhân dân tỉnh ban hành Quy chế phối hợp thực hiện đăng ký khai sinh, đăng ký thường trú, cấp thẻ bảo hiểm y tế cho trẻ em dưới 6 tuổi trên địa bàn tỉnh Điện Biên",
bhyt,54852,20068,Căn cứ,True,False,False,"Quyết định số 03/2015/QĐ-UBND Về việc thực hiện hỗ trợ đóng bảo hiểm xã hội tự nguyện, bảo hiểm y tế cho Công an viên thường trực cấp xã trên địa bàn tỉnh Quảng Nam",
bhyt,184708,15078,Căn cứ,True,False,False,"Nghị quyết số 57/2025/NQ-HĐND Quy định chính sách hỗ trợ mức đóng bảo hiểm y tế cho các nhóm đối tượng xã hội đang thường trú trên địa bàn thành phố Hải Phòng, giai đoạn 2026 - 2030",
bhyt,185356,168944,Bãi bỏ,True,False,True,Nghị quyết số '26/2025/NQ-HĐND Quy định mức hỗ trợ đóng bảo hiểm y tế cho một số đối tượng trên địa bàn thành phố Cần Thơ,
bhyt,170853,25164,Căn cứ,True,False,False,"Nghị định số 63/2024/NĐ-CP Quy định việc thực hiện liên thông điện tử 02 nhóm thủ tục hành chính: Đăng ký khai sinh, đăng ký thường trú, cấp thẻ bảo hiểm y tế cho trẻ em dưới 6 tuổi; đăng ký khai tử, xóa đăng ký thường trú, giải quyết mai táng phí, tử tuất",
bhyt,5133,10420,Căn cứ,True,False,False,Quyết định số 1203/1996/QĐ-UB/VX Về việc thu bảo hiểm y tế học sinh,
"bhyt,vien_phi",174421,146383,Căn cứ,True,False,False,"Nghị quyết số 30/2024/NQ-HĐND Bãi bỏ Nghị quyết số 09/2019/NQ-HĐND ngày 06 tháng 12 năm 2019 của Hội đồng nhân dân tỉnh “về việc quy định mức giá dịch vụ khám bệnh, chữa bệnh không thuộc phạm vi thanh toán của Quỹ bảo hiểm y tế trong các cơ sở khám bệnh, chữa bệnh của Nhà nước trên địa bàn tỉnh Bạc Liêu”",
"bhyt,vien_phi",174415,70819,Căn cứ,True,False,False,"Nghị quyết số 01/2025/NQ-HĐND Bãi bỏ Nghị quyết số 12/2024/NQ-HĐND ngày 17 tháng 6 năm 2024 của Hội đồng nhân dân tỉnh quy định giá dịch vụ khám bệnh, chữa bệnh không thuộc phạm vi thanh toán của Quỹ Bảo hiểm y tế nhưng không phải là đối tượng khám bệnh, chữa bệnh theo yêu cầu tại các cơ sở khám bệnh, chữa bệnh công lập thuộc tỉnh Thừa Thiên Huế",
bhyt,155298,115469,Căn cứ,True,False,False,"Nghị quyết số 65/2022/NQ-HĐND Quy định mức giá dịch vụ xét nghiệm SARS-CoV-2 không thuộc phạm vi thanh toán của Quỹ bảo hiểm y tế (chưa bao gồm chi phí sinh phẩm xét nghiệm SARS-CoV-2) tại cơ sở khám bệnh, chữa bệnh của Nhà nước trên địa bàn tỉnh Hà Tĩnh",
bhyt,179772,179711,Dẫn chiếu,True,True,False,"Thông tư số 63/2025/TT-BQP Quy định, hướng dẫn thực hiện một số điều của Nghị định số 70/2015/NĐ-CP ngày 01 tháng 9 năm 2015 của Chính phủ quy định chi tiết và hướng dẫn thi hành một số điều của Luật Bảo hiểm y tế đối với quân đội nhân dân, công an nhân dân và người làm công tác cơ yếu; Nghị định số 74/2025/NĐ-CP ngày 31 tháng 3 năm 2025 sửa đổi, bổ sung một số điều của Nghị định số 70/2015/NĐ-CP ngày 01 tháng 9 năm 2015 của Chính phủ",Nghị định số 188/2025/NĐ-CP hướng dẫn Luật Bảo hiểm y tế
bhyt,171885,115653,"Sửa đổi, bổ sung",True,False,False,"Thông tư 39/2024/TT-BYT sửa đổi Thông tư 35/2016/TT-BYT về Danh mục và tỷ lệ, điều kiện thanh toán đối với dịch vụ kỹ thuật y tế thuộc phạm vi được hưởng của người tham gia bảo hiểm y tế do Bộ trưởng Bộ Y tế ban hành",
bhyt,115366,79543,Căn cứ,True,False,False,"Nghị quyết số 22/2016/NQ-HĐND V/v quy định mức giá dịch vụ khám chữa bệnh, chữa bệnh đối với người không có thẻ bảo hiểm y tế tại cơ sở y tế công lập trên địa bàn tỉnh",
bhyt,151649,185037,Văn bản quy định hết hiệu lực,False,True,False,,"Nghị quyết số 57/2025/NQ-HĐND Quy định chính sách hỗ trợ mức đóng bảo hiểm y tế cho các nhóm đối tượng xã hội đang thường trú trên địa bàn thành phố Hải Phòng, giai đoạn 2026 - 2030"
bhyt,113143,176707,Văn bản quy định hết hiệu lực,False,True,False,,"Nghị định số 74/2025/NĐ-CP Sửa đổi, bổ sung một số điều của Nghị định số 70/2015/NĐ-CP ngày 01 tháng 09 năm 2015 của Chính phủ quy định chi tiết và hướng dẫn thi hành một số điều của Luật Bảo hiểm y tế đói với Quân đội nhân dân, công an nhân dân và người làm công tác cơ yếu"
bhyt,150222,70819,Căn cứ,True,False,False,"Quyết định số 29/2021/QĐ-UBND Bãi bỏ Quyết định số 1202/2008/QĐ-UBND ngày 14 tháng 7 năm 2008 của Ủy ban nhân dân tỉnh Cao Bằng ban hành Quy định về chế độ tiền công, chế độ bảo hiểm xã hội, bảo hiểm y tế, chế độ bồi thường tai nạn lao động, chế độ tiền thưởng đối với huấn luyện viên, vận động viên thể thao của tỉnh Cao Bằng",
bhyt,74259,27435,Căn cứ,True,False,False,"Quyết định số 16/2013/QĐ-UBND Về việc sửa đổi, bổ sung điểm c, khoản 2, Điều 1 Quy định phân cấp quản lý mua, cấp phát thẻ bảo hiểm y tế cho các đối tượng được ngân sách nhà nước đảm bảo trên địa bàn tỉnh Hòa Bình ban hành kèm theo Quyết định số 14/2012/QĐ-UBND ngày 19 tháng 9 năm 2012 của UBND tỉnh Hòa Bình",
vien_phi,4934,11596,Căn cứ,True,False,False,"Quyết định số 2485/QĐ.UB-VX Về việc dừng thu viện phí đối với trẻ em dưới 6 tuổi của tỉnh, khi các cháu khám chữa bệnh vượt tuyến trái phép",
bhyt,40940,14840,"Quy định chi tiết, hướng dẫn thi hành",True,False,False,"Quyết định số 1111/QĐ-BHXH Về việc ban hành Quy định quản lý thu bảo hiểm xã hội, bảo hiểm y tế; quản lý sổ bảo hiểm xã hội, thẻ bảo hiểm y tế",
bhyt,555174c0-66ed-11f1-a036-8bf17f3cc74c,152084,Bãi bỏ,True,False,True,Nghị quyết Quy định mức hỗ trợ đóng bảo hiểm y tế cho một số đối tượng trên địa bàn tỉnh Thái Nguyên,
bhyt,152757,119084,Căn cứ,True,False,False,Nghị quyết số Số: 04/2022/NQ-HĐND Quy định chính sách hỗ trợ bảo hiểm y tế đối với đồng bào dân tộc thiểu số trên địa bàn tỉnh Quảng Nam giai đoạn 2022 - 2025,
bhyt,170853,36793,Căn cứ,True,False,False,"Nghị định số 63/2024/NĐ-CP Quy định việc thực hiện liên thông điện tử 02 nhóm thủ tục hành chính: Đăng ký khai sinh, đăng ký thường trú, cấp thẻ bảo hiểm y tế cho trẻ em dưới 6 tuổi; đăng ký khai tử, xóa đăng ký thường trú, giải quyết mai táng phí, tử tuất",
bhyt,99210,67295,Căn cứ,False,True,False,,"Thông tư liên tịch số 05/2015/TTLT-BTP-BCA-BYT Hướng dẫn thực hiện liên thông các thủ tục hành chính về đăng ký khai sinh, đăng ký thường trú, cấp thẻ bảo hiểm y tế cho trẻ em dưới 6 tuổi"
bhyt,173149,140624,Dẫn chiếu,False,True,False,,Thông tư số 30/2019/TT-BLĐTBXH Hướng dẫn lập danh sách đối tượng tham gia bảo hiểm y tế do Bộ Lao động - Thương binh và Xã hội quản lý
"bhyt,vien_phi",173398,167565,"Quy định chi tiết, hướng dẫn thi hành",True,False,False,"Nghị quyết số 09/2024/NQ-HĐND Bãi bỏ Nghị quyết số 19/2023/NQ-HĐND ngày 12 tháng 12 năm 2023 của Hội đồng nhân dân tỉnh quy định mức giá dịch vụ khám bệnh, chữa bệnh không thuộc phạm vi thanh toán của Quỹ bảo hiểm y tế mà không phải dịch vụ khám bệnh chữa bệnh theo yêu cầu tại các cơ sở khám bệnh, chữa bệnh của Nhà nước thuộc tỉnh Phú Thọ quản lý",
bhyt,156404,32610,Căn cứ,True,False,False,"Quyết định số 49/2022/QĐ-UBND Quy định mức giá dịch vụ xét nghiệm SARS-CoV-2 trong trường hợp không thuộc phạm vi thanh toán của Quỹ bảo hiểm y tế tại các cơ sở khám bệnh, chữa bệnh công lập thuộc tỉnh Ninh Thuận",
bhyt,91087,12905,Căn cứ,True,False,False,"Quyết định 55/2010/QĐ-UBND bãi bỏ thủ tục hành chính áp dụng tại Ủy ban nhân dân quận, huyện, phường, xã, thị trấn trên địa bàn thành phố Hồ Chí Minh trong các lĩnh vực lao động - tiền lương - tiền công, việc làm, bảo hiểm y tế, bảo vệ và chăm sóc trẻ em, bảo trợ xã hội do Ủy ban nhân dân thành phố Hồ Chí Minh ban hành",
bhyt,79541,47690,Dẫn chiếu,False,True,False,,Thông tư liên tịch số 21/2005/TTLT-BYT-BTC Thông tư hướng dẫn thực hiện bảo hiểm y tế bắt buộc
bhyt,185306,12326,Căn cứ,True,False,False,Nghị quyết số 75/2025/NQ-HĐND Quy định mức hỗ trợ đóng bảo hiểm y tế cho người bệnh phong tại Bệnh viện Bến Sắn; trẻ em và người có hoàn cảnh khó khăn trên địa bàn Thành phố Hồ Chí Minh,
bhyt,183009,18433,Căn cứ,True,False,False,Nghị quyết số 10/2013/NQ-HĐND Hỗ trợ kinh phí từ Ngân sách tỉnh để mua Bảo hiểm y tế cho Người cao tuổi trên địa bàn tỉnh Ninh Bình,
bhyt,127519,92948,Căn cứ,True,False,False,Quyết định số Số: 10/2018/QĐ-UBND Quy định mức hỗ trợ đóng bảo hiểm y tế cho người thuộc hộ gia đình nghèo đa chiều thiếu hụt dịch vụ xã hội cơ bản khác (không bị thiếu hụt bảo hiểm y tế) trên địa bàn tỉnh Điện Biên,
"bhyt,vien_phi",139307,173130,Văn bản quy định hết hiệu lực,False,True,False,,"Nghị quyết số 30/2024/NQ-HĐND Bãi bỏ Nghị quyết số 15/2019/NQ-HĐND ngày 06 tháng 12 năm 2019 của Hội đồng nhân dân tỉnh Sóc Trăng quy định giá dịch vụ khám bệnh, chữa bệnh không thuộc phạm vi thanh toán của Quỹ bảo hiểm y tế trong các cơ sở khám bệnh, chữa bệnh của Nhà nước trên địa bàn tỉnh Sóc Trăng"
bhyt,185037,25702,Căn cứ,True,False,False,"Nghị quyết số 57/2025/NQ-HĐND Quy định chính sách hỗ trợ mức đóng bảo hiểm y tế cho các nhóm đối tượng xã hội đang thường trú trên địa bàn thành phố Hải Phòng, giai đoạn 2026 - 2030",
bhyt,128759,50253,Bãi bỏ,True,False,True,"Quyết định số 02/2018/QĐ-UBND Bãi bỏ các quy định về thực hiện mức hỗ trợ đóng bảo hiểm xã hội tự nguyện, bảo hiểm y tế cho cán bộ không chuyên trách xã, phường, thị trấn trên địa bàn tỉnh Quảng Nam theo Quyết định số 02/2010/QĐ-UBND ngày 19/01/2010 của UBND tỉnh Quảng Nam",
bhyt,184454,168896,Bãi bỏ,True,False,True,"Nghị quyết số 56/2025/NQ-HĐND Quy định mức hỗ trợ đóng bảo hiểm y tế cho người cao tuổi, học sinh trên địa bàn Thành phố Hồ Chí Minh",
"bhyt,vien_phi",174525,169268,Bãi bỏ,True,False,True,"Nghị quyết số 47/2024/NQ-HĐND Bãi bỏ Nghị quyết số 26/2024/NQ-HĐND ngày 23 tháng 7 năm 2024 của Hội đồng nhân dân tỉnh Quy định mức giá dịch vụ khám bệnh, chữa bệnh không thuộc phạm vi thanh toán của Quỹ bảo hiểm y tế mà không phải là dịch vụ khám bệnh, chữa bệnh theo yêu cầu trong các cơ sở khám bệnh, chữa bệnh của Nhà nước thuộc tỉnh Quảng Ngãi quản lý",
bhyt,156169,166391,Căn cứ,True,False,False,"Nghị quyết số 12/2022/NQ-HĐND Quy định mức giá dịch vụ xét nghiệm SARS-CoV-2 trong trường hợp không thuộc phạm vi thanh toán của Quỹ bảo hiểm y tế tại các cơ sở khám bệnh, chữa bệnh công lập thuộc tỉnh Ninh Thuận",
bhyt,153741,70819,Căn cứ,True,False,False,"Nghị quyết số 88/2022/NQ-HĐND về ban hành giá dịch vụ xét nghiệm SARC-CoV-2 không thuộc phạm vi thanh toán của quỹ bảo hiểm y tế trong các cơ sở khám bệnh, chữa bệnh của Nhà nước do tỉnh Quảng Ninh quản lý",
"bhyt,vien_phi",168478,52575,Căn cứ,True,False,False,"NGHỊ QUYẾT SỐ Số: 6/2019/NQ-HĐND QUY ĐỊNH VỀ GIÁ DỊCH VỤ KHÁM BỆNH, CHỮA BỆNH KHÔNG THUỘC PHẠM VI THANH TOÁN CỦA QUỸ BẢO HIỂM Y TẾ TRONG CÁC CƠ SỞ KHÁM BỆNH, CHỮA BỆNH CỦA NHÀ NƯỚC TRÊN ĐỊA BÀN TỈNH BÌNH PHƯỚC",
bhyt,28013,15057,"Quy định chi tiết, hướng dẫn thi hành",True,False,False,Thông tư số 178/2012/TT-BTC Hướng dẫn kế toán áp dụng cho Bảo hiểm xã hội Việt Nam,
bhyt,113670,38018,Dẫn chiếu,False,True,False,,Nghị định số 105/2014/NĐ-CP Quy định chi tiết và hướng dẫn thi hành một số điều của Luật Bảo hiểm y tế
bhyt,24549,11802,Dẫn chiếu,False,True,False,,Quyết định số 170/2008/QĐ-TTg Về chế độ bảo hiểm y tế và trợ cấp mai táng đối với thanh niên xung phong thời kỳ kháng chiến chống Pháp
bhyt,170853,46746,Căn cứ,True,False,False,"Nghị định số 63/2024/NĐ-CP Quy định việc thực hiện liên thông điện tử 02 nhóm thủ tục hành chính: Đăng ký khai sinh, đăng ký thường trú, cấp thẻ bảo hiểm y tế cho trẻ em dưới 6 tuổi; đăng ký khai tử, xóa đăng ký thường trú, giải quyết mai táng phí, tử tuất",
bhyt,140624,12326,"Quy định chi tiết, hướng dẫn thi hành",True,False,False,Thông tư số 30/2019/TT-BLĐTBXH Hướng dẫn lập danh sách đối tượng tham gia bảo hiểm y tế do Bộ Lao động - Thương binh và Xã hội quản lý,
bhyt,148676,139878,Căn cứ,True,False,False,Nghị quyết số 12/2021/NQ-HĐND Quy định mức hỗ trợ đóng bảo hiểm y tế cho người thuộc hộ nghèo đa chiều thiếu hụt các dịch vụ xã hội cơ bản khác và người thuộc hộ gia đình cận nghèo trên địa bàn tỉnh Lạng Sơn,
bhyt,40940,23616,"Quy định chi tiết, hướng dẫn thi hành",True,False,False,"Quyết định số 1111/QĐ-BHXH Về việc ban hành Quy định quản lý thu bảo hiểm xã hội, bảo hiểm y tế; quản lý sổ bảo hiểm xã hội, thẻ bảo hiểm y tế",
bhyt,177933,70800,Căn cứ,True,False,False,"Nghị quyết số 04/2025/NQ-HĐND Hỗ trợ mức đóng bảo hiểm y tế và chi phí cùng chi trả đối với thuốc kháng vi-rút HIV cho người nhiễm HIV/AIDS đang điều trị tại các cơ sở khám, chữa bệnh công lập thuộc mạng lưới phòng, chống HIV/AIDS của tỉnh Khánh Hòa",
"bhyt,vien_phi",174415,70800,Căn cứ,True,False,False,"Nghị quyết số 01/2025/NQ-HĐND Bãi bỏ Nghị quyết số 12/2024/NQ-HĐND ngày 17 tháng 6 năm 2024 của Hội đồng nhân dân tỉnh quy định giá dịch vụ khám bệnh, chữa bệnh không thuộc phạm vi thanh toán của Quỹ Bảo hiểm y tế nhưng không phải là đối tượng khám bệnh, chữa bệnh theo yêu cầu tại các cơ sở khám bệnh, chữa bệnh công lập thuộc tỉnh Thừa Thiên Huế",
"bhyt,vien_phi",167742,151168,Căn cứ,True,False,False,"Nghị quyết số số 11/2024/NQ-HĐND Quy định mức giá dịch vụ khám bệnh, chữa bệnh không thuộc phạm vi thanh toán của Quỹ bảo hiểm y tế nhưng không phải là dịch vụ khám bệnh, chữa bệnh theo yêu cầu trong các cơ sở khám bệnh, chữa bệnh của Nhà nước thuộc tỉnh Quảng Nam",
bhyt,155298,70819,Căn cứ,True,False,False,"Nghị quyết số 65/2022/NQ-HĐND Quy định mức giá dịch vụ xét nghiệm SARS-CoV-2 không thuộc phạm vi thanh toán của Quỹ bảo hiểm y tế (chưa bao gồm chi phí sinh phẩm xét nghiệm SARS-CoV-2) tại cơ sở khám bệnh, chữa bệnh của Nhà nước trên địa bàn tỉnh Hà Tĩnh",
bhyt,3167a8d0-58e8-11f1-b3bb-7f5ed40f13b2,182763,Căn cứ,True,False,False,"Thông tư 126/2025/TT-BTC Quy định quy trình kiểm tra lĩnh vực bảo hiểm xã hội, bảo hiểm thất nghiệp, bảo hiểm y tế thuộc phạm vi quản lý nhà nước của Bộ Tài chính",
bhyt,119949,92948,Căn cứ,True,False,False,Nghị quyết số 70/2016/NQ-HĐND Quy định mức hỗ trợ đóng bảo hiểm y tế cho người thuộc hộ gia đình cận nghèo trên địa bàn tỉnh Ninh Thuận năm 2017,
bhyt,179711,170853,Dẫn chiếu,True,True,False,Nghị định số 188/2025/NĐ-CP hướng dẫn Luật Bảo hiểm y tế,"Nghị định số 63/2024/NĐ-CP Quy định việc thực hiện liên thông điện tử 02 nhóm thủ tục hành chính: Đăng ký khai sinh, đăng ký thường trú, cấp thẻ bảo hiểm y tế cho trẻ em dưới 6 tuổi; đăng ký khai tử, xóa đăng ký thường trú, giải quyết mai táng phí, tử tuất"
bhyt,165832,143472,Căn cứ,True,False,False,"Quyết định số 48/2023/QĐ-UBND Bãi bỏ Quyết định số 42/2016/QĐ-UBND ngày 28 tháng 10 năm 2016 của Ủy ban nhân dân Thành phố ban hành Quy chế thực hiện liên thông thủ tục hành chính về đăng ký khai sinh, đăng ký thường trú, cấp thẻ bảo hiểm y tế cho trẻ em dưới 06 tuổi và đăng ký khai tử, xóa đăng ký thường trú trên địa bàn Thành phố Hồ Chí Minh",
bhyt,40940,12969,Căn cứ,True,False,False,"Quyết định số 1111/QĐ-BHXH Về việc ban hành Quy định quản lý thu bảo hiểm xã hội, bảo hiểm y tế; quản lý sổ bảo hiểm xã hội, thẻ bảo hiểm y tế",
bhyt,117674,27186,Dẫn chiếu,True,False,False,"Nghị định số 21/2016/NĐ-CP Quy định việc thực hiện chức năng thanh tra chuyên ngành về đóng bảo hiểm xã hội, bảo hiểm thất nghiệp, bảo hiểm y tế của cơ quan bảo hiểm xã hội",
bhyt,88622,80696,Văn bản căn cứ,True,False,False,"Quyết định 3651/QĐ-UBND ban hành Kế hoạch Chương trình hành động 32-CTrHĐ/TU thực hiện Nghị quyết 21-NQ/TW về tăng cường sự lãnh đạo của Đảng đối với công tác bảo hiểm xã hội, bảo hiểm y tế giai đoạn 2012 - 2020 do thành phố Hồ Chí Minh ban hành",
bhyt,173389,166833,Căn cứ,True,False,False,Nghị quyết số 42/2024/NQ-HĐND Về hỗ trợ chi phí mua thẻ bảo hiểm y tế cho người nhiễm HIV/AIDS và hỗ trợ chi phí cùng chi trả thuốc kháng vi rút HIV cho người nhiễm HIV/AIDS có thẻ bảo hiểm y tế trên địa bàn Thành phố Hồ Chí Minh,
bhyt,185306,172923,Căn cứ,True,True,False,Nghị quyết số 75/2025/NQ-HĐND Quy định mức hỗ trợ đóng bảo hiểm y tế cho người bệnh phong tại Bệnh viện Bến Sắn; trẻ em và người có hoàn cảnh khó khăn trên địa bàn Thành phố Hồ Chí Minh,Luật Bảo hiểm y tế sửa đổi 2024 số Luật số 51/2024/QH15
"bhyt,vien_phi",173130,146383,Căn cứ,True,False,False,"Nghị quyết số 30/2024/NQ-HĐND Bãi bỏ Nghị quyết số 15/2019/NQ-HĐND ngày 06 tháng 12 năm 2019 của Hội đồng nhân dân tỉnh Sóc Trăng quy định giá dịch vụ khám bệnh, chữa bệnh không thuộc phạm vi thanh toán của Quỹ bảo hiểm y tế trong các cơ sở khám bệnh, chữa bệnh của Nhà nước trên địa bàn tỉnh Sóc Trăng",
bhyt,c55da810-6b93-11f1-ae50-93204d3d31ff,175462,Căn cứ,True,False,False,"Thông tư số 116/2025/TT-BTC Hướng dẫn thực hiện cơ chế tài chính về bảo hiểm xã hội, bảo hiểm thất nghiệp, bảo hiểm y tế; chi tổ chức và hoạt động bảo hiểm xã hội, bảo hiểm thất nghiệp, bảo hiểm y tế",
bhyt,176707,100567,"Sửa đổi, bổ sung",True,False,False,"Nghị định số 74/2025/NĐ-CP Sửa đổi, bổ sung một số điều của Nghị định số 70/2015/NĐ-CP ngày 01 tháng 09 năm 2015 của Chính phủ quy định chi tiết và hướng dẫn thi hành một số điều của Luật Bảo hiểm y tế đói với Quân đội nhân dân, công an nhân dân và người làm công tác cơ yếu",
bhyt,115952,100658,Bãi bỏ,True,False,True,"Quyết định số 57/2016/QĐ-UBND Về việc bãi bỏ Quyết định số 50/2015/QĐ-UBND ngày 12 tháng 8 năm 2015 của Ủy ban nhân dân tỉnh ban hành Quy định giải quyết thủ tục hành chính theo cơ chế một cửa thuộc lĩnh vực hộ tịch; một cửa liên thông thuộc lĩnh vực hộ tịch, cấp thẻ bảo hiểm y tế và đăng ký, quản lý cư trú tại Ủy ban nhân dân xã, phường, thị trấn trên địa bàn tỉnh Ninh Thuận",
bhyt,57553,57552,Văn bản dẫn chiếu,True,False,False,Chỉ thị số 30/2005/CT-UBND Về việc tăng cường thực hiện Bảo hiểm Y tế tự nguyện,
bhyt,187533,36793,Căn cứ,True,False,False,Nghị quyết số 09/2026/NQ-HĐND Quy định mức hỗ trợ đóng bảo hiểm y tế cho một số đối tượng trên địa bàn tỉnh Điện Biên,
"bhyt,vien_phi",141832,27624,Căn cứ,True,False,False,"Quyết định số 10/2020/QĐ-UBND Bãi bỏ Quyết định số 74/2017/QĐ-UBND ngày 01 tháng 9 năm 2017 của Ủy ban nhân dân tỉnh về việc quy định mức giá dịch vụ khám bệnh, chữa bệnh không thuộc phạm vi thanh toán của Quỹ bảo hiểm y tế tại các cơ sở y tế công lập thuộc tỉnh Thừa Thiên Huế",
bhyt,177892,132188,Căn cứ,True,False,False,"Nghị quyết số 03/2025/NQ-HĐND Quy định mức hỗ trợ đóng bảo hiểm y tế đối với học sinh, sinh viên đang học tại các trường công lập thuộc tỉnh quản lý",
bhyt,167234,163819,Căn cứ,True,False,False,"Nghị quyết số 05/2024/NQ-HĐND Sửa đổi khoản 1 Điều 1 Nghị quyết số 19/2022/NQ-HĐND ngày 09 tháng 12 năm 2022 của Hội đồng nhân dân tỉnh quy định mức hỗ trợ đóng bảo hiểm y tế cho người có uy tín trong đồng bào dân tộc thiểu số không thuộc đối tượng đã được ngân sách nhà nước đóng và hỗ trợ mức đóng bảo hiểm y tế trên địa bàn tỉnh Trà Vinh, giai đoạn 2023 - 2025",
"bhyt,vien_phi",174245,167565,Căn cứ,True,False,False,"Nghị quyết số 26/2024/NQ-HĐND Bãi bỏ Nghị quyết số 04/2024/NQ-HĐND ngày 19 tháng 4 năm 2024 của Hội đồng nhân dân tỉnh An Giang quy định mức giá dịch vụ khám bệnh, chữa bệnh không thuộc phạm vi thanh toán của Quỹ bảo hiểm y tế mà không phải là đối tượng khám bệnh, chữa bệnh theo yêu cầu tạ",
bhyt,165832,70819,Căn cứ,True,False,False,"Quyết định số 48/2023/QĐ-UBND Bãi bỏ Quyết định số 42/2016/QĐ-UBND ngày 28 tháng 10 năm 2016 của Ủy ban nhân dân Thành phố ban hành Quy chế thực hiện liên thông thủ tục hành chính về đăng ký khai sinh, đăng ký thường trú, cấp thẻ bảo hiểm y tế cho trẻ em dưới 06 tuổi và đăng ký khai tử, xóa đăng ký thường trú trên địa bàn Thành phố Hồ Chí Minh",
bhyt,144205,25170,Căn cứ,True,False,False,"Thông tư số 13/2020/TT-BYTT Sửa đổi, bổ sung một số điều của Thông tư số 35/2016/TT-BYT ngày 28 tháng 9 năm 2016 của Bộ trưởng Bộ Y tế ban hành Danh mục và tỷ lệ, điều kiện thanh toán đối với dịch vụ kỹ thuật y tế thuộc phạm vi được hưởng của người tham gia bảo hiểm y tế",
bhyt,26100,15057,Căn cứ,True,False,False,"Quyết định số 02/2011/QĐ-TTg Sửa đổi khoản 1 điều 4 Quyết định số 87/2010/QĐ-TTg ngày 24 tháng 12 năm 2010 của Thủ tướng Chính phủ về việc cho doanh nghiệp, người lao động thuộc Tập đoàn Công nghiệp tàu thủy Việt Nam và Tổng công ty Hàng hải Việt Nam vay để chi trả nợ tiền lương, nợ bảo hiểm xã hội, bảo hiểm y tế, bảo hiểm thất nghiệp, trợ cấp thôi việc, trợ cấp mất việc làm, tạo việc làm, học nghề",
vien_phi,45773,11172,Căn cứ,True,False,False,"Quyết định số 1169/QĐ-UBND Về giá thu một phần viện phí, lệ phí tại các cơ sở y tế",
bhyt,167234,166456,Căn cứ,True,False,False,"Nghị quyết số 05/2024/NQ-HĐND Sửa đổi khoản 1 Điều 1 Nghị quyết số 19/2022/NQ-HĐND ngày 09 tháng 12 năm 2022 của Hội đồng nhân dân tỉnh quy định mức hỗ trợ đóng bảo hiểm y tế cho người có uy tín trong đồng bào dân tộc thiểu số không thuộc đối tượng đã được ngân sách nhà nước đóng và hỗ trợ mức đóng bảo hiểm y tế trên địa bàn tỉnh Trà Vinh, giai đoạn 2023 - 2025",
bhyt,4508b790-6869-11f1-896d-1f64195cf782,5cb1afe0-5f05-11f1-9481-57487a853907,Căn cứ,True,False,False,"Nghị quyết số 09/2026/NQ-HĐND Quy định mức hỗ trợ đóng bảo hiểm y tế cho đối tượng hộ cận nghèo trên địa bàn tỉnh Thanh Hóa, giai đoạn 2026 - 2030",
bhyt,177933,175363,Căn cứ,True,False,False,"Nghị quyết số 04/2025/NQ-HĐND Hỗ trợ mức đóng bảo hiểm y tế và chi phí cùng chi trả đối với thuốc kháng vi-rút HIV cho người nhiễm HIV/AIDS đang điều trị tại các cơ sở khám, chữa bệnh công lập thuộc mạng lưới phòng, chống HIV/AIDS của tỉnh Khánh Hòa",
bhyt,174989,132188,Căn cứ,True,False,False,Nghị quyết số 01/2025/NQ-HĐND Quy định mức hỗ trợ bảo hiểm y tế cho người dân tộc thiểu số đang sinh sống tại khu vực biên giới trên địa bàn tỉnh Kiên Giang,
bhyt,165362,166391,Căn cứ,True,False,False,"Nghị quyết số 336/2022/NQ-HĐND Quy định mức hỗ trợ từ ngân sách nhà nước đóng bảo hiểm y tế cho người thuộc hộ gia đình nông nghiệp, ngư nghiệp có mức sống trung bình trên địa bàn tỉnh Hưng Yên giai đoạn 2023-2025",
bhyt,158050,115469,Căn cứ,True,False,False,"Nghị quyết số 61/2022/NQ-HĐND Quy định mức giá dịch vụ xét nghiệm SARS-CoV-2 không thuộc phạm vi thanh toán của Quỹ bảo hiểm y tế cho các cơ sở khám bệnh, chữa bệnh của Nhà nước trên địa bàn tỉnh Lai Châu",
bhyt,117016,38018,Căn cứ,False,True,False,,Nghị định số 105/2014/NĐ-CP Quy định chi tiết và hướng dẫn thi hành một số điều của Luật Bảo hiểm y tế
bhyt,a58d0900-6ae3-11f1-9463-4ba9a7c0cbbb,5cb1afe0-5f05-11f1-9481-57487a853907,Căn cứ,True,False,False,"Nghị quyết số 17/2026/NQ-HĐND Sửa đổi, bổ sung một số điều của nghị quyết số 19/2025/NQ-HĐND ngày 09 tháng 7 năm 2025 của Hội đồng nhân dân thành phố Hà Nội quy định nội dung, mức hỗ trợ đóng bảo hiểm xã hội, bảo hiểm y tế cho các đối tượng chính sách xã hội của thành phố Hà Nội",
bhyt,184454,179644,Căn cứ,True,False,False,"Nghị quyết số 56/2025/NQ-HĐND Quy định mức hỗ trợ đóng bảo hiểm y tế cho người cao tuổi, học sinh trên địa bàn Thành phố Hồ Chí Minh",
bhyt,184535,172923,Căn cứ,False,True,False,,Luật Bảo hiểm y tế sửa đổi 2024 số Luật số 51/2024/QH15
"bhyt,vien_phi",173517,139878,Căn cứ,True,False,False,"Nghị quyết số 83/2024/NQ-HĐND Bãi bỏ Nghị quyết số 25/2024/NQ-HĐND ngày 17 tháng 7 năm 2024 của Hội đồng nhân dân tỉnh Lai Châu Quy định giá dịch vụ khám bệnh, chữa bệnh không thuộc phạm vi thanh toán của Quỹ bảo hiểm y tế trong các cơ sở khám bệnh, chữa bệnh của nhà nước thuộc tỉnh Lai Châu quản lý",
"bhyt,vien_phi",179585,70800,Căn cứ,True,False,False,"Thông tư số 22/2021/TT-BYT của Bộ Y tế về quy định ngưng hiệu lực Thông tư 04/2021/TT-BYT ngày 29/4/2021 của Bộ trưởng Bộ Y tế hướng dẫn thanh toán chi phí khám bệnh, chữa bệnh bảo hiểm y tế theo định suất",
bhyt,180943,172923,Căn cứ,False,True,False,,Luật Bảo hiểm y tế sửa đổi 2024 số Luật số 51/2024/QH15
bhyt,165832,146383,Căn cứ,True,False,False,"Quyết định số 48/2023/QĐ-UBND Bãi bỏ Quyết định số 42/2016/QĐ-UBND ngày 28 tháng 10 năm 2016 của Ủy ban nhân dân Thành phố ban hành Quy chế thực hiện liên thông thủ tục hành chính về đăng ký khai sinh, đăng ký thường trú, cấp thẻ bảo hiểm y tế cho trẻ em dưới 06 tuổi và đăng ký khai tử, xóa đăng ký thường trú trên địa bàn Thành phố Hồ Chí Minh",
bhyt,12326,40977,"Văn bản HD, QĐ chi tiết",False,True,False,,"Quyết định số 82/QĐ-BHXH Ban hành quy định về tổ chức thực hiện hợp đồng khám chữa bệnh, giám định chi trả chi phí khám, chữa bệnh, quản lý và sử dụng quỹ bảo hiểm ý tế"
bhyt,140237,185037,Văn bản quy định hết hiệu lực,False,True,False,,"Nghị quyết số 57/2025/NQ-HĐND Quy định chính sách hỗ trợ mức đóng bảo hiểm y tế cho các nhóm đối tượng xã hội đang thường trú trên địa bàn thành phố Hải Phòng, giai đoạn 2026 - 2030"
bhyt,92697,67295,Căn cứ,False,True,False,,"Thông tư liên tịch số 05/2015/TTLT-BTP-BCA-BYT Hướng dẫn thực hiện liên thông các thủ tục hành chính về đăng ký khai sinh, đăng ký thường trú, cấp thẻ bảo hiểm y tế cho trẻ em dưới 6 tuổi"
bhyt,161822,148326,Căn cứ,True,False,False,"Quyết định số 38/2023/QĐ-UBND Sửa đổi, bổ sung một số điều của Quyết định số 36/2018/QĐ-UBND ngày 13/6/2018 của Ủy ban nhân dân tỉnh Thừa Thiên Huế quy định mức hỗ trợ kinh phí đóng bảo hiểm y tế và chi phí cùng chi trả đối với thuốc kháng vi rút HIV (ARV) cho người nhiễm HIV/AIDS trên địa bàn tỉnh Thừa Thiên Huế",
bhyt,54852,15057,Căn cứ,True,False,False,"Quyết định số 03/2015/QĐ-UBND Về việc thực hiện hỗ trợ đóng bảo hiểm xã hội tự nguyện, bảo hiểm y tế cho Công an viên thường trực cấp xã trên địa bàn tỉnh Quảng Nam",
bhyt,128759,70819,Căn cứ,True,False,False,"Quyết định số 02/2018/QĐ-UBND Bãi bỏ các quy định về thực hiện mức hỗ trợ đóng bảo hiểm xã hội tự nguyện, bảo hiểm y tế cho cán bộ không chuyên trách xã, phường, thị trấn trên địa bàn tỉnh Quảng Nam theo Quyết định số 02/2010/QĐ-UBND ngày 19/01/2010 của UBND tỉnh Quảng Nam",
bhyt,84726d90-66ed-11f1-8735-f935ab579d34,ebde45c0-5e60-11f1-8fbf-fba9197f5741,Căn cứ,True,False,False,Nghị quyết Quy định mức hỗ trợ chi phí tiêm phòng dại cho một số đối tượng trên địa bàn tỉnh Thái Nguyên,
"bhyt,vien_phi",172810,170583,Căn cứ,True,False,False,"Nghị quyết số 26/2024/NQ-HĐND bãi bỏ Nghị quyết số 02/2024/NQ-HĐND ngày 26/02/2024 của HĐND tỉnh Quy định giá dịch vụ khám bệnh, chữa bệnh không thuộc phạm vi thanh toán của Quỹ Bảo hiểm y tế trong các cơ sở khám bệnh, chữa bệnh của Nhà nước trên địa bàn tỉnh Trà Vinh",
"bhyt,vien_phi",173398,164361,Bãi bỏ,True,False,True,"Nghị quyết số 09/2024/NQ-HĐND Bãi bỏ Nghị quyết số 19/2023/NQ-HĐND ngày 12 tháng 12 năm 2023 của Hội đồng nhân dân tỉnh quy định mức giá dịch vụ khám bệnh, chữa bệnh không thuộc phạm vi thanh toán của Quỹ bảo hiểm y tế mà không phải dịch vụ khám bệnh chữa bệnh theo yêu cầu tại các cơ sở khám bệnh, chữa bệnh của Nhà nước thuộc tỉnh Phú Thọ quản lý",
bhyt,3167a8d0-58e8-11f1-b3bb-7f5ed40f13b2,175027,Căn cứ,True,False,False,"Thông tư 126/2025/TT-BTC Quy định quy trình kiểm tra lĩnh vực bảo hiểm xã hội, bảo hiểm thất nghiệp, bảo hiểm y tế thuộc phạm vi quản lý nhà nước của Bộ Tài chính",
bhyt,151987,153608,Văn bản quy định hết hiệu lực,False,True,False,,"Nghị quyết số 11/2022/NQ-HĐND Quy định giá dịch vụ xét nghiệm SARS-CoV-2 trong trường hợp không thuộc phạm vi thanh toán của Quỹ bảo hiểm y tế tại các cơ sở khám bệnh, chữa bệnh của Nhà nước trên địa bàn tỉnh Ninh Bình"
bhyt,157778,36793,Căn cứ,True,False,False,Nghị quyết số 105/2022/NQ-HĐND Quy định mức hỗ trợ đóng bảo hiểm y tế cho nhóm đối tượng trên địa bàn tỉnh Nam Định,
bhyt,5008,10019,Căn cứ,True,False,False,Quyết định số 2112/1997/QĐ-UB Về việc điều chỉnh mức thu phí bảo hiểm y tế các đối tượng tham gia tự nguyện,
bhyt,11802,22843,Căn cứ,True,False,False,Quyết định số 170/2008/QĐ-TTg Về chế độ bảo hiểm y tế và trợ cấp mai táng đối với thanh niên xung phong thời kỳ kháng chiến chống Pháp,
bhyt,84726d90-66ed-11f1-8735-f935ab579d34,186277,Căn cứ,True,False,False,Nghị quyết Quy định mức hỗ trợ chi phí tiêm phòng dại cho một số đối tượng trên địa bàn tỉnh Thái Nguyên,
bhyt,155764,70800,Căn cứ,True,False,False,Nghị quyết số 07/2022/NQ-HĐND Về việc quy định mức hỗ trợ kinh phí mua thẻ bảo hiểm y tế cho người thuộc hộ cận nghèo trên địa bàn tỉnh Khánh Hòa giai đoạn 2022-2025,
bhyt,171885,36793,Căn cứ,True,False,False,"Thông tư 39/2024/TT-BYT sửa đổi Thông tư 35/2016/TT-BYT về Danh mục và tỷ lệ, điều kiện thanh toán đối với dịch vụ kỹ thuật y tế thuộc phạm vi được hưởng của người tham gia bảo hiểm y tế do Bộ trưởng Bộ Y tế ban hành",
bhyt,173064,168128,Căn cứ,True,False,False,"Nghị quyết số 31/2024/NQ-HĐND Về việc bãi bỏ Nghị quyết số 04/2024/NQ-HĐND ngày 21 tháng 5 năm 2024 của Hội đồng nhân dân tỉnh quy định giá cụ thể dịch vụ khám bệnh, chữa bệnh không thuộc danh mục do quỹ bảo hiểm y tế thanh toán mà không phải là dịch vụ khám bệnh, chữa bệnh theo yêu cầu đối với các cơ sở khám bệnh, chửa bệnh của Nhà nước trên địa bàn tỉnh Long An",
bhyt,54852,50630,"Quy định chi tiết, hướng dẫn thi hành",True,False,False,"Quyết định số 03/2015/QĐ-UBND Về việc thực hiện hỗ trợ đóng bảo hiểm xã hội tự nguyện, bảo hiểm y tế cho Công an viên thường trực cấp xã trên địa bàn tỉnh Quảng Nam",
bhyt,139792,38018,Căn cứ,False,True,False,,Nghị định số 105/2014/NĐ-CP Quy định chi tiết và hướng dẫn thi hành một số điều của Luật Bảo hiểm y tế
bhyt,185767,175027,Căn cứ,True,False,False,"Nghị quyết số 53/2025/NQ-HĐND Quy định chính sách hỗ trợ mức đóng bảo hiểm xã hội cho người tham gia bảo hiểm xã hội tự nguyện, bảo hiểm y tế trên địa bàn thành phố Huế giai đoạn 2026 - 2030",
bhyt,5218a7f0-6c7f-11f1-9c2b-932f5a2f1e38,179711,Căn cứ,True,True,False,"Quy định chính sách hỗ trợ bảo hiểm y tế đối với đồng bào dân tộc thiểu số trên địa bàn thành phố Đà Nẵng, giai đoạn 2026 - 2031",Nghị định số 188/2025/NĐ-CP hướng dẫn Luật Bảo hiểm y tế
bhyt,185524,179149,Căn cứ,True,False,False,"Nghị quyết số 818/2025/NQ-HĐND Quy định mức hỗ trợ từ ngân sách nhà nước đóng bảo hiểm y tế, bảo hiểm xã hội tự nguyện cho một số đối tượng trên địa bàn tỉnh Hưng Yên",
bhyt,181930,144902,Bãi bỏ,True,False,True,Nghị quyết số 17/2025/NQ-HĐND Ban hành Quy định mức hỗ trợ đóng bảo hiểm y tế đối với một số đối tượng trên địa bàn tỉnh Vĩnh Long,
bhyt,183011,36793,Căn cứ,True,False,False,"Nghị quyết số 26/2017/NQ-HĐND Về việc sửa đổi, bổ sung Khoản 3 Điều 1 của Nghị quyết số 31/2015/NQ-HĐND ngày 10/12/2015 của Hội đồng nhân dân tỉnh Ninh Bình về việc hỗ trợ kinh phí đóng bảo hiểm y tế cho một số đối tượng có hộ khẩu thường trú tại tỉnh Ninh Bình",
bhyt,5064,11130,Thay thế,True,False,True,Chỉ thị số 30/1998/CT-UB Về việc đẩy mạnh các hoạt động y tế học đường và bảo hiểm y tế học sinh trong các trường học.,
bhyt,172923,168904,"Sửa đổi, bổ sung",True,False,False,Luật Bảo hiểm y tế sửa đổi 2024 số Luật số 51/2024/QH15,
bhyt,176707,12326,Căn cứ,True,False,False,"Nghị định số 74/2025/NĐ-CP Sửa đổi, bổ sung một số điều của Nghị định số 70/2015/NĐ-CP ngày 01 tháng 09 năm 2015 của Chính phủ quy định chi tiết và hướng dẫn thi hành một số điều của Luật Bảo hiểm y tế đói với Quân đội nhân dân, công an nhân dân và người làm công tác cơ yếu",
"bhyt,vien_phi",124796,144093,Văn bản quy định hết hiệu lực,False,True,False,,"Quyết định số 36/2020/QĐ-UBND Về việc bãi bỏ Quyết định số 24/2017/QĐ-UBND ngày 21/8/2017 của Ủy ban nhân dân tỉnh về việc Quy định mức giá dịch vụ khám bệnh, chữa bệnh không thuộc phạm vi thanh toán của Quỹ bảo hiểm y tế trong các cơ sở khám bệnh, chữa bệnh của Nhà nước trên địa bàn tỉnh Lạng Sơn"
bhyt,11735,40977,"Văn bản HD, QĐ chi tiết",False,True,False,,"Quyết định số 82/QĐ-BHXH Ban hành quy định về tổ chức thực hiện hợp đồng khám chữa bệnh, giám định chi trả chi phí khám, chữa bệnh, quản lý và sử dụng quỹ bảo hiểm ý tế"
vien_phi,49919,17348,Căn cứ,True,False,False,"Quyết định số 72/2012/QĐ-UBND Về việc quy định đơn giá dịch vụ khám bệnh, chữa bệnh tại các cơ sở khám bệnh, chữa bệnh của nhà nước trên địa bàn tỉnh Nghệ An",
bhyt,187259,175440,Căn cứ,True,False,False,Nghị quyết số 27/2026/NQ-HĐND Quy định mức hỗ trợ đóng bảo hiểm y tế trên địa bàn tỉnh giai đoạn 2026 - 2030.,
bhyt,184454,175027,Căn cứ,True,False,False,"Nghị quyết số 56/2025/NQ-HĐND Quy định mức hỗ trợ đóng bảo hiểm y tế cho người cao tuổi, học sinh trên địa bàn Thành phố Hồ Chí Minh",
bhyt,184087,36793,Căn cứ,True,False,False,Thông tư số 98/2025/TT-BQP Hướng dẫn thực hiện một số điều của Nghị định số 188/2025/NĐ-CP ngày 01 tháng 7 năm 2025 của Chính phủ quy định chi tiết và hướng dẫn thi hành một số điều của Luật Bảo hiểm y tế đối với các đối tượng thuộc phạm vi quản lý của Bộ Quốc phòng,
bhyt,101359,38018,Căn cứ,False,True,False,,Nghị định số 105/2014/NĐ-CP Quy định chi tiết và hướng dẫn thi hành một số điều của Luật Bảo hiểm y tế
bhyt,115653,38018,Căn cứ,False,True,False,,Nghị định số 105/2014/NĐ-CP Quy định chi tiết và hướng dẫn thi hành một số điều của Luật Bảo hiểm y tế
vien_phi,4934,10420,Căn cứ,True,False,False,"Quyết định số 2485/QĐ.UB-VX Về việc dừng thu viện phí đối với trẻ em dưới 6 tuổi của tỉnh, khi các cháu khám chữa bệnh vượt tuyến trái phép",
bhyt,173380,139878,Căn cứ,True,False,False,"Nghị quyết số 20/2024/NQ-HĐND Về việc quy định mức hỗ trợ đóng bảo hiểm y tế cho người dân tộc thiểu số tại các thôn, tổ dân phố, xã không thuộc vùng có điều kiện kinh tế - xã hội khó khăn, đặc biệt khó khăn trên địa bàn tỉnh Khánh Hòa",
bhyt,179920,178340,Căn cứ,True,False,False,"Nghị quyết số 19/2025/NQ-HĐND Quy định nội dung, mức hỗ trợ đóng bảo hiểm xã hội tự nguyện, bảo hiểm y tế cho các đối tượng chính sách xã hội của thành phố Hà Nội (Thực hiện điểm a, điểm b khoản 3, khoản 4 Điều 27 Luật Thủ đô)",
bhyt,555174c0-66ed-11f1-a036-8bf17f3cc74c,5cb1afe0-5f05-11f1-9481-57487a853907,Căn cứ,True,False,False,Nghị quyết Quy định mức hỗ trợ đóng bảo hiểm y tế cho một số đối tượng trên địa bàn tỉnh Thái Nguyên,
bhyt,185419,179711,Căn cứ,False,True,False,,Nghị định số 188/2025/NĐ-CP hướng dẫn Luật Bảo hiểm y tế
bhyt,177933,132188,Căn cứ,True,False,False,"Nghị quyết số 04/2025/NQ-HĐND Hỗ trợ mức đóng bảo hiểm y tế và chi phí cùng chi trả đối với thuốc kháng vi-rút HIV cho người nhiễm HIV/AIDS đang điều trị tại các cơ sở khám, chữa bệnh công lập thuộc mạng lưới phòng, chống HIV/AIDS của tỉnh Khánh Hòa",
"bhyt,vien_phi",172675,170583,Căn cứ,True,False,False,"Nghị quyết số 21/2024/NQ-HĐND Bãi bỏ Nghị quyết số 124/2019/NQ-HĐND ngày 13 tháng 12 năm 2019 của Hội đồng nhân dân tỉnh Quy định mức giá dịch vụ khám bệnh, chữa bệnh tại các cơ sở khám bệnh, chữa bệnh của Nhà nước trên địa bàn tỉnh Bà Rịa - Vũng Tàu không thuộc phạm vi thanh toán của Quỹ bảo hiểm y tế và nguyên tắc áp dụng giá khám bệnh, chữa bệnh trong một số trường hợp",
bhyt,82064,18433,Căn cứ,True,False,False,"Nghị quyết số 07 /2014/NQ-HĐND Quy định mức hỗ trợ Nhân viên y tế tại các khu vực thuộc phường, ấp thuộc thị trấn trên địa bàn thành phố Cần Thơ",
bhyt,98790,38018,"Quy định chi tiết, hướng dẫn thi hành",False,True,False,,Nghị định số 105/2014/NĐ-CP Quy định chi tiết và hướng dẫn thi hành một số điều của Luật Bảo hiểm y tế
bhyt,139461,70042,Bãi bỏ,True,False,True,Quyết định số 39/2019/QĐ-UBND Bãi bỏ Quyết định số 52/2003/QĐ-UB ngày 09 tháng 6 năm 2003của Uỷ ban nhân dân tỉnh và Quyết định số 53/2003/QĐ-UB ngày 10 tháng 6 năm 2003 của Uỷ ban nhân dân tỉnh,
bhyt,156261,12326,Căn cứ,True,False,False,"Quyết định số 19/2022/QĐ-TTg Về chi phí quản lý bảo hiểm xã hội, bảo hiểm thất nghiệp, bảo hiểm y tế giai đoạn 2022 - 2024",
bhyt,61668,22202,Căn cứ,True,False,False,Quyết định số 287/2014/QĐ-UBND Về việc hỗ trợ kinh phí cho đối tượng cận nghèo mua bảo hiểm y tế,
bhyt,aab8d490-6543-11f1-9a32-d1e78b0240e4,178717,Căn cứ,True,False,False,Quy định hỗ trợ đóng bảo hiểm y tế và chính sách hỗ trợ một phần kinh phí phục vụ công tác thông tin tuyên truyền cho người có uy tín trong đồng bào dân tộc thiểu số trên địa bàn tỉnh Vĩnh Long,
bhyt,174989,70807,Căn cứ,True,False,False,Nghị quyết số 01/2025/NQ-HĐND Quy định mức hỗ trợ bảo hiểm y tế cho người dân tộc thiểu số đang sinh sống tại khu vực biên giới trên địa bàn tỉnh Kiên Giang,
bhyt,130135,92948,"Quy định chi tiết, hướng dẫn thi hành",True,False,False,Nghị quyết số 59/2018/NQ-HĐND Quy định mức hỗ trợ đóng bảo hiểm y tế từ ngân sách nhà nước cho người thuộc hộ gia đình nghèo đa chiều thiếu hụt các dịch vụ xã hội cơ bản khác (không thiếu hụt Bảo hiểm y tế) trên địa bàn tỉnh,
bhyt,172923,173951,"Văn bản HD, QĐ chi tiết",True,False,False,Luật Bảo hiểm y tế sửa đổi 2024 số Luật số 51/2024/QH15,
bhyt,38018,36150,Dẫn chiếu,True,False,False,Nghị định số 105/2014/NĐ-CP Quy định chi tiết và hướng dẫn thi hành một số điều của Luật Bảo hiểm y tế,
bhyt,184266,176696,Căn cứ,True,False,False,"Nghị quyết số 35/2025/NQ-HĐND Quy định chính sách hỗ trợ tiền ăn thêm, tiền mua bảo hiểm y tế và chi phí sinh hoạt khác đối với một số nhóm đối tượng đang được chăm sóc, nuôi dưỡng tại các đơn vị do Sở Y tế và Sở Nội vụ quản lý",
bhyt,150222,146383,Căn cứ,True,False,False,"Quyết định số 29/2021/QĐ-UBND Bãi bỏ Quyết định số 1202/2008/QĐ-UBND ngày 14 tháng 7 năm 2008 của Ủy ban nhân dân tỉnh Cao Bằng ban hành Quy định về chế độ tiền công, chế độ bảo hiểm xã hội, bảo hiểm y tế, chế độ bồi thường tai nạn lao động, chế độ tiền thưởng đối với huấn luyện viên, vận động viên thể thao của tỉnh Cao Bằng",
bhyt,133877,27066,Căn cứ,True,False,False,Quyết định số 33/2018/QĐ-UBND Phân cấp thẩm quyền cấp mới thẻ Bảo hiểm y tế và trợ cấp tiền mai táng phí đối với người tham gia kháng chiến thuộc phạm vi quản lý của tỉnh Ninh Bình,
bhyt,184799,36793,Căn cứ,True,False,False,"Nghị quyết số 23/2025/NQ-HĐND Quy định mức hỗ trợ đóng bảo hiểm y tế đối với người thuộc hộ cận nghèo, người cao tuổi từ đủ 60 tuổi đến dưới 75 tuổi, người dân tộc thiểu số có khó khăn đặc thù trên địa bàn tỉnh Lào Cai",
"bhyt,vien_phi",173283,103581,Căn cứ,True,False,False,"Nghị quyết số 30/2024/NQ-HĐND Bãi bỏ Nghị quyết số 39/2023/NQ-HĐND ngày 08 tháng 12 năm 2023 của Hội đồng nhân dân Thành phố quy định giá dịch vụ khám bệnh, chữa bệnh không thuộc phạm vi thanh toán của Quỹ Bảo hiểm y tế trong các cơ sở khám bệnh, chữa bệnh của Nhà nước thuộc Thành phố Hồ Chí Minh quản lý và mức giá dịch vụ khám bệnh, chữa bệnh trong một số trường hợp",
bhyt,49482,11735,Căn cứ,True,False,False,"Quyết định số 104/2009/QĐ-UBND Về việc phân công, phân cấp quản lý mua, cấp phát thẻ bảo hiểm y tế cho các đối tượng được Ngân sách Nhà nước đảm bảo trên địa bàn tỉnh Nghệ An",
bhyt,80634,67295,Căn cứ,False,True,False,,"Thông tư liên tịch số 05/2015/TTLT-BTP-BCA-BYT Hướng dẫn thực hiện liên thông các thủ tục hành chính về đăng ký khai sinh, đăng ký thường trú, cấp thẻ bảo hiểm y tế cho trẻ em dưới 6 tuổi"
bhyt,184559,179427,Căn cứ,True,False,False,Nghị quyết số 64/2025/NQ-HĐND Quy định mức hỗ trợ đóng bảo hiểm y tế cho một số đối tượng trên địa bàn tỉnh Phú Thọ giao đoạn 2026-2030,
bhyt,38018,36793,"Quy định chi tiết, hướng dẫn thi hành",True,False,False,Nghị định số 105/2014/NĐ-CP Quy định chi tiết và hướng dẫn thi hành một số điều của Luật Bảo hiểm y tế,
bhyt,130686,38018,Căn cứ,False,True,False,,Nghị định số 105/2014/NĐ-CP Quy định chi tiết và hướng dẫn thi hành một số điều của Luật Bảo hiểm y tế
"bhyt,vien_phi",185924,170581,Căn cứ,True,False,False,"Nghị quyết số 50/2025/NQ-HĐND Sửa đổi, bổ sung một số điều của Nghị quyết số 28/2024/NQ-HĐND ngày 31 tháng 12 năm 2024 của Hội đồng nhân dân tỉnh quy định giá dịch vụ khám bệnh, chữa bệnh do quỹ bảo hiểm y tế thanh toán; giá dịch vụ khám bệnh, chữa bệnh do ngân sách nhà nước thanh toán; giá dịch vụ khám bệnh, chữa bệnh không thuộc danh mục do quỹ bảo hiểm y tế thanh toán mà không phải là dịch vụ khám bệnh, chữa bệnh theo yêu cầu đối với các cơ sở khám bệnh, chữa bệnh của Nhà nước thuộc tỉnh Lạng Sơn quản lý",
bhyt,184266,178340,Căn cứ,True,False,False,"Nghị quyết số 35/2025/NQ-HĐND Quy định chính sách hỗ trợ tiền ăn thêm, tiền mua bảo hiểm y tế và chi phí sinh hoạt khác đối với một số nhóm đối tượng đang được chăm sóc, nuôi dưỡng tại các đơn vị do Sở Y tế và Sở Nội vụ quản lý",
bhyt,113306,67295,Căn cứ,True,True,False,"Quyết định số 02/2016/QĐ-UBND Về việc ban hành Quy chế phối hợp thực hiện liên thông các thủ tục hành chính về đăng ký khai sinh, đăng ký thường trú, cấp thẻ bảo hiểm y tế cho trẻ em dưới 6 tuổi trên địa bàn tỉnh Trà Vinh","Thông tư liên tịch số 05/2015/TTLT-BTP-BCA-BYT Hướng dẫn thực hiện liên thông các thủ tục hành chính về đăng ký khai sinh, đăng ký thường trú, cấp thẻ bảo hiểm y tế cho trẻ em dưới 6 tuổi"
bhyt,48242,25617,Căn cứ,True,False,False,"Quyết định số 05/2015/QĐ-UBND Về việc thực hiện chế độ hỗ trợ bảo hiểm xã hội tự nguyện, bảo hiểm y tế cho công an viên và thôn, ấp, khu đội trưởng được bố trí ở thôn, ấp, khu phố trên địa bàn tỉnh Bà Rịa - Vũng Tàu",
bhyt,187533,179644,Căn cứ,True,False,False,Nghị quyết số 09/2026/NQ-HĐND Quy định mức hỗ trợ đóng bảo hiểm y tế cho một số đối tượng trên địa bàn tỉnh Điện Biên,
bhyt,100267,17855,Căn cứ,True,False,False,"Quyết định số 25/2015/QĐ-UBND Ban hành Quy định đăng ký khám bệnh, chữa bệnh ban đầu và chuyển tuyến khám bệnh, chữa bệnh bảo hiểm y tế trên địa bàn tỉnh Ninh Thuận",
bhyt,118234,12326,Căn cứ,True,False,False,QUYẾT ĐỊNH SỐ 53/2016/QĐ-UBND QUY ĐỊNH MỨC HỖ TRỢ ĐÓNG BẢO HIỂM Y TẾ CHO NGƯỜI THUỘC HỘ GIA ĐÌNH CẬN NGHÈO TRÊN ĐỊA BÀN TỈNH NGHỆ AN GIAI ĐOẠN 2016-2020,
bhyt,55070,36793,Căn cứ,True,False,False,"Quyết định số 53/2014/QĐ-UBND Ban hành Quy chế phối hợp trong việc thực hiện liên thông các thủ tục hành chính về đăng ký khai sinh, đăng ký thường trú, cấp thẻ bảo hiểm y tế cho trẻ em dưới 6 tuổi trên địa bàn tỉnh Hà Nam",
bhyt,100276,17855,Căn cứ,True,False,False,"Quyết định số 31/2015/QĐ-UBND Về việc bổ sung Điều 6 Quyết định số 25/2015/QĐ-UBND ngày 12 tháng 5 năm 2015 của Ủy ban nhân dân tỉnh quy định đăng ký khám bệnh, chữa bệnh ban đầu và chuyển tuyến khám bệnh, chữa bệnh bảo hiểm y tế trên địa bàn tỉnh Ninh Thuận",
bhyt,106259,65845,Căn cứ,True,False,False,Quyết định số 08/2016/QĐ-UBND Về việc quy định mức hỗ trợ đóng bảo hiểm y tế cho hộ cận nghèo trên địa bàn tỉnh Ninh Thuận năm 2016,
bhyt,54852,12693,Căn cứ,True,False,False,"Quyết định số 03/2015/QĐ-UBND Về việc thực hiện hỗ trợ đóng bảo hiểm xã hội tự nguyện, bảo hiểm y tế cho Công an viên thường trực cấp xã trên địa bàn tỉnh Quảng Nam",
bhyt,5133,10019,Căn cứ,True,False,False,Quyết định số 1203/1996/QĐ-UB/VX Về việc thu bảo hiểm y tế học sinh,
bhyt,140172,70807,Căn cứ,True,False,False,Nghị quyết số 11/2019/NQ-HĐND Hỗ trợ bảo hiểm y tế cho người thuộc hộ nghèo khi mới thoát nghèo trên địa bàn tỉnh Bạc Liêu,
bhyt,185524,178340,Căn cứ,True,False,False,"Nghị quyết số 818/2025/NQ-HĐND Quy định mức hỗ trợ từ ngân sách nhà nước đóng bảo hiểm y tế, bảo hiểm xã hội tự nguyện cho một số đối tượng trên địa bàn tỉnh Hưng Yên",
"bhyt,vien_phi",169332,70800,Căn cứ,True,False,False,"Nghị quyết số 06/2024/NQ-HĐND Về việc ban hành mức giá dịch vụ khám bệnh, chữa bệnh không thuộc phạm vi thanh toán của Quỹ bảo hiểm y tế mà không phải là dịch vụ khám bệnh, chữa bệnh theo yêu cầu tại các cơ sở khám bệnh, chữa bệnh của Nhà nước trên địa bàn tỉnh Khánh Hòa",
bhyt,155449,139878,Căn cứ,True,False,False,Nghị quyết số 03/2022/NQ-HĐND Quy định mức giá dịch vụ xét nghiệm SARS-CoV-2 (chưa bao gồm sinh phẩm xét nghiệm) không thuộc phạm vi thanh toán của Quỹ bảo hiểm y tế cho các cơ sở y tế công lập trên địa bàn tỉnh Đắk Lắk,
bhyt,130135,12326,Căn cứ,True,False,False,Nghị quyết số 59/2018/NQ-HĐND Quy định mức hỗ trợ đóng bảo hiểm y tế từ ngân sách nhà nước cho người thuộc hộ gia đình nghèo đa chiều thiếu hụt các dịch vụ xã hội cơ bản khác (không thiếu hụt Bảo hiểm y tế) trên địa bàn tỉnh,
bhyt,169914,118234,Dẫn chiếu,False,True,False,,QUYẾT ĐỊNH SỐ 53/2016/QĐ-UBND QUY ĐỊNH MỨC HỖ TRỢ ĐÓNG BẢO HIỂM Y TẾ CHO NGƯỜI THUỘC HỘ GIA ĐÌNH CẬN NGHÈO TRÊN ĐỊA BÀN TỈNH NGHỆ AN GIAI ĐOẠN 2016-2020
bhyt,10427,25987,"Văn bản HD, QĐ chi tiết",False,True,False,,"Quyết định số 87/2010/QĐ-TTg Về việc cho doanh nghiệp, người lao động thuộc Tập đoàn Công nghiệp tàu thủy Việt Nam và Tổng công ty Hàng hải Việt Nam vay để chi trả nợ tiền lương, nợ bảo hiểm xã hội, bảo hiểm y tế, bảo hiểm thất nghiệp, trợ cấp thôi việc, trợ cấp mất việc làm, tạo việc làm, học nghề"
bhyt,167234,70800,Căn cứ,True,False,False,"Nghị quyết số 05/2024/NQ-HĐND Sửa đổi khoản 1 Điều 1 Nghị quyết số 19/2022/NQ-HĐND ngày 09 tháng 12 năm 2022 của Hội đồng nhân dân tỉnh quy định mức hỗ trợ đóng bảo hiểm y tế cho người có uy tín trong đồng bào dân tộc thiểu số không thuộc đối tượng đã được ngân sách nhà nước đóng và hỗ trợ mức đóng bảo hiểm y tế trên địa bàn tỉnh Trà Vinh, giai đoạn 2023 - 2025",
bhyt,185356,126246,Bãi bỏ,True,False,True,Nghị quyết số '26/2025/NQ-HĐND Quy định mức hỗ trợ đóng bảo hiểm y tế cho một số đối tượng trên địa bàn thành phố Cần Thơ,
bhyt,181930,178717,Căn cứ,True,False,False,Nghị quyết số 17/2025/NQ-HĐND Ban hành Quy định mức hỗ trợ đóng bảo hiểm y tế đối với một số đối tượng trên địa bàn tỉnh Vĩnh Long,
bhyt,157873,70819,Căn cứ,True,False,False,Nghị quyết số 93/2022/NQ-HĐND Quy định chính sách hỗ trợ mua thẻ bảo hiểm y tế cho một số đối tượng tham gia bảo hiểm y tế trên địa bàn tỉnh Cao Bằng giai đoạn 2023-2025,
bhyt,127616,12326,Căn cứ,True,False,False,Nghị quyết số 46/2017/NQ-HĐND Quy định mức hỗ trợ đóng bảo hiểm y tế cho hộ cận nghèo năm 2018 và người thuộc hộ nghèo đa chiều thiếu hụt các dịch vụ xã hội cơ bản khác (không thiếu hụt bảo hiểm y tế) giai đoạn 2017-2018 trên địa bàn tỉnh Ninh Thuận,
bhyt,15057,28013,"Văn bản HD, QĐ chi tiết",False,True,False,,Thông tư số 178/2012/TT-BTC Hướng dẫn kế toán áp dụng cho Bảo hiểm xã hội Việt Nam
"bhyt,vien_phi",175644,167565,Căn cứ,True,False,False,"Nghị quyết số 01/2025/NQ-HĐND bãi bỏ Nghị quyết số 01/2024/NQ-HĐND ngày 31 tháng 01 năm 2024 của HĐND tỉnh Ninh Bình quy định mức giá dịch vụ khám bệnh, chữa bệnh không thuộc phạm vi thanh toán của quỹ Bảo hiểm y tế trong các cơ sở khám bệnh, chữa bệnh của Nhà nước trên địa bàn tỉnh Ninh Bình",
"bhyt,vien_phi",141428,27863,Căn cứ,True,False,False,"Nghị quyết số 08/2019/NQ-HĐND Quy định giá dịch vụ khám bệnh, chữa bệnh không thuộc phạm vi thanh toán của Quỹ bảo hiểm y tế tại các cơ sở khám bệnh, chữa bệnh của Nhà nước do địa phương quản lý",
bhyt,187782,118313,Căn cứ,True,False,False,"Thông tư số 107/2025/TT-BTC Hướng dẫn kế toán quỹ bảo hiểm xã hội, quỹ bảo hiểm y tế, quỹ bảo hiểm thất nghiệp",
bhyt,133816,133817,Bãi bỏ,True,False,True,"Quyết định số 36/2018/QĐ-UBND Bãi bỏ Quyết định số 479/2011/QĐ-UBND ngày 27 tháng 12 năm 2011 của UBND tỉnh ban hành Quy định đối tượng, chế độ và trình tự, thủ tục hồ sơ hưởng trợ cấp đối với Dân quân tự vệ chưa tham gia bảo hiểm y tế, bảo hiểm xã hội bắt buộc bị ốm, bị chết, bị tai nạn trong khi làm nhiệm vụ",
bhyt,62144,20068,Căn cứ,True,False,False,"Nghị quyết số 79/2002/NQ-HĐND Về việc thực hiện chế độ bảo hiểm xã hội, bảo hiểm y tế và chế độ thôi việc đối với giáo viên mầm non dân lập",
bhyt,49829,39784,Văn bản căn cứ,True,False,False,"Quyết định số 24/2014/QĐ-UBND Ban hành Quy chế phối hợp công tác trong thực hiện pháp luật về bảo hiểm xã hội, bảo hiểm y tế, bảo hiểm thất nghiệp trên địa bàn tỉnh",
"bhyt,vien_phi",174245,146383,Căn cứ,True,False,False,"Nghị quyết số 26/2024/NQ-HĐND Bãi bỏ Nghị quyết số 04/2024/NQ-HĐND ngày 19 tháng 4 năm 2024 của Hội đồng nhân dân tỉnh An Giang quy định mức giá dịch vụ khám bệnh, chữa bệnh không thuộc phạm vi thanh toán của Quỹ bảo hiểm y tế mà không phải là đối tượng khám bệnh, chữa bệnh theo yêu cầu tạ",
bhyt,155518,27624,Căn cứ,True,False,False,Nghị quyết số 10/2022/NQ-HĐND Quy định mức giá dịch vụ xét nghiệm SARS-CoV-2 bao gồm chi phí trực tiếp và chi phí tiền lương (chưa bao gồm sinh phẩm xét nghiệm phản ứng) trong trường hợp không thuộc phạm vi thanh toán của Quỹ bảo hiểm y tế trên địa bàn tỉnh An Giang,
bhyt,b55302e0-7c45-11f1-a8a9-e3acc4055625,8619b9a0-5e55-11f1-8e5a-2929924511d6,Căn cứ,False,True,False,,"Nghị định 02/2025/NĐ-CP Sửa đổi, bổ sung một số điều của nghị định số 146/2018/NĐ-CP ngày 17 tháng 10 năm 2018 của chính phủ quy định chi tiết và hướng dẫn biện pháp thi hành luật bảo hiểm y tể, đã được sửa đổi, bổ sung một số điều tại nghị định số 75/2023/NĐ-CP ngày 19 tháng 10 năm 2023 của chính phủ"
bhyt,63a891b0-7c47-11f1-8eaf-41d23454bd62,8619b9a0-5e55-11f1-8e5a-2929924511d6,Căn cứ,False,True,False,,"Nghị định 02/2025/NĐ-CP Sửa đổi, bổ sung một số điều của nghị định số 146/2018/NĐ-CP ngày 17 tháng 10 năm 2018 của chính phủ quy định chi tiết và hướng dẫn biện pháp thi hành luật bảo hiểm y tể, đã được sửa đổi, bổ sung một số điều tại nghị định số 75/2023/NĐ-CP ngày 19 tháng 10 năm 2023 của chính phủ"
bhyt,123510,65845,Căn cứ,True,False,False,Nghị quyết số 68/2017/NQ-HĐND Quy định mức hỗ trợ kinh phí đóng bảo hiểm y tế và chi phí cùng chi trả sử dụng thuốc kháng vi rút HIV đối với người nhiễm HIV/AIDS trên địa bàn tỉnh Điện Biên,
bhyt,11809,11802,Căn cứ,False,True,False,,Quyết định số 170/2008/QĐ-TTg Về chế độ bảo hiểm y tế và trợ cấp mai táng đối với thanh niên xung phong thời kỳ kháng chiến chống Pháp
bhyt,88756,15057,Dẫn chiếu,True,False,False,Chỉ thị 04/2011/CT-UBND về tăng cường thực hiện Luật Bảo hiểm xã hội và Luật Bảo hiểm y tế trên địa bàn huyện Hóc Môn do Ủy ban nhân dân huyện Hóc Môn ban hành,
vien_phi,49919,49917,Văn bản hết hiệu lực,True,False,False,"Quyết định số 72/2012/QĐ-UBND Về việc quy định đơn giá dịch vụ khám bệnh, chữa bệnh tại các cơ sở khám bệnh, chữa bệnh của nhà nước trên địa bàn tỉnh Nghệ An",
bhyt,49829,20068,Căn cứ,True,False,False,"Quyết định số 24/2014/QĐ-UBND Ban hành Quy chế phối hợp công tác trong thực hiện pháp luật về bảo hiểm xã hội, bảo hiểm y tế, bảo hiểm thất nghiệp trên địa bàn tỉnh",
"bhyt,vien_phi",173768,172699,Căn cứ,True,False,False,"Nghị quyết số 114/2024/NQ-HĐND Bãi bỏ Nghị quyết số 23/2024/NQ-HĐND ngày 06 tháng 5 năm 2024 của HĐND tỉnh Bắc Giang quy định mức giá dịch vụ khám bệnh, chữa bệnh không thuộc phạm vi thanh toán của Quỹ bảo hiểm y tế trong các cơ sở khám bệnh, chữa bệnh của Nhà nước trên địa bàn tỉnh Bắc Giang",
bhyt,179724,12326,Căn cứ,True,False,False,"Thông tư số 24/2025/TT-BYT sửa đổi Thông tư 04/2017/TT-BYT về Danh mục và tỷ lệ, điều kiện thanh toán đối với vật tư y tế thuộc phạm vi được hưởng của người tham gia bảo hiểm y tế do Bộ trưởng Bộ Y tế ban hành",
bhyt,169585,166391,Căn cứ,True,False,False,Thông tư 08/2024/TT-BYT bãi bỏ một phần các văn bản quy phạm pháp luật do Bộ trưởng Bộ Y tế ban hành,
bhyt,125855,92948,Căn cứ,True,False,False,Nghị quyết số 35/2017/NQ-HĐND Hỗ trợ kinh phí 30% mệnh giá mua thẻ bảo hiểm y tế cho người thuộc hộ cận nghèo trên địa bàn tỉnh Trà Vinh từ năm 2017 đến năm 2020,
"bhyt,vien_phi",168556,173084,Văn bản quy định hết hiệu lực,False,True,False,,"Nghị quyết số 17/2024/NQ-HĐND Bãi bỏ Nghị quyết số 08/2024/NQ-HĐND ngày 04 tháng 7 năm 2024 của Hội đồng nhân dân tỉnh Quy định mức giá dịch vụ khám bệnh, chữa bệnh không thuộc phạm vi thanh toán của Quỹ Bảo hiểm y tế mà không phải là dịch vụ khám bệnh, chữa bệnh theo yêu cầu trong các cơ sở khám bệnh, chữa bệnh của nhà nước thuộc tỉnh Tuyên Quang quản lý"
bhyt,a58d0900-6ae3-11f1-9463-4ba9a7c0cbbb,172923,Căn cứ,True,True,False,"Nghị quyết số 17/2026/NQ-HĐND Sửa đổi, bổ sung một số điều của nghị quyết số 19/2025/NQ-HĐND ngày 09 tháng 7 năm 2025 của Hội đồng nhân dân thành phố Hà Nội quy định nội dung, mức hỗ trợ đóng bảo hiểm xã hội, bảo hiểm y tế cho các đối tượng chính sách xã hội của thành phố Hà Nội",Luật Bảo hiểm y tế sửa đổi 2024 số Luật số 51/2024/QH15
bhyt,181625,178340,Căn cứ,True,False,False,"Nghị quyết số 09/2025/NQ-HĐND Về việc sửa đổi khoản 1 Điều 1 Nghị quyết số 13/2023/NQ-HĐND ngày 14 tháng 12 năm 2023 của Hội đồng nhân dân tỉnh quy định mức hỗ trợ đóng bảo hiểm y tế cho đối tượng hộ cận nghèo trên địa bàn tỉnh Thanh Hóa, giai đoạn 2024 - 2025",
bhyt,177933,119084,Căn cứ,True,False,False,"Nghị quyết số 04/2025/NQ-HĐND Hỗ trợ mức đóng bảo hiểm y tế và chi phí cùng chi trả đối với thuốc kháng vi-rút HIV cho người nhiễm HIV/AIDS đang điều trị tại các cơ sở khám, chữa bệnh công lập thuộc mạng lưới phòng, chống HIV/AIDS của tỉnh Khánh Hòa",
bhyt,123510,70807,Căn cứ,True,False,False,Nghị quyết số 68/2017/NQ-HĐND Quy định mức hỗ trợ kinh phí đóng bảo hiểm y tế và chi phí cùng chi trả sử dụng thuốc kháng vi rút HIV đối với người nhiễm HIV/AIDS trên địa bàn tỉnh Điện Biên,
bhyt,88138,28106,Căn cứ,True,False,False,"Quyết định 11862/QĐ-UBND năm 2014 bãi bỏ Quyết định 02/2013/QĐ-UBND về Quy chế thực hiện cơ chế một cửa liên thông nhóm thủ tục hành chính thuộc lĩnh vực hộ tịch, bảo hiểm y tế và đăng ký, quản lý cư trú trên địa bàn Quận Bình Tân, thành phố Hồ Chí Minh",
bhyt,184970,175440,Căn cứ,True,False,False,Nghị quyết số 29/2025/NQ-HĐND Quy định mức hỗ trợ đóng bảo hiểm y tế cho một số đối tượng tham gia bảo hiểm y tế trên địa bàn tỉnh Cao Bằng giai đoạn 2026 - 2030,
bhyt,156169,12900,Căn cứ,True,False,False,"Nghị quyết số 12/2022/NQ-HĐND Quy định mức giá dịch vụ xét nghiệm SARS-CoV-2 trong trường hợp không thuộc phạm vi thanh toán của Quỹ bảo hiểm y tế tại các cơ sở khám bệnh, chữa bệnh công lập thuộc tỉnh Ninh Thuận",
bhyt,130006,12326,Căn cứ,True,False,False,Nghị quyết số 154/2018/NQ-HĐND Quy định mức hỗ trợ và nguồn kinh phí đóng bảo hiểm y tế cho Tổ phó Tổ dân phố và Phó Trưởng thôn trên địa bàn thành phố Đà Nẵng,
bhyt,126957,70807,Căn cứ,True,False,False,Nghị quyết số 78/2017/NQ-HĐND Quy định mức hỗ trợ đóng bảo hiểm y tế cho người thuộc hộ gia đình nghèo đa chiều thiếu hụt dịch vụ xã hội cơ bản khác (không bị thiếu hụt bảo hiểm y tế) trên địa bàn tỉnh Điện Biên,
bhyt,183011,70807,Căn cứ,True,False,False,"Nghị quyết số 26/2017/NQ-HĐND Về việc sửa đổi, bổ sung Khoản 3 Điều 1 của Nghị quyết số 31/2015/NQ-HĐND ngày 10/12/2015 của Hội đồng nhân dân tỉnh Ninh Bình về việc hỗ trợ kinh phí đóng bảo hiểm y tế cho một số đối tượng có hộ khẩu thường trú tại tỉnh Ninh Bình",
bhyt,96394,12969,Căn cứ,True,False,False,"Nghị quyết số 42/2014/NQ-HDND Về việc phê duyệt chế độ hỗ trợ bảo hiểm xã hội tự nguyện, bảo hiểm y tế cho công an viên và thôn, ấp, khu đội trưởng được bố trí ở thôn, ấp, khu phố trên địa bàn tỉnh Bà Rịa - Vũng Tàu",
bhyt,15066,54850,"Văn bản HD, QĐ chi tiết",False,True,False,,"Quyết định số 08/2015/QĐ-TTg Thí điểm về giao dịch điện tử trong việc thực hiện thủ tục tham gia bảo hiểm xã hội, bảo hiểm y tế, bảo hiểm thất nghiệp và đề nghị cấp sổ bảo hiểm xã hội, thẻ bảo hiểm y tế"
"bhyt,vien_phi",173463,170583,Căn cứ,True,False,False,"Nghị quyết số 13/2024/NQ-HĐND Về việc Bãi bỏ các Nghị quyết của Hội đồng nhân dân tỉnh quy định giá dịch vụ khám bệnh, chữa bệnh không thuộc phạm vi thanh toán của Quỹ bảo hiểm y tế trong các cơ sở khám bệnh, chữa bệnh của Nhà nước trên địa bàn tỉnh Bắc Ninh",
bhyt,267ffff0-6647-11f1-b01e-8bc328b4d0e9,12326,Căn cứ,True,False,False,Nghị quyết số 14/2026/NQ-HĐND Nghị quyết quy định chính sách hỗ trợ an sinh xã hội cho người dân thủ đô,
bhyt,51860,20068,Căn cứ,True,False,False,Quyết định số 1219/QĐ-UBND Về việc ban hành quy trình cấp thẻ bảo hiểm y tế cho người nghèo,
bhyt,155518,115469,Căn cứ,True,False,False,Nghị quyết số 10/2022/NQ-HĐND Quy định mức giá dịch vụ xét nghiệm SARS-CoV-2 bao gồm chi phí trực tiếp và chi phí tiền lương (chưa bao gồm sinh phẩm xét nghiệm phản ứng) trong trường hợp không thuộc phạm vi thanh toán của Quỹ bảo hiểm y tế trên địa bàn tỉnh An Giang,
bhyt,122311,38018,Căn cứ,False,True,False,,Nghị định số 105/2014/NĐ-CP Quy định chi tiết và hướng dẫn thi hành một số điều của Luật Bảo hiểm y tế
bhyt,152867,155298,Văn bản quy định hết hiệu lực,False,True,False,,"Nghị quyết số 65/2022/NQ-HĐND Quy định mức giá dịch vụ xét nghiệm SARS-CoV-2 không thuộc phạm vi thanh toán của Quỹ bảo hiểm y tế (chưa bao gồm chi phí sinh phẩm xét nghiệm SARS-CoV-2) tại cơ sở khám bệnh, chữa bệnh của Nhà nước trên địa bàn tỉnh Hà Tĩnh"
bhyt,89019,20068,Căn cứ,True,False,False,"Quyết định 1204/QĐ-UBND năm 2013 điều chỉnh mục tiêu kế hoạch thực hiện bảo hiểm y tế toàn dân trên địa bàn thành phố Hồ Chí Minh, giai đoạn 2012-2015 và giai đoạn 2016-2010 kèm theo Quyết định 5063/QĐ-UBND",
bhyt,5008,10019,"Quy định chi tiết, hướng dẫn thi hành",True,False,False,Quyết định số 2112/1997/QĐ-UB Về việc điều chỉnh mức thu phí bảo hiểm y tế các đối tượng tham gia tự nguyện,
bhyt,155764,119084,Căn cứ,True,False,False,Nghị quyết số 07/2022/NQ-HĐND Về việc quy định mức hỗ trợ kinh phí mua thẻ bảo hiểm y tế cho người thuộc hộ cận nghèo trên địa bàn tỉnh Khánh Hòa giai đoạn 2022-2025,
bhyt,98348,38018,Căn cứ,False,True,False,,Nghị định số 105/2014/NĐ-CP Quy định chi tiết và hướng dẫn thi hành một số điều của Luật Bảo hiểm y tế
bhyt,121577,38018,Căn cứ,False,True,False,,Nghị định số 105/2014/NĐ-CP Quy định chi tiết và hướng dẫn thi hành một số điều của Luật Bảo hiểm y tế
bhyt,107416,47690,"Sửa đổi, bổ sung",True,True,False,"Thông tư liên tịch số 16/2006/TTLT-BYT-BTC Thông tư hướng dẫn sửa đổi, bổ sung một số điểm của Thông tư liên tịch số 21/2005/TTLT-BYT-BTC ngày 27/7/2005 của liên Bộ Y tế - Bộ Tài chính hướng dẫn thực hiện bảo hiểm y tế bắt buộc",Thông tư liên tịch số 21/2005/TTLT-BYT-BTC Thông tư hướng dẫn thực hiện bảo hiểm y tế bắt buộc
"bhyt,vien_phi",142685,70819,Căn cứ,True,False,False,"Quyết định số 25/2020/QĐ-UBND Về việc bãi bỏ Quyết định số 51/2017/QĐ-UBND ngày 21 tháng 12 năm 2017 của Ủy ban nhân dân tỉnh Tây Ninh về việc quy định giá dịch vụ khám bệnh, chữa bệnh không thuộc phạm vi thanh toán của Qũy bảo hiểm y tế trong các cơ sở khám bệnh, chữa bệnh của Nhà nước trên địa bàn tỉnh Tây Ninh",
bhyt,54850,32912,Căn cứ,True,False,False,"Quyết định số 08/2015/QĐ-TTg Thí điểm về giao dịch điện tử trong việc thực hiện thủ tục tham gia bảo hiểm xã hội, bảo hiểm y tế, bảo hiểm thất nghiệp và đề nghị cấp sổ bảo hiểm xã hội, thẻ bảo hiểm y tế",
bhyt,168407,184890,Văn bản quy định hết hiệu lực,False,True,False,,Nghị quyết số 35/2025/NQ-HĐND Quy định mức hỗ trợ kinh phí đóng bảo hiểm y tế cho một số đối tượng trên địa bàn tỉnh Gia Lai
"bhyt,vien_phi",172978,70819,Căn cứ,True,False,False,"Nghị quyết số 111/2024/NQ-HĐND Bãi bỏ Nghị quyết số 78/2024/NQ-HĐND ngày 10 tháng 7 năm 2024 của Hội đồng nhân dân tỉnh Gia Lai quy định giá dịch vụ khám bệnh, chữa bệnh không thuộc phạm vi thanh toán của Quỹ Bảo hiểm y tế nhưng không phải là dịch vụ khám bệnh, chữa bệnh theo yêu cầu trong các cơ sở khám bệnh, chữa bệnh của Nhà nước thuộc tỉnh Gia Lai quản lý",
bhyt,186006,172923,Căn cứ,False,True,False,,Luật Bảo hiểm y tế sửa đổi 2024 số Luật số 51/2024/QH15
bhyt,181930,172923,Căn cứ,True,True,False,Nghị quyết số 17/2025/NQ-HĐND Ban hành Quy định mức hỗ trợ đóng bảo hiểm y tế đối với một số đối tượng trên địa bàn tỉnh Vĩnh Long,Luật Bảo hiểm y tế sửa đổi 2024 số Luật số 51/2024/QH15
bhyt,3c7280b0-58e8-11f1-8ac3-d768273af8f0,175462,Căn cứ,True,False,False,"Thông tư 09/2026/TT-BTC Quy định về việc tạo lập sổ bảo hiểm xã hội, thẻ bảo hiểm y tế bản điện tử",
bhyt,30353,27465,Dẫn chiếu,True,False,False,Thông tư số 06/2013/TT-BYT Hướng dẫn thực hiện thí điểm quản lý giá thuốc bằng phương pháp thặng số bán buôn tối đa toàn chặng đối với thuốc do ngân sách nhà nước và bảo hiểm y tế chi trả,
"bhyt,vien_phi",140051,167742,Văn bản quy định hết hiệu lực,False,True,False,,"Nghị quyết số số 11/2024/NQ-HĐND Quy định mức giá dịch vụ khám bệnh, chữa bệnh không thuộc phạm vi thanh toán của Quỹ bảo hiểm y tế nhưng không phải là dịch vụ khám bệnh, chữa bệnh theo yêu cầu trong các cơ sở khám bệnh, chữa bệnh của Nhà nước thuộc tỉnh Quảng Nam"
"bhyt,vien_phi",44740,126742,Văn bản quy định hết hiệu lực,False,True,False,,"Quyết định số 25/2017/QĐ-UBND Quy định mức giá dịch vụ khám bệnh, chữa bệnh không thuộc phạm vi thanh toán của quỹ bảo hiểm y tế trong cơ sở khám bệnh, chữa bệnh Nhà nước thuộc địa phương quản lý trên địa bàn tỉnh Hà Nam"
bhyt,181930,24930,Dẫn chiếu,True,False,False,Nghị quyết số 17/2025/NQ-HĐND Ban hành Quy định mức hỗ trợ đóng bảo hiểm y tế đối với một số đối tượng trên địa bàn tỉnh Vĩnh Long,
bhyt,156169,70807,Căn cứ,True,False,False,"Nghị quyết số 12/2022/NQ-HĐND Quy định mức giá dịch vụ xét nghiệm SARS-CoV-2 trong trường hợp không thuộc phạm vi thanh toán của Quỹ bảo hiểm y tế tại các cơ sở khám bệnh, chữa bệnh công lập thuộc tỉnh Ninh Thuận",
bhyt,516bb440-8427-11f1-a3d0-3b7510efee0e,8619b9a0-5e55-11f1-8e5a-2929924511d6,Căn cứ,False,True,False,,"Nghị định 02/2025/NĐ-CP Sửa đổi, bổ sung một số điều của nghị định số 146/2018/NĐ-CP ngày 17 tháng 10 năm 2018 của chính phủ quy định chi tiết và hướng dẫn biện pháp thi hành luật bảo hiểm y tể, đã được sửa đổi, bổ sung một số điều tại nghị định số 75/2023/NĐ-CP ngày 19 tháng 10 năm 2023 của chính phủ"
bhyt,172923,96119,Dẫn chiếu,True,False,False,Luật Bảo hiểm y tế sửa đổi 2024 số Luật số 51/2024/QH15,
bhyt,179711,168128,Hướng dẫn áp dụng,True,False,False,Nghị định số 188/2025/NĐ-CP hướng dẫn Luật Bảo hiểm y tế,
bhyt,155147,38036,"Quy định chi tiết, hướng dẫn thi hành",True,False,False,"Quyết định số 18/2022/QĐ-UBND Ban hành Quy định đăng ký khám bệnh, chữa bệnh bảo hiểm y tế ban đầu và chuyển tuyến khám bệnh, chữa bệnh bảo hiểm y tế trên địa bàn tỉnh Ninh Thuận",
bhyt,153338,140624,Căn cứ,False,True,False,,Thông tư số 30/2019/TT-BLĐTBXH Hướng dẫn lập danh sách đối tượng tham gia bảo hiểm y tế do Bộ Lao động - Thương binh và Xã hội quản lý
bhyt,127243,12326,Căn cứ,True,False,False,"Quyết định số 52/2017/QĐ-UBND Sửa đổi, bổ sung Quyết định số 52/2016/QĐ-UBND ngày 21/12/2016 của UBND tỉnh về việc hỗ trợ kinh phí đóng bảo hiểm y tế giai đoạn 2017-2020",
bhyt,89902,14902,Dẫn chiếu,True,False,False,"Quyết định 5063/QĐ-UBND về Kế hoạch thực hiện Bảo hiểm y tế toàn dân trên địa bàn Thành phố Hồ Chí Minh, giai đoạn 2012 - 2015 và giai đoạn 2016 - 2020",
bhyt,62448,22843,"Quy định chi tiết, hướng dẫn thi hành",True,False,False,Quyết định số 538/QĐ-TTg Phê duyệt Đề án thực hiện lộ trình tiến tới bảo hiểm y tế toàn dân giai đoạn 2012-2015 và 2020,
bhyt,555174c0-66ed-11f1-a036-8bf17f3cc74c,178340,Căn cứ,True,False,False,Nghị quyết Quy định mức hỗ trợ đóng bảo hiểm y tế cho một số đối tượng trên địa bàn tỉnh Thái Nguyên,
bhyt,158050,70819,Căn cứ,True,False,False,"Nghị quyết số 61/2022/NQ-HĐND Quy định mức giá dịch vụ xét nghiệm SARS-CoV-2 không thuộc phạm vi thanh toán của Quỹ bảo hiểm y tế cho các cơ sở khám bệnh, chữa bệnh của Nhà nước trên địa bàn tỉnh Lai Châu",
bhyt,153608,153632,Căn cứ,True,False,False,"Nghị quyết số 11/2022/NQ-HĐND Quy định giá dịch vụ xét nghiệm SARS-CoV-2 trong trường hợp không thuộc phạm vi thanh toán của Quỹ bảo hiểm y tế tại các cơ sở khám bệnh, chữa bệnh của Nhà nước trên địa bàn tỉnh Ninh Bình",
bhyt,139464,135466,Dẫn chiếu,False,True,False,,"Thông tư số 27/2018/TT-BYT Hướng dẫn thực hiện bảo hiểm y tế và khám bệnh, chữa bệnh liên quan đến HIV/AIDS"
bhyt,54850,12326,Căn cứ,True,False,False,"Quyết định số 08/2015/QĐ-TTg Thí điểm về giao dịch điện tử trong việc thực hiện thủ tục tham gia bảo hiểm xã hội, bảo hiểm y tế, bảo hiểm thất nghiệp và đề nghị cấp sổ bảo hiểm xã hội, thẻ bảo hiểm y tế",
bhyt,185645,179711,Căn cứ,False,True,False,,Nghị định số 188/2025/NĐ-CP hướng dẫn Luật Bảo hiểm y tế
bhyt,179920,166456,Căn cứ,True,False,False,"Nghị quyết số 19/2025/NQ-HĐND Quy định nội dung, mức hỗ trợ đóng bảo hiểm xã hội tự nguyện, bảo hiểm y tế cho các đối tượng chính sách xã hội của thành phố Hà Nội (Thực hiện điểm a, điểm b khoản 3, khoản 4 Điều 27 Luật Thủ đô)",
bhyt,555174c0-66ed-11f1-a036-8bf17f3cc74c,179427,Căn cứ,True,False,False,Nghị quyết Quy định mức hỗ trợ đóng bảo hiểm y tế cho một số đối tượng trên địa bàn tỉnh Thái Nguyên,
bhyt,163811,166391,Căn cứ,True,False,False,Nghị quyết số 32/2023/NQ-HĐND Quy định hỗ trợ mức đóng bảo hiểm y tế cho hộ thoát nghèo và hộ thoát cận nghèo trên địa bàn tỉnh Cà Mau đến năm 2025,
bhyt,166928,70819,Căn cứ,True,False,False,Nghị quyết số 288/2022/NQ-HĐND Quy định mức giá dịch vụ xét nghiệm SARS-CoV-2 (chưa bao gồm sinh phẩm xét nghiệm phản ứng) do cơ sở y tế của Nhà nước thực hiện không thuộc phạm vi thanh toán của Quỹ bảo hiểm y tế trên địa bàn tỉnh Thanh Hoá,
bhyt,179736,132227,"Quy định chi tiết, hướng dẫn thi hành",True,False,False,"Thông tư số 27/2025/TT-BYT quy định nguyên tắc, tiêu chí xây dựng, cập nhật, ghi thông tin, cấu trúc danh mục và hướng dẫn thanh toán đối với thuốc dược liệu, thuốc có kết hợp dược chất với các dược liệu, thuốc cổ truyền, dược liệu thuộc phạm vi được hưởng của người tham gia bảo hiểm y tế do Bộ trưởng Bộ Y tế ban hành",
bhyt,30353,27950,Dẫn chiếu,True,False,False,Thông tư số 06/2013/TT-BYT Hướng dẫn thực hiện thí điểm quản lý giá thuốc bằng phương pháp thặng số bán buôn tối đa toàn chặng đối với thuốc do ngân sách nhà nước và bảo hiểm y tế chi trả,
bhyt,12326,40940,"Văn bản HD, QĐ chi tiết",False,True,False,,"Quyết định số 1111/QĐ-BHXH Về việc ban hành Quy định quản lý thu bảo hiểm xã hội, bảo hiểm y tế; quản lý sổ bảo hiểm xã hội, thẻ bảo hiểm y tế"
"bhyt,vien_phi",173084,139878,Căn cứ,True,False,False,"Nghị quyết số 17/2024/NQ-HĐND Bãi bỏ Nghị quyết số 08/2024/NQ-HĐND ngày 04 tháng 7 năm 2024 của Hội đồng nhân dân tỉnh Quy định mức giá dịch vụ khám bệnh, chữa bệnh không thuộc phạm vi thanh toán của Quỹ Bảo hiểm y tế mà không phải là dịch vụ khám bệnh, chữa bệnh theo yêu cầu trong các cơ sở khám bệnh, chữa bệnh của nhà nước thuộc tỉnh Tuyên Quang quản lý",
"bhyt,vien_phi",173398,167565,Căn cứ,True,False,False,"Nghị quyết số 09/2024/NQ-HĐND Bãi bỏ Nghị quyết số 19/2023/NQ-HĐND ngày 12 tháng 12 năm 2023 của Hội đồng nhân dân tỉnh quy định mức giá dịch vụ khám bệnh, chữa bệnh không thuộc phạm vi thanh toán của Quỹ bảo hiểm y tế mà không phải dịch vụ khám bệnh chữa bệnh theo yêu cầu tại các cơ sở khám bệnh, chữa bệnh của Nhà nước thuộc tỉnh Phú Thọ quản lý",
bhyt,155449,12900,Căn cứ,True,False,False,Nghị quyết số 03/2022/NQ-HĐND Quy định mức giá dịch vụ xét nghiệm SARS-CoV-2 (chưa bao gồm sinh phẩm xét nghiệm) không thuộc phạm vi thanh toán của Quỹ bảo hiểm y tế cho các cơ sở y tế công lập trên địa bàn tỉnh Đắk Lắk,
bhyt,159113,12900,Căn cứ,True,False,False,Nghị quyết số 09/2022/NQ-HĐND Quy định giá dịch vụ xét nghiệm SARS-CoV-2 (chưa bao gồm chi phí sinh phẩm xét nghiệm) trong trường hợp không thuộc phạm vi thanh toán của Quỹ bảo hiểm y tế đối với các cơ sở y tế công lập trên địa bàn tỉnh Vĩnh Phúc,
bhyt,179711,175258,Căn cứ,True,False,False,Nghị định số 188/2025/NĐ-CP hướng dẫn Luật Bảo hiểm y tế,
bhyt,181847,12326,Căn cứ,True,False,False,"Nghị định số 233/2025/NĐ-CP Quy định cơ chế tài chính về bảo hiểm xã hội, bảo hiểm thất nghiệp, bảo hiểm y tế; chi tổ chức và hoạt động bảo hiểm xã hội, bảo hiểm thất nghiệp, bảo hiểm y tế",
"bhyt,vien_phi",138476,173906,Văn bản quy định hết hiệu lực,False,True,False,,"Nghị quyết số 24/2024/NQ-HĐND Bãi bỏ Nghị quyết số 280/2019/NQ-HĐND ngày 08/10/2019 của Hội đồng nhân dân Tỉnh về việc ban hành bảng giá dịch vụ khám bệnh, chữa bệnh không thuộc phạm vi thanh toán của quỹ bảo hiểm y tế trong các cơ sở khám bệnh, chữa bệnh của nhà nước trên địa bàn tỉnh Đồng Tháp"
bhyt,185418,148848,Bãi bỏ,True,False,True,"Nghị quyết số 99/2025/NQ-HĐND quy định chính sách hỗ trợ kinh phí tham gia bảo hiểm xã hội tự nguyện, bảo hiểm y tế trên địa bàn tỉnh Bắc Ninh, giai đoạn 2026- 2030",
bhyt,153839,27624,Căn cứ,True,False,False,Nghị quyết số 113/2022/NQ-UBND Quy định mức giá dịch vụ xét nghiệm SARS-CoV-2 không thuộc phạm vi thanh toán của Quỹ bảo hiểm y tế trên địa bàn tỉnh Hòa Bình,
bhyt,127815,70819,Căn cứ,True,False,False,Nghị quyết số 65/2017/NQ-HĐND Quy định mức hỗ trợ đóng bảo hiểm y tế cho một số đối tượng tham gia bảo hiểm y tế do ngân sách địa phương bảo đảm trên địa bàn tỉnh Lâm Đồng,
bhyt,179772,79102,Căn cứ,True,False,False,"Thông tư số 63/2025/TT-BQP Quy định, hướng dẫn thực hiện một số điều của Nghị định số 70/2015/NĐ-CP ngày 01 tháng 9 năm 2015 của Chính phủ quy định chi tiết và hướng dẫn thi hành một số điều của Luật Bảo hiểm y tế đối với quân đội nhân dân, công an nhân dân và người làm công tác cơ yếu; Nghị định số 74/2025/NĐ-CP ngày 31 tháng 3 năm 2025 sửa đổi, bổ sung một số điều của Nghị định số 70/2015/NĐ-CP ngày 01 tháng 9 năm 2015 của Chính phủ",
bhyt,138202,143792,Văn bản quy định hết hiệu lực,False,True,False,,Nghị quyết số 06/2014/NQ-HĐND Về chế độ hỗ trợ mua bảo hiểm y tế cho người đồng bào dân tộc thiểu số không thuộc vùng có điều kiện kinh tế - xã hội khó khăn trên địa bàn tỉnh Khánh Hòa
bhyt,38018,22843,Căn cứ,True,False,False,Nghị định số 105/2014/NĐ-CP Quy định chi tiết và hướng dẫn thi hành một số điều của Luật Bảo hiểm y tế,
bhyt,74259,14463,Dẫn chiếu,True,False,False,"Quyết định số 16/2013/QĐ-UBND Về việc sửa đổi, bổ sung điểm c, khoản 2, Điều 1 Quy định phân cấp quản lý mua, cấp phát thẻ bảo hiểm y tế cho các đối tượng được ngân sách nhà nước đảm bảo trên địa bàn tỉnh Hòa Bình ban hành kèm theo Quyết định số 14/2012/QĐ-UBND ngày 19 tháng 9 năm 2012 của UBND tỉnh Hòa Bình",
"bhyt,vien_phi",157394,139878,Căn cứ,True,False,False,"Quyết định số 27/2020/QĐ-UBND Quy định giá dịch vụ khám bệnh, chữa bệnh không thuộc phạm vi thanh toán của Quỹ bảo hiểm y tế trong các cơ sở khám bệnh, chữa bệnh của Nhà nước trên địa bàn tỉnh Ninh Thuận",
"bhyt,vien_phi",167025,174245,Văn bản quy định hết hiệu lực,False,True,False,,"Nghị quyết số 26/2024/NQ-HĐND Bãi bỏ Nghị quyết số 04/2024/NQ-HĐND ngày 19 tháng 4 năm 2024 của Hội đồng nhân dân tỉnh An Giang quy định mức giá dịch vụ khám bệnh, chữa bệnh không thuộc phạm vi thanh toán của Quỹ bảo hiểm y tế mà không phải là đối tượng khám bệnh, chữa bệnh theo yêu cầu tạ"
bhyt,168526,173743,Văn bản quy định hết hiệu lực,False,True,False,,"Nghị quyết số 118/2024/NQ-HĐND Bãi bỏ Nghị quyết số 32/2024/NQ-HĐND ngày 11 tháng 7 năm 2024 của Hội đồng nhân dân tỉnh quy định giá cụ thể dịch vụ khám bệnh, chữa bệnh không thuộc phạm vi thanh toán của Quỹ bảo hiểm y tế nhưng không phải là đối tượng khám chữa bệnh theo yêu cầu trong các cơ sở khám bệnh, chữa bệnh của Nhà nước trên địa bàn tỉnh Kon Tum"
bhyt,184799,157821,Bãi bỏ,True,False,True,"Nghị quyết số 23/2025/NQ-HĐND Quy định mức hỗ trợ đóng bảo hiểm y tế đối với người thuộc hộ cận nghèo, người cao tuổi từ đủ 60 tuổi đến dưới 75 tuổi, người dân tộc thiểu số có khó khăn đặc thù trên địa bàn tỉnh Lào Cai",
bhyt,c2eaf660-646c-11f1-9b88-5580e4d27ec7,179711,Căn cứ,False,True,False,,Nghị định số 188/2025/NĐ-CP hướng dẫn Luật Bảo hiểm y tế
bhyt,184454,12326,Căn cứ,True,False,False,"Nghị quyết số 56/2025/NQ-HĐND Quy định mức hỗ trợ đóng bảo hiểm y tế cho người cao tuổi, học sinh trên địa bàn Thành phố Hồ Chí Minh",
bhyt,176101,167565,Căn cứ,True,False,False,"Nghị quyết số 28/2024/NQ-HĐND Quy định giá cụ thể dịch vụ khám bệnh, chữa bệnh thuộc danh mục do quỹ bảo hiểm y tế thanh toán, giá cụ thể dịch vụ khám bệnh, chữa bệnh do ngân sách nhà nước thanh toán, giá cụ thể dịch vụ khám bệnh, chữa bệnh không thuộc danh mục do quỹ bảo hiểm y tế thanh toán mà không phải là dịch vụ khám bệnh, chữa bệnh theo yêu cầu đối với các cơ sở khám bệnh, chữa bệnh của Nhà nước trên địa bàn tỉnh Hà Nam quản lý thuộc phạm vi được phân quyền",
bhyt,145237,12326,Căn cứ,True,False,False,Nghị quyết số 18/2020/NQ-HĐND Quy định mức hỗ trợ 30% mức đóng bảo hiểm y tế cho người thuộc hộ gia đình nghèo đa chiều và người thuộc hộ gia đình cận nghèo trên địa bàn tỉnh An Giang,
bhyt,28013,20996,Căn cứ,True,False,False,Thông tư số 178/2012/TT-BTC Hướng dẫn kế toán áp dụng cho Bảo hiểm xã hội Việt Nam,
bhyt,26100,10427,Căn cứ,True,False,False,"Quyết định số 02/2011/QĐ-TTg Sửa đổi khoản 1 điều 4 Quyết định số 87/2010/QĐ-TTg ngày 24 tháng 12 năm 2010 của Thủ tướng Chính phủ về việc cho doanh nghiệp, người lao động thuộc Tập đoàn Công nghiệp tàu thủy Việt Nam và Tổng công ty Hàng hải Việt Nam vay để chi trả nợ tiền lương, nợ bảo hiểm xã hội, bảo hiểm y tế, bảo hiểm thất nghiệp, trợ cấp thôi việc, trợ cấp mất việc làm, tạo việc làm, học nghề",
bhyt,187392,184731,Căn cứ,True,True,False,Quyết định số 32/2026/QĐ-UBND triển khai Nghị quyết số 23/2025/NQ-HĐND ngày 10 tháng 12 năm 2025 của Hội đồng nhân dân tỉnh về việc quy định mức hỗ trợ đóng bảo hiểm y tế cho các đối tượng không được hưởng mức hỗ trợ từ ngân sách nhà nước đối với Thanh niên thi hành nghĩa vụ Kinh tế - Quốc phòng của tỉnh Tây Ninh và Đoàn xây dựng kinh tế Thanh niên trên địa bàn tỉnh Tây Ninh,Nghị quyết số 23/2025/NQ-HĐND Về việc quy định mức hỗ trợ đóng bảo hiểm y tế cho các đối tượng không được hưởng mức hỗ trợ từ ngân sách nhà nước đối với Thanh niên thi hành nghĩa vụ Kinh tế - Quốc phòng của tỉnh Tây Ninh và Đoàn xây dựng kinh tế Thanh niên trên địa bàn tỉnh Tây Ninh
bhyt,79219,27023,Căn cứ,True,False,False,"Quyết định số 76/2014/QĐ-UBND Ban hành Quy định quản lý, cấp phát thẻ bảo hiểm y tế cho đối tượng Ngân sách nhà nước đảm bảo toàn bộ hoặc một phần kinh phí áp dụng trên địa bàn tỉnh Hà Tĩnh",
"bhyt,vien_phi",174421,70800,Căn cứ,True,False,False,"Nghị quyết số 30/2024/NQ-HĐND Bãi bỏ Nghị quyết số 09/2019/NQ-HĐND ngày 06 tháng 12 năm 2019 của Hội đồng nhân dân tỉnh “về việc quy định mức giá dịch vụ khám bệnh, chữa bệnh không thuộc phạm vi thanh toán của Quỹ bảo hiểm y tế trong các cơ sở khám bệnh, chữa bệnh của Nhà nước trên địa bàn tỉnh Bạc Liêu”",
"bhyt,vien_phi",173176,151168,Căn cứ,True,False,False,"Nghị quyết số 68/2024/NQ-HĐND Quy định giá dịch vụ khám bệnh, chữa bệnh thuộc danh mục thanh toán của Quỹ bảo hiểm y tế, giá dịch vụ khám bệnh, chữa bệnh do ngân sách nhà nước thanh toán và giá dịch vụ khám bệnh, chữa bệnh không thuộc danh mục thanh toán của Quỹ bảo hiểm y tế mà không phải là dịch vụ khám bệnh, chữa bệnh theo yêu cầu tại các cơ sở khám bệnh, chữa bệnh công lập thuộc thành phố Đà Nẵng",
"bhyt,vien_phi",142680,70800,Căn cứ,True,False,False,"Quyết định số 12/2020/QĐ-UBND Bãi bỏ Quyết định số 51/2017/QĐ-UBND ngày 21/8/2017 của UBND tỉnh Quảng Ngãi Quy định mức giá dịch vụ khám bệnh, chữa bệnh không thuộc phạm vi thanh toán của Quỹ bảo hiểm y tế trong các cơ sở khám bệnh, chữa bệnh của Nhà nước thuộc tỉnh Quảng Ngãi quản lý",
bhyt,153839,115469,Căn cứ,True,False,False,Nghị quyết số 113/2022/NQ-UBND Quy định mức giá dịch vụ xét nghiệm SARS-CoV-2 không thuộc phạm vi thanh toán của Quỹ bảo hiểm y tế trên địa bàn tỉnh Hòa Bình,
bhyt,153839,139878,Căn cứ,True,False,False,Nghị quyết số 113/2022/NQ-UBND Quy định mức giá dịch vụ xét nghiệm SARS-CoV-2 không thuộc phạm vi thanh toán của Quỹ bảo hiểm y tế trên địa bàn tỉnh Hòa Bình,
bhyt,183010,12326,Căn cứ,True,False,False,Nghị quyết số 31/2015/NQ-HĐND Quy định mức hỗ trợ kinh phí đóng bảo hiểm y tế cho một số đối tượng có hộ khẩu thường trú tại tỉnh Ninh Bình,
bhyt,65845,11802,Dẫn chiếu,False,True,False,,Quyết định số 170/2008/QĐ-TTg Về chế độ bảo hiểm y tế và trợ cấp mai táng đối với thanh niên xung phong thời kỳ kháng chiến chống Pháp
"bhyt,vien_phi",155057,139878,Căn cứ,True,False,False,"Quyết định số 10/2022/QĐ-UBND Về sửa đổi, bổ sung Quyết định 56/2019/QĐ-UBND ngày 31 tháng 12 năm 2019 của Ủy ban nhân dân tỉnh Hà Nam về quy định mức giá dịch vụ khám bệnh, chữa bệnh không thuộc phạm vi thanh toán của Quỹ bảo hiểm y tế trong các cơ sở khám bệnh, chữa bệnh của Nhà nước thuộc địa phương quản lý trên địa bàn tỉnh Hà Nam",
bhyt,88622,60114,Văn bản dẫn chiếu,True,False,False,"Quyết định 3651/QĐ-UBND ban hành Kế hoạch Chương trình hành động 32-CTrHĐ/TU thực hiện Nghị quyết 21-NQ/TW về tăng cường sự lãnh đạo của Đảng đối với công tác bảo hiểm xã hội, bảo hiểm y tế giai đoạn 2012 - 2020 do thành phố Hồ Chí Minh ban hành",
vien_phi,45773,51842,Văn bản bị hết hiệu lực 1 phần,True,False,False,"Quyết định số 1169/QĐ-UBND Về giá thu một phần viện phí, lệ phí tại các cơ sở y tế",
bhyt,5218a7f0-6c7f-11f1-9c2b-932f5a2f1e38,136849,Bãi bỏ,True,False,True,"Quy định chính sách hỗ trợ bảo hiểm y tế đối với đồng bào dân tộc thiểu số trên địa bàn thành phố Đà Nẵng, giai đoạn 2026 - 2031",
bhyt,184909,179427,Căn cứ,True,False,False,Nghị quyết số 36/2025/NQ-HĐND quy định mức hỗ trợ đóng bảo hiểm y tế cho một số đối tượng trên địa bàn tỉnh Đồng Nai giai đoạn 2026 - 2030,
bhyt,153738,139878,Căn cứ,True,False,False,"Nghị quyết số 03/2022/NQ-HĐND Quy định giá dịch vụ xét nghiệm SARS-CoV-2 (chưa bao gồm sinh phẩm xét nghiệm phản ứng) trong trường hợp không thuộc phạm vi thanh toán của Quỹ bảo hiểm y tế tại các cơ sở khám bệnh, chữa bệnh của Nhà nước trên địa bàn tỉnh",
"bhyt,vien_phi",148465,123256,Căn cứ,True,False,False,"Thông tư số 04/2021/TT-BYT hướng dẫn thanh toán chi phí khám bệnh, chữa bệnh bảo hiểm y tế theo định suất",
bhyt,119949,38018,Căn cứ,True,True,False,Nghị quyết số 70/2016/NQ-HĐND Quy định mức hỗ trợ đóng bảo hiểm y tế cho người thuộc hộ gia đình cận nghèo trên địa bàn tỉnh Ninh Thuận năm 2017,Nghị định số 105/2014/NĐ-CP Quy định chi tiết và hướng dẫn thi hành một số điều của Luật Bảo hiểm y tế
bhyt,54850,46744,"Quy định chi tiết, hướng dẫn thi hành",True,False,False,"Quyết định số 08/2015/QĐ-TTg Thí điểm về giao dịch điện tử trong việc thực hiện thủ tục tham gia bảo hiểm xã hội, bảo hiểm y tế, bảo hiểm thất nghiệp và đề nghị cấp sổ bảo hiểm xã hội, thẻ bảo hiểm y tế",
bhyt,10102,10323,Căn cứ,True,False,False,Thông tư liên tịch số 15/TTLB Hướng dẫn thi hành Nghị định số 47-CP ngày 6/6/94 của Chính phủ sửa đổi một số điều của Điều lệ Bảo hiểm y tế,
bhyt,83649,172923,Căn cứ,True,True,False,Nghị quyết số 163/2014/NQ-HĐND Về việc hỗ trợ kinh phí để thực hiện lộ trình tiến tới bảo hiểm y tế toàn dân trên địa bàn tỉnh Vĩnh Phúc giai đoạn 2015 – 2020,Luật Bảo hiểm y tế sửa đổi 2024 số Luật số 51/2024/QH15
bhyt,184087,179611,Văn bản căn cứ,True,False,False,Thông tư số 98/2025/TT-BQP Hướng dẫn thực hiện một số điều của Nghị định số 188/2025/NĐ-CP ngày 01 tháng 7 năm 2025 của Chính phủ quy định chi tiết và hướng dẫn thi hành một số điều của Luật Bảo hiểm y tế đối với các đối tượng thuộc phạm vi quản lý của Bộ Quốc phòng,
bhyt,111911,145237,Văn bản quy định hết hiệu lực,False,True,False,,Nghị quyết số 18/2020/NQ-HĐND Quy định mức hỗ trợ 30% mức đóng bảo hiểm y tế cho người thuộc hộ gia đình nghèo đa chiều và người thuộc hộ gia đình cận nghèo trên địa bàn tỉnh An Giang
bhyt,143761,70800,Căn cứ,True,False,False,"Quyết định số 37/2020/QĐ-UBND Về việc bãi bỏ Quyết định số 28/2013/QĐ-UBND ngày 26/7/2013 của UBND tỉnh ban hành quy định phối hợp giải quyết thủ tục hành chính về đăng ký khai sinh, khai tử, bảo hiểm y tế và đăng ký thường trú trên địa bàn tỉnh và Quyết định số 23/2015/QĐ-UBND ngày 01/6/2015 về việc sửa đổi, bổ sung Quyết định số 28/2013/QĐ-UBND ngày 26/7/2013 của UBND tỉnh",
"bhyt,vien_phi",173832,167565,Căn cứ,True,False,False,"Nghị quyết số 27/2024/NQ-HĐND Quy định giá dịch vụ khám bệnh, chữa bệnh thuộc danh mục do quỹ bảo hiểm y tế thanh toán; giá dịch vụ khám bệnh, chữa bệnh do ngân sách nhà nước thanh toán; giá dịch vụ khám bệnh, chữa bệnh không thuộc danh mục do quỹ bảo hiểm y tế thanh toán mà không phải là dịch vụ khám bệnh, chữa bệnh theo yêu cầu đối với các cơ sở khám bệnh, chữa bệnh của Nhà nước trên địa bàn tỉnh Bến Tre",
"bhyt,vien_phi",141544,25170,Căn cứ,True,False,False,"Nghị quyết số 18/2019/NQ-HĐND Quy định giá dịch vụ khám bệnh, chữa bệnh không thuộc phạm vi thanh toán của Quỹ bảo hiểm y tế tại các cơ sở khám bệnh, chữa bệnh của Nhà nước do địa phương quản lý",
bhyt,edca1bd0-84a2-11f1-94ae-8b53d2d7fce4,8619b9a0-5e55-11f1-8e5a-2929924511d6,Căn cứ,False,True,False,,"Nghị định 02/2025/NĐ-CP Sửa đổi, bổ sung một số điều của nghị định số 146/2018/NĐ-CP ngày 17 tháng 10 năm 2018 của chính phủ quy định chi tiết và hướng dẫn biện pháp thi hành luật bảo hiểm y tể, đã được sửa đổi, bổ sung một số điều tại nghị định số 75/2023/NĐ-CP ngày 19 tháng 10 năm 2023 của chính phủ"
bhyt,179244,175261,Căn cứ,True,False,False,"Thông tư số 15/2025/TT-BYT quy định về phân cấp, phân định thẩm quyền của chính quyền địa phương 02 cấp trong lĩnh vực y, dược cổ truyền do Bộ trưởng Bộ Y tế ban hành",
bhyt,183009,24549,Căn cứ,True,False,False,Nghị quyết số 10/2013/NQ-HĐND Hỗ trợ kinh phí từ Ngân sách tỉnh để mua Bảo hiểm y tế cho Người cao tuổi trên địa bàn tỉnh Ninh Bình,
bhyt,83649,21010,Căn cứ,True,False,False,Nghị quyết số 163/2014/NQ-HĐND Về việc hỗ trợ kinh phí để thực hiện lộ trình tiến tới bảo hiểm y tế toàn dân trên địa bàn tỉnh Vĩnh Phúc giai đoạn 2015 – 2020,
bhyt,172977,139368,Bãi bỏ,True,False,True,Nghị quyết số 110/2024/NQ-HĐND Bãi bỏ các Nghị quyết của Hội đồng nhân dân tỉnh Gia Lai,
bhyt,94168,38018,Căn cứ,False,True,False,,Nghị định số 105/2014/NĐ-CP Quy định chi tiết và hướng dẫn thi hành một số điều của Luật Bảo hiểm y tế
bhyt,83649,18433,Căn cứ,True,False,False,Nghị quyết số 163/2014/NQ-HĐND Về việc hỗ trợ kinh phí để thực hiện lộ trình tiến tới bảo hiểm y tế toàn dân trên địa bàn tỉnh Vĩnh Phúc giai đoạn 2015 – 2020,
"bhyt,vien_phi",172863,170581,Căn cứ,True,False,False,"Nghị quyết số 140/2024/NQ-HĐND Quy định giá dịch vụ khám bệnh, chữa bệnh thuộc danh mục do Quỹ bảo hiểm y tế thanh toán; giá dịch vụ khám bệnh, chữa bệnh do ngân sách nhà nước thanh toán; giá dịch vụ khám bệnh, chữa bệnh không thuộc danh mục do Quỹ bảo hiểm y tế thanh toán mà không phải là dịch vụ khám bệnh, chữa bệnh theo yêu cầu cho các cơ sở khám bệnh, chữa bệnh của Nhà nước thuộc phạm quản lý của tỉnh Nam Định",
"bhyt,vien_phi",177421,176696,Căn cứ,True,False,False,"Nghị quyết số 05/2025/NQ-HĐND Bãi bỏ Nghị quyết số 54/2019/NQ-HĐND ngày 13/12/2019 của Hội đồng nhân dân tỉnh Bình Định quy định mức giá dịch vụ khám bệnh, chữa bệnh không thuộc phạm vi thanh toán của Quỹ bảo hiểm y tế trong các cơ sở khám bệnh, chữa bệnh của Nhà nước thuộc tỉnh Bình Định",
bhyt,100276,38036,Căn cứ,True,False,False,"Quyết định số 31/2015/QĐ-UBND Về việc bổ sung Điều 6 Quyết định số 25/2015/QĐ-UBND ngày 12 tháng 5 năm 2015 của Ủy ban nhân dân tỉnh quy định đăng ký khám bệnh, chữa bệnh ban đầu và chuyển tuyến khám bệnh, chữa bệnh bảo hiểm y tế trên địa bàn tỉnh Ninh Thuận",
"bhyt,vien_phi",185924,167565,Căn cứ,True,False,False,"Nghị quyết số 50/2025/NQ-HĐND Sửa đổi, bổ sung một số điều của Nghị quyết số 28/2024/NQ-HĐND ngày 31 tháng 12 năm 2024 của Hội đồng nhân dân tỉnh quy định giá dịch vụ khám bệnh, chữa bệnh do quỹ bảo hiểm y tế thanh toán; giá dịch vụ khám bệnh, chữa bệnh do ngân sách nhà nước thanh toán; giá dịch vụ khám bệnh, chữa bệnh không thuộc danh mục do quỹ bảo hiểm y tế thanh toán mà không phải là dịch vụ khám bệnh, chữa bệnh theo yêu cầu đối với các cơ sở khám bệnh, chữa bệnh của Nhà nước thuộc tỉnh Lạng Sơn quản lý",
bhyt,115952,30465,Căn cứ,True,False,False,"Quyết định số 57/2016/QĐ-UBND Về việc bãi bỏ Quyết định số 50/2015/QĐ-UBND ngày 12 tháng 8 năm 2015 của Ủy ban nhân dân tỉnh ban hành Quy định giải quyết thủ tục hành chính theo cơ chế một cửa thuộc lĩnh vực hộ tịch; một cửa liên thông thuộc lĩnh vực hộ tịch, cấp thẻ bảo hiểm y tế và đăng ký, quản lý cư trú tại Ủy ban nhân dân xã, phường, thị trấn trên địa bàn tỉnh Ninh Thuận",
bhyt,73977,11802,Dẫn chiếu,False,True,False,,Quyết định số 170/2008/QĐ-TTg Về chế độ bảo hiểm y tế và trợ cấp mai táng đối với thanh niên xung phong thời kỳ kháng chiến chống Pháp
bhyt,186050,12326,Căn cứ,True,False,False,Nghị quyết số 43/2025/NQ-HĐND Quy định mức hỗ trợ đóng bảo hiểm y tế cho các đối tượng được ngân sách nhà nước hỗ trợ mức đóng trên địa bàn tỉnh Đồng Tháp,
"bhyt,vien_phi",168588,115469,Căn cứ,True,False,False,"Nghị quyết số 26/2024/NQ-HĐND Quy định giá dịch vụ khám bệnh, chữa bệnh không thuộc danh mục do Quỹ bảo hiểm y tế thanh toán mà không phải là dịch vụ khám bệnh, chữa bệnh theo yêu cầu đối với các cơ sở khám bệnh, chữa bệnh của Nhà nước thuộc tỉnh Thanh Hóa quản lý",
bhyt,147940,139878,Căn cứ,True,False,False,"Quyết định số Số: 09/2021/QĐ-UBND Bãi bỏ Quyết định số 03/2016/QĐ-UBND ngày 28 tháng 3 năm 2016 của Uỷ ban nhân dân tỉnh ban hành Quy chế phối hợp thực hiện đăng ký khai sinh, đăng ký thường trú, cấp thẻ bảo hiểm y tế cho trẻ em dưới 6 tuổi trên địa bàn tỉnh Điện Biên",
bhyt,55070,14834,Căn cứ,True,False,False,"Quyết định số 53/2014/QĐ-UBND Ban hành Quy chế phối hợp trong việc thực hiện liên thông các thủ tục hành chính về đăng ký khai sinh, đăng ký thường trú, cấp thẻ bảo hiểm y tế cho trẻ em dưới 6 tuổi trên địa bàn tỉnh Hà Nam",
bhyt,184799,168686,Bãi bỏ,True,False,True,"Nghị quyết số 23/2025/NQ-HĐND Quy định mức hỗ trợ đóng bảo hiểm y tế đối với người thuộc hộ cận nghèo, người cao tuổi từ đủ 60 tuổi đến dưới 75 tuổi, người dân tộc thiểu số có khó khăn đặc thù trên địa bàn tỉnh Lào Cai",
bhyt,8063f9c0-8192-11f1-a7b4-31acaf5a5932,178340,Căn cứ,True,False,False,Nghị quyết số 25/2026/NQ-HĐND Quy định hỗ trợ mức đóng bảo hiểm y tế và hỗ trợ chi phí cùng chi trả đối với thuốc kháng vi rút HIV cho người nhiễm HIV/AIDS trên địa bàn tỉnh Hưng Yên giai đoạn 2026-2030,
bhyt,8063f9c0-8192-11f1-a7b4-31acaf5a5932,171156,Căn cứ,True,False,False,Nghị quyết số 25/2026/NQ-HĐND Quy định hỗ trợ mức đóng bảo hiểm y tế và hỗ trợ chi phí cùng chi trả đối với thuốc kháng vi rút HIV cho người nhiễm HIV/AIDS trên địa bàn tỉnh Hưng Yên giai đoạn 2026-2030,
"bhyt,vien_phi",173283,70800,Căn cứ,True,False,False,"Nghị quyết số 30/2024/NQ-HĐND Bãi bỏ Nghị quyết số 39/2023/NQ-HĐND ngày 08 tháng 12 năm 2023 của Hội đồng nhân dân Thành phố quy định giá dịch vụ khám bệnh, chữa bệnh không thuộc phạm vi thanh toán của Quỹ Bảo hiểm y tế trong các cơ sở khám bệnh, chữa bệnh của Nhà nước thuộc Thành phố Hồ Chí Minh quản lý và mức giá dịch vụ khám bệnh, chữa bệnh trong một số trường hợp",
bhyt,89019,12326,Căn cứ,True,False,False,"Quyết định 1204/QĐ-UBND năm 2013 điều chỉnh mục tiêu kế hoạch thực hiện bảo hiểm y tế toàn dân trên địa bàn thành phố Hồ Chí Minh, giai đoạn 2012-2015 và giai đoạn 2016-2010 kèm theo Quyết định 5063/QĐ-UBND",
bhyt,49482,20068,Căn cứ,True,False,False,"Quyết định số 104/2009/QĐ-UBND Về việc phân công, phân cấp quản lý mua, cấp phát thẻ bảo hiểm y tế cho các đối tượng được Ngân sách Nhà nước đảm bảo trên địa bàn tỉnh Nghệ An",
bhyt,118234,70819,Căn cứ,True,False,False,QUYẾT ĐỊNH SỐ 53/2016/QĐ-UBND QUY ĐỊNH MỨC HỖ TRỢ ĐÓNG BẢO HIỂM Y TẾ CHO NGƯỜI THUỘC HỘ GIA ĐÌNH CẬN NGHÈO TRÊN ĐỊA BÀN TỈNH NGHỆ AN GIAI ĐOẠN 2016-2020,
bhyt,184890,179711,Căn cứ,True,True,False,Nghị quyết số 35/2025/NQ-HĐND Quy định mức hỗ trợ kinh phí đóng bảo hiểm y tế cho một số đối tượng trên địa bàn tỉnh Gia Lai,Nghị định số 188/2025/NĐ-CP hướng dẫn Luật Bảo hiểm y tế
bhyt,79219,17855,Căn cứ,True,False,False,"Quyết định số 76/2014/QĐ-UBND Ban hành Quy định quản lý, cấp phát thẻ bảo hiểm y tế cho đối tượng Ngân sách nhà nước đảm bảo toàn bộ hoặc một phần kinh phí áp dụng trên địa bàn tỉnh Hà Tĩnh",
bhyt,29217,19261,Căn cứ,True,False,False,Quyết định số 77/2006/QĐ-UBND Về việc phê duyệt đối tượng mua Bảo hiểm y tế người nghèo tinh Lào Cai năm 2006,
bhyt,8619b9a0-5e55-11f1-8e5a-2929924511d6,132188,Căn cứ,True,False,False,"Nghị định 02/2025/NĐ-CP Sửa đổi, bổ sung một số điều của nghị định số 146/2018/NĐ-CP ngày 17 tháng 10 năm 2018 của chính phủ quy định chi tiết và hướng dẫn biện pháp thi hành luật bảo hiểm y tể, đã được sửa đổi, bổ sung một số điều tại nghị định số 75/2023/NĐ-CP ngày 19 tháng 10 năm 2023 của chính phủ",
bhyt,184454,143493,Bãi bỏ,True,False,True,"Nghị quyết số 56/2025/NQ-HĐND Quy định mức hỗ trợ đóng bảo hiểm y tế cho người cao tuổi, học sinh trên địa bàn Thành phố Hồ Chí Minh",
bhyt,184454,176696,Căn cứ,True,False,False,"Nghị quyết số 56/2025/NQ-HĐND Quy định mức hỗ trợ đóng bảo hiểm y tế cho người cao tuổi, học sinh trên địa bàn Thành phố Hồ Chí Minh",
bhyt,173743,168125,Căn cứ,True,False,False,"Nghị quyết số 118/2024/NQ-HĐND Bãi bỏ Nghị quyết số 32/2024/NQ-HĐND ngày 11 tháng 7 năm 2024 của Hội đồng nhân dân tỉnh quy định giá cụ thể dịch vụ khám bệnh, chữa bệnh không thuộc phạm vi thanh toán của Quỹ bảo hiểm y tế nhưng không phải là đối tượng khám chữa bệnh theo yêu cầu trong các cơ sở khám bệnh, chữa bệnh của Nhà nước trên địa bàn tỉnh Kon Tum",
bhyt,173743,70819,Căn cứ,True,False,False,"Nghị quyết số 118/2024/NQ-HĐND Bãi bỏ Nghị quyết số 32/2024/NQ-HĐND ngày 11 tháng 7 năm 2024 của Hội đồng nhân dân tỉnh quy định giá cụ thể dịch vụ khám bệnh, chữa bệnh không thuộc phạm vi thanh toán của Quỹ bảo hiểm y tế nhưng không phải là đối tượng khám chữa bệnh theo yêu cầu trong các cơ sở khám bệnh, chữa bệnh của Nhà nước trên địa bàn tỉnh Kon Tum",
bhyt,163811,119084,Căn cứ,True,False,False,Nghị quyết số 32/2023/NQ-HĐND Quy định hỗ trợ mức đóng bảo hiểm y tế cho hộ thoát nghèo và hộ thoát cận nghèo trên địa bàn tỉnh Cà Mau đến năm 2025,
bhyt,136555,119084,Căn cứ,True,False,False,"Nghị quyết số 166/2019/NQ-HĐND Quy định mức hỗ trợ đóng bảo hiểm y tế cho người thuộc hộ gia đình cận nghèo, người thuộc hộ gia đình nghèo đa chiều không thiếu hụt về bảo hiểm y tế trên địa bàn tỉnh Đồng Nai giai đoạn 2019 - 2020",
bhyt,81767,38018,Căn cứ,False,True,False,,Nghị định số 105/2014/NĐ-CP Quy định chi tiết và hướng dẫn thi hành một số điều của Luật Bảo hiểm y tế
bhyt,25987,14837,Căn cứ,True,False,False,"Quyết định số 87/2010/QĐ-TTg Về việc cho doanh nghiệp, người lao động thuộc Tập đoàn Công nghiệp tàu thủy Việt Nam và Tổng công ty Hàng hải Việt Nam vay để chi trả nợ tiền lương, nợ bảo hiểm xã hội, bảo hiểm y tế, bảo hiểm thất nghiệp, trợ cấp thôi việc, trợ cấp mất việc làm, tạo việc làm, học nghề",
bhyt,146838,166391,Căn cứ,True,False,False,"Quyết định số Số: 03/2021/QĐ-UBND Quy định mức hỗ trợ đóng bảo hiểm y tế cho người thuộc hộ gia đình cận nghèo, người thuộc hộ gia đình làm nông nghiệp, lâm nghiệp, ngư nghiệp có mức sống trung bình và học sinh, sinh viên trên địa bàn tỉnh Điện Biên",
bhyt,168904,172923,Văn bản quy định hết hiệu lực 1 phần,False,True,False,,Luật Bảo hiểm y tế sửa đổi 2024 số Luật số 51/2024/QH15
bhyt,73401,40940,Dẫn chiếu,False,True,False,,"Quyết định số 1111/QĐ-BHXH Về việc ban hành Quy định quản lý thu bảo hiểm xã hội, bảo hiểm y tế; quản lý sổ bảo hiểm xã hội, thẻ bảo hiểm y tế"
"bhyt,vien_phi",173935,168128,Căn cứ,True,False,False,"Nghị quyết số 29/2024/NQ-HĐND Bãi bỏ Nghị quyết số 15/2024/NQ-HĐND ngày 11 tháng 7 năm 2024 của Hội đồng nhân dân tỉnh Ninh Thuận quy định giá dịch vụ khám bệnh, chữa bệnh không thuộc phạm vi thanh toán của Quỹ bảo hiểm y tế trong các cơ sở khám bệnh, chữa bệnh của Nhà nước trên địa bàn tỉnh Ninh Thuận",
bhyt,171713,128250,Dẫn chiếu,True,False,False,"Thông tư 37/2024/TT-BYT quy định nguyên tắc, tiêu chí xây dựng, cập nhật, ghi thông tin, cấu trúc danh mục và hướng dẫn thanh toán đối với thuốc hóa dược, sinh phẩm, thuốc phóng xạ và chất đánh dấu thuộc phạm vi được hưởng của người tham gia bảo hiểm y tế do Bộ trưởng Bộ Y tế ban hành",
bhyt,146838,146344,Căn cứ,True,False,False,"Quyết định số Số: 03/2021/QĐ-UBND Quy định mức hỗ trợ đóng bảo hiểm y tế cho người thuộc hộ gia đình cận nghèo, người thuộc hộ gia đình làm nông nghiệp, lâm nghiệp, ngư nghiệp có mức sống trung bình và học sinh, sinh viên trên địa bàn tỉnh Điện Biên",
bhyt,173389,167220,Căn cứ,True,False,False,Nghị quyết số 42/2024/NQ-HĐND Về hỗ trợ chi phí mua thẻ bảo hiểm y tế cho người nhiễm HIV/AIDS và hỗ trợ chi phí cùng chi trả thuốc kháng vi rút HIV cho người nhiễm HIV/AIDS có thẻ bảo hiểm y tế trên địa bàn Thành phố Hồ Chí Minh,
bhyt,88138,65609,Căn cứ,True,False,False,"Quyết định 11862/QĐ-UBND năm 2014 bãi bỏ Quyết định 02/2013/QĐ-UBND về Quy chế thực hiện cơ chế một cửa liên thông nhóm thủ tục hành chính thuộc lĩnh vực hộ tịch, bảo hiểm y tế và đăng ký, quản lý cư trú trên địa bàn Quận Bình Tân, thành phố Hồ Chí Minh",
"bhyt,vien_phi",174245,70819,Căn cứ,True,False,False,"Nghị quyết số 26/2024/NQ-HĐND Bãi bỏ Nghị quyết số 04/2024/NQ-HĐND ngày 19 tháng 4 năm 2024 của Hội đồng nhân dân tỉnh An Giang quy định mức giá dịch vụ khám bệnh, chữa bệnh không thuộc phạm vi thanh toán của Quỹ bảo hiểm y tế mà không phải là đối tượng khám bệnh, chữa bệnh theo yêu cầu tạ",
bhyt,153738,153632,Căn cứ,True,False,False,"Nghị quyết số 03/2022/NQ-HĐND Quy định giá dịch vụ xét nghiệm SARS-CoV-2 (chưa bao gồm sinh phẩm xét nghiệm phản ứng) trong trường hợp không thuộc phạm vi thanh toán của Quỹ bảo hiểm y tế tại các cơ sở khám bệnh, chữa bệnh của Nhà nước trên địa bàn tỉnh",
bhyt,0682b030-84d3-11f1-8e08-0594f352574d,6fa2fd20-597e-11f1-add2-7717d93a2118,Căn cứ,True,False,False,Nghị quyết số 60/2026/NQ-HĐND Quy định mức hỗ trợ đóng bảo hiểm y tế trên địa bàn tỉnh Quảng Ngãi,
bhyt,0682b030-84d3-11f1-8e08-0594f352574d,139464,Thay thế,True,False,True,Nghị quyết số 60/2026/NQ-HĐND Quy định mức hỗ trợ đóng bảo hiểm y tế trên địa bàn tỉnh Quảng Ngãi,
bhyt,185767,179711,Dẫn chiếu,True,True,False,"Nghị quyết số 53/2025/NQ-HĐND Quy định chính sách hỗ trợ mức đóng bảo hiểm xã hội cho người tham gia bảo hiểm xã hội tự nguyện, bảo hiểm y tế trên địa bàn thành phố Huế giai đoạn 2026 - 2030",Nghị định số 188/2025/NĐ-CP hướng dẫn Luật Bảo hiểm y tế
"bhyt,vien_phi",184589,167199,Thay thế,True,False,True,"Nghị quyết số 68/2025/NQ-HĐND Quy định mức hỗ trợ đóng bảo hiểm y tế cho các đối tượng cao hơn mức hỗ trợ tối thiểu; đối tượng được hỗ trợ và mức hỗ trợ cùng chi trả chi phí khám bệnh, chữa bệnh bảo hiểm y tế cho người tham gia bảo hiểm y tế khi đi khám bệnh, chữa bệnh trên địa bàn tỉnh Lâm Đồng",
bhyt,179736,36793,Căn cứ,True,False,False,"Thông tư số 27/2025/TT-BYT quy định nguyên tắc, tiêu chí xây dựng, cập nhật, ghi thông tin, cấu trúc danh mục và hướng dẫn thanh toán đối với thuốc dược liệu, thuốc có kết hợp dược chất với các dược liệu, thuốc cổ truyền, dược liệu thuộc phạm vi được hưởng của người tham gia bảo hiểm y tế do Bộ trưởng Bộ Y tế ban hành",
bhyt,168803,147195,Căn cứ,True,False,False,Nghị quyết số 15/2024/NQ-HĐND Quy định chính sách hỗ trợ kinh phí đóng bảo hiểm y tế; chi phí cùng chi trả đối với thuốc kháng HIV cho người nhiễm HIV/AIDS có thẻ bảo hiểm y tế trên địa bàn tỉnh Nghệ An,
bhyt,184708,151649,Tạm ngưng hiệu lực,True,False,False,"Nghị quyết số 57/2025/NQ-HĐND Quy định chính sách hỗ trợ mức đóng bảo hiểm y tế cho các nhóm đối tượng xã hội đang thường trú trên địa bàn thành phố Hải Phòng, giai đoạn 2026 - 2030",
bhyt,185524,165362,Dẫn chiếu,True,True,False,"Nghị quyết số 818/2025/NQ-HĐND Quy định mức hỗ trợ từ ngân sách nhà nước đóng bảo hiểm y tế, bảo hiểm xã hội tự nguyện cho một số đối tượng trên địa bàn tỉnh Hưng Yên","Nghị quyết số 336/2022/NQ-HĐND Quy định mức hỗ trợ từ ngân sách nhà nước đóng bảo hiểm y tế cho người thuộc hộ gia đình nông nghiệp, ngư nghiệp có mức sống trung bình trên địa bàn tỉnh Hưng Yên giai đoạn 2023-2025"
bhyt,185524,172923,Căn cứ,True,True,False,"Nghị quyết số 818/2025/NQ-HĐND Quy định mức hỗ trợ từ ngân sách nhà nước đóng bảo hiểm y tế, bảo hiểm xã hội tự nguyện cho một số đối tượng trên địa bàn tỉnh Hưng Yên",Luật Bảo hiểm y tế sửa đổi 2024 số Luật số 51/2024/QH15
bhyt,155298,166391,Căn cứ,True,False,False,"Nghị quyết số 65/2022/NQ-HĐND Quy định mức giá dịch vụ xét nghiệm SARS-CoV-2 không thuộc phạm vi thanh toán của Quỹ bảo hiểm y tế (chưa bao gồm chi phí sinh phẩm xét nghiệm SARS-CoV-2) tại cơ sở khám bệnh, chữa bệnh của Nhà nước trên địa bàn tỉnh Hà Tĩnh",
bhyt,145237,36793,Căn cứ,True,False,False,Nghị quyết số 18/2020/NQ-HĐND Quy định mức hỗ trợ 30% mức đóng bảo hiểm y tế cho người thuộc hộ gia đình nghèo đa chiều và người thuộc hộ gia đình cận nghèo trên địa bàn tỉnh An Giang,
"bhyt,vien_phi",141544,137243,Căn cứ,True,False,False,"Nghị quyết số 18/2019/NQ-HĐND Quy định giá dịch vụ khám bệnh, chữa bệnh không thuộc phạm vi thanh toán của Quỹ bảo hiểm y tế tại các cơ sở khám bệnh, chữa bệnh của Nhà nước do địa phương quản lý",
bhyt,183011,183010,"Sửa đổi, bổ sung",True,True,False,"Nghị quyết số 26/2017/NQ-HĐND Về việc sửa đổi, bổ sung Khoản 3 Điều 1 của Nghị quyết số 31/2015/NQ-HĐND ngày 10/12/2015 của Hội đồng nhân dân tỉnh Ninh Bình về việc hỗ trợ kinh phí đóng bảo hiểm y tế cho một số đối tượng có hộ khẩu thường trú tại tỉnh Ninh Bình",Nghị quyết số 31/2015/NQ-HĐND Quy định mức hỗ trợ kinh phí đóng bảo hiểm y tế cho một số đối tượng có hộ khẩu thường trú tại tỉnh Ninh Bình
bhyt,165832,166391,Căn cứ,True,False,False,"Quyết định số 48/2023/QĐ-UBND Bãi bỏ Quyết định số 42/2016/QĐ-UBND ngày 28 tháng 10 năm 2016 của Ủy ban nhân dân Thành phố ban hành Quy chế thực hiện liên thông thủ tục hành chính về đăng ký khai sinh, đăng ký thường trú, cấp thẻ bảo hiểm y tế cho trẻ em dưới 06 tuổi và đăng ký khai tử, xóa đăng ký thường trú trên địa bàn Thành phố Hồ Chí Minh",
bhyt,156404,115469,Căn cứ,True,False,False,"Quyết định số 49/2022/QĐ-UBND Quy định mức giá dịch vụ xét nghiệm SARS-CoV-2 trong trường hợp không thuộc phạm vi thanh toán của Quỹ bảo hiểm y tế tại các cơ sở khám bệnh, chữa bệnh công lập thuộc tỉnh Ninh Thuận",
bhyt,185306,178717,Căn cứ,True,False,False,Nghị quyết số 75/2025/NQ-HĐND Quy định mức hỗ trợ đóng bảo hiểm y tế cho người bệnh phong tại Bệnh viện Bến Sắn; trẻ em và người có hoàn cảnh khó khăn trên địa bàn Thành phố Hồ Chí Minh,
"bhyt,vien_phi",173935,170583,Căn cứ,True,False,False,"Nghị quyết số 29/2024/NQ-HĐND Bãi bỏ Nghị quyết số 15/2024/NQ-HĐND ngày 11 tháng 7 năm 2024 của Hội đồng nhân dân tỉnh Ninh Thuận quy định giá dịch vụ khám bệnh, chữa bệnh không thuộc phạm vi thanh toán của Quỹ bảo hiểm y tế trong các cơ sở khám bệnh, chữa bệnh của Nhà nước trên địa bàn tỉnh Ninh Thuận",
"bhyt,vien_phi",142680,137243,Căn cứ,True,False,False,"Quyết định số 12/2020/QĐ-UBND Bãi bỏ Quyết định số 51/2017/QĐ-UBND ngày 21/8/2017 của UBND tỉnh Quảng Ngãi Quy định mức giá dịch vụ khám bệnh, chữa bệnh không thuộc phạm vi thanh toán của Quỹ bảo hiểm y tế trong các cơ sở khám bệnh, chữa bệnh của Nhà nước thuộc tỉnh Quảng Ngãi quản lý",
bhyt,155764,12326,Căn cứ,True,False,False,Nghị quyết số 07/2022/NQ-HĐND Về việc quy định mức hỗ trợ kinh phí mua thẻ bảo hiểm y tế cho người thuộc hộ cận nghèo trên địa bàn tỉnh Khánh Hòa giai đoạn 2022-2025,
bhyt,11735,40940,"Văn bản HD, QĐ chi tiết",False,True,False,,"Quyết định số 1111/QĐ-BHXH Về việc ban hành Quy định quản lý thu bảo hiểm xã hội, bảo hiểm y tế; quản lý sổ bảo hiểm xã hội, thẻ bảo hiểm y tế"
bhyt,170583,171885,Văn bản bổ sung,False,True,False,,"Thông tư 39/2024/TT-BYT sửa đổi Thông tư 35/2016/TT-BYT về Danh mục và tỷ lệ, điều kiện thanh toán đối với dịch vụ kỹ thuật y tế thuộc phạm vi được hưởng của người tham gia bảo hiểm y tế do Bộ trưởng Bộ Y tế ban hành"
"bhyt,vien_phi",173343,168128,Căn cứ,True,False,False,"Nghị quyết số 30/2024/NQ-HĐND Bãi bỏ Nghị quyết số 16/2019/NQ-HĐND ngày 04 tháng 10 năm 2019 của Hội đồng nhân dân tỉnh Hậu Giang quy định mức giá dịch vụ khám bệnh, chữa bệnh không thuộc phạm vi thanh toán của quỹ bảo hiểm y tế trong các cơ sở khám bệnh, chữa bệnh của Nhà nước trên địa bàn tỉnh Hậu Giang",
"bhyt,vien_phi",172978,168128,Căn cứ,True,False,False,"Nghị quyết số 111/2024/NQ-HĐND Bãi bỏ Nghị quyết số 78/2024/NQ-HĐND ngày 10 tháng 7 năm 2024 của Hội đồng nhân dân tỉnh Gia Lai quy định giá dịch vụ khám bệnh, chữa bệnh không thuộc phạm vi thanh toán của Quỹ Bảo hiểm y tế nhưng không phải là dịch vụ khám bệnh, chữa bệnh theo yêu cầu trong các cơ sở khám bệnh, chữa bệnh của Nhà nước thuộc tỉnh Gia Lai quản lý",
bhyt,168803,135466,Căn cứ,True,True,False,Nghị quyết số 15/2024/NQ-HĐND Quy định chính sách hỗ trợ kinh phí đóng bảo hiểm y tế; chi phí cùng chi trả đối với thuốc kháng HIV cho người nhiễm HIV/AIDS có thẻ bảo hiểm y tế trên địa bàn tỉnh Nghệ An,"Thông tư số 27/2018/TT-BYT Hướng dẫn thực hiện bảo hiểm y tế và khám bệnh, chữa bệnh liên quan đến HIV/AIDS"
bhyt,149120,70819,Căn cứ,True,False,False,"Quyết định số 27/2021/QĐ-UBND Bãi bỏ Quyết định số 46/2014/QĐ-UBND ngày 26 tháng 11 năm 2014 của Ủy ban nhân dân tỉnh về việc ban hành Quy chế thực hiện liên thông nhóm thủ tục hành chính thuộc lĩnh vực hộ tịch, bảo hiểm y tế và đăng ký, quản lý cư trú cho trẻ em dưới 6 tuổi của tỉnh Phú Yên",
bhyt,153839,25170,Căn cứ,True,False,False,Nghị quyết số 113/2022/NQ-UBND Quy định mức giá dịch vụ xét nghiệm SARS-CoV-2 không thuộc phạm vi thanh toán của Quỹ bảo hiểm y tế trên địa bàn tỉnh Hòa Bình,
bhyt,171713,132227,Dẫn chiếu,True,False,False,"Thông tư 37/2024/TT-BYT quy định nguyên tắc, tiêu chí xây dựng, cập nhật, ghi thông tin, cấu trúc danh mục và hướng dẫn thanh toán đối với thuốc hóa dược, sinh phẩm, thuốc phóng xạ và chất đánh dấu thuộc phạm vi được hưởng của người tham gia bảo hiểm y tế do Bộ trưởng Bộ Y tế ban hành",
bhyt,139461,27367,Căn cứ,True,False,False,Quyết định số 39/2019/QĐ-UBND Bãi bỏ Quyết định số 52/2003/QĐ-UB ngày 09 tháng 6 năm 2003của Uỷ ban nhân dân tỉnh và Quyết định số 53/2003/QĐ-UB ngày 10 tháng 6 năm 2003 của Uỷ ban nhân dân tỉnh,
bhyt,127243,36793,Căn cứ,True,False,False,"Quyết định số 52/2017/QĐ-UBND Sửa đổi, bổ sung Quyết định số 52/2016/QĐ-UBND ngày 21/12/2016 của UBND tỉnh về việc hỗ trợ kinh phí đóng bảo hiểm y tế giai đoạn 2017-2020",
bhyt,40940,24584,"Quy định chi tiết, hướng dẫn thi hành",True,False,False,"Quyết định số 1111/QĐ-BHXH Về việc ban hành Quy định quản lý thu bảo hiểm xã hội, bảo hiểm y tế; quản lý sổ bảo hiểm xã hội, thẻ bảo hiểm y tế",
bhyt,184708,172198,Tạm ngưng hiệu lực,True,False,False,"Nghị quyết số 57/2025/NQ-HĐND Quy định chính sách hỗ trợ mức đóng bảo hiểm y tế cho các nhóm đối tượng xã hội đang thường trú trên địa bàn thành phố Hải Phòng, giai đoạn 2026 - 2030",
"bhyt,vien_phi",173906,170583,Căn cứ,True,False,False,"Nghị quyết số 24/2024/NQ-HĐND Bãi bỏ Nghị quyết số 280/2019/NQ-HĐND ngày 08/10/2019 của Hội đồng nhân dân Tỉnh về việc ban hành bảng giá dịch vụ khám bệnh, chữa bệnh không thuộc phạm vi thanh toán của quỹ bảo hiểm y tế trong các cơ sở khám bệnh, chữa bệnh của nhà nước trên địa bàn tỉnh Đồng Tháp",
bhyt,152409,70807,Căn cứ,True,False,False,Nghị quyết số 15/2021/NQ-HĐND Về việc hỗ trợ kinh phí đóng bảo hiểm y tế đối với trẻ em có hoàn cảnh khó khăn đang được nuôi dưỡng tại các cơ sở bảo trợ xã hội ngoài công lập trên địa bàn tỉnh Kiên Giang,
bhyt,17873,22843,Căn cứ,True,False,False,Quyết định số 196/2005/QĐ-TTg Về việc thành lập Vụ Bảo hiểm y tế thuộc Bộ Y tế,
bhyt,179797,32801,Căn cứ,True,False,False,Văn bản hợp nhất số 04/VBHN-BYT Quy định chi tiết và hướng dẫn biện pháp thi hành một số điều của luật bảo hiểm y tế,
bhyt,133877,116689,Căn cứ,True,False,False,Quyết định số 33/2018/QĐ-UBND Phân cấp thẩm quyền cấp mới thẻ Bảo hiểm y tế và trợ cấp tiền mai táng phí đối với người tham gia kháng chiến thuộc phạm vi quản lý của tỉnh Ninh Bình,
bhyt,36793,38018,"Văn bản HD, QĐ chi tiết",False,True,False,,Nghị định số 105/2014/NĐ-CP Quy định chi tiết và hướng dẫn thi hành một số điều của Luật Bảo hiểm y tế
bhyt,180170,166456,Căn cứ,True,False,False,"Nghị quyết số 08/2025/NQ-HĐND Quy định chính sách hỗ trợ thêm mức đóng bảo hiểm y tế cho một số đối tượng trên địa bàn tỉnh Nghệ An, giai đoạn 2026 – 2030",
bhyt,67295,14834,Căn cứ,True,False,False,"Thông tư liên tịch số 05/2015/TTLT-BTP-BCA-BYT Hướng dẫn thực hiện liên thông các thủ tục hành chính về đăng ký khai sinh, đăng ký thường trú, cấp thẻ bảo hiểm y tế cho trẻ em dưới 6 tuổi",
bhyt,179711,153631,Dẫn chiếu,True,False,False,Nghị định số 188/2025/NĐ-CP hướng dẫn Luật Bảo hiểm y tế,
"bhyt,vien_phi",172863,70819,Căn cứ,True,False,False,"Nghị quyết số 140/2024/NQ-HĐND Quy định giá dịch vụ khám bệnh, chữa bệnh thuộc danh mục do Quỹ bảo hiểm y tế thanh toán; giá dịch vụ khám bệnh, chữa bệnh do ngân sách nhà nước thanh toán; giá dịch vụ khám bệnh, chữa bệnh không thuộc danh mục do Quỹ bảo hiểm y tế thanh toán mà không phải là dịch vụ khám bệnh, chữa bệnh theo yêu cầu cho các cơ sở khám bệnh, chữa bệnh của Nhà nước thuộc phạm quản lý của tỉnh Nam Định",
bhyt,74259,25702,Căn cứ,True,False,False,"Quyết định số 16/2013/QĐ-UBND Về việc sửa đổi, bổ sung điểm c, khoản 2, Điều 1 Quy định phân cấp quản lý mua, cấp phát thẻ bảo hiểm y tế cho các đối tượng được ngân sách nhà nước đảm bảo trên địa bàn tỉnh Hòa Bình ban hành kèm theo Quyết định số 14/2012/QĐ-UBND ngày 19 tháng 9 năm 2012 của UBND tỉnh Hòa Bình",
bhyt,167234,139878,Căn cứ,True,False,False,"Nghị quyết số 05/2024/NQ-HĐND Sửa đổi khoản 1 Điều 1 Nghị quyết số 19/2022/NQ-HĐND ngày 09 tháng 12 năm 2022 của Hội đồng nhân dân tỉnh quy định mức hỗ trợ đóng bảo hiểm y tế cho người có uy tín trong đồng bào dân tộc thiểu số không thuộc đối tượng đã được ngân sách nhà nước đóng và hỗ trợ mức đóng bảo hiểm y tế trên địa bàn tỉnh Trà Vinh, giai đoạn 2023 - 2025",
bhyt,184731,172923,Căn cứ,True,True,False,Nghị quyết số 23/2025/NQ-HĐND Về việc quy định mức hỗ trợ đóng bảo hiểm y tế cho các đối tượng không được hưởng mức hỗ trợ từ ngân sách nhà nước đối với Thanh niên thi hành nghĩa vụ Kinh tế - Quốc phòng của tỉnh Tây Ninh và Đoàn xây dựng kinh tế Thanh niên trên địa bàn tỉnh Tây Ninh,Luật Bảo hiểm y tế sửa đổi 2024 số Luật số 51/2024/QH15
bhyt,184454,176730,Căn cứ,True,False,False,"Nghị quyết số 56/2025/NQ-HĐND Quy định mức hỗ trợ đóng bảo hiểm y tế cho người cao tuổi, học sinh trên địa bàn Thành phố Hồ Chí Minh",
"bhyt,vien_phi",172678,168125,Căn cứ,True,False,False,"Nghị quyết số 23/2024/NQ-HĐND Bãi bỏ toàn bộ Nghị quyết số 16/2022/NQ-HĐND ngày 09/12/2022 của Hội đồng nhân dân thành phố quy định mức giá dịch vụ khám bệnh, chữa bệnh không thuộc phạm vi thanh toán của Quỹ bảo hiểm y tế trong các cơ sở khám bệnh, chữa bệnh của Nhà nước thuộc thành phố Hải Phòng",
bhyt,154152,70819,Căn cứ,True,False,False,Nghị quyết số 04/2022/NQ-HĐND Quy định giá dịch vụ xét nghiệm SARS-CoV-2 không thuộc phạm vi thanh toán của Quỹ Bảo hiểm y tế áp dụng cho các cơ sở y tế công lập thuộc tỉnh Phú Thọ quản lý,
bhyt,152409,70800,Căn cứ,True,False,False,Nghị quyết số 15/2021/NQ-HĐND Về việc hỗ trợ kinh phí đóng bảo hiểm y tế đối với trẻ em có hoàn cảnh khó khăn đang được nuôi dưỡng tại các cơ sở bảo trợ xã hội ngoài công lập trên địa bàn tỉnh Kiên Giang,
bhyt,125855,70800,Căn cứ,True,False,False,Nghị quyết số 35/2017/NQ-HĐND Hỗ trợ kinh phí 30% mệnh giá mua thẻ bảo hiểm y tế cho người thuộc hộ cận nghèo trên địa bàn tỉnh Trà Vinh từ năm 2017 đến năm 2020,
bhyt,28013,20996,"Quy định chi tiết, hướng dẫn thi hành",True,False,False,Thông tư số 178/2012/TT-BTC Hướng dẫn kế toán áp dụng cho Bảo hiểm xã hội Việt Nam,
bhyt,174989,166391,Căn cứ,True,False,False,Nghị quyết số 01/2025/NQ-HĐND Quy định mức hỗ trợ bảo hiểm y tế cho người dân tộc thiểu số đang sinh sống tại khu vực biên giới trên địa bàn tỉnh Kiên Giang,
"bhyt,vien_phi",173084,168556,Bãi bỏ,True,False,True,"Nghị quyết số 17/2024/NQ-HĐND Bãi bỏ Nghị quyết số 08/2024/NQ-HĐND ngày 04 tháng 7 năm 2024 của Hội đồng nhân dân tỉnh Quy định mức giá dịch vụ khám bệnh, chữa bệnh không thuộc phạm vi thanh toán của Quỹ Bảo hiểm y tế mà không phải là dịch vụ khám bệnh, chữa bệnh theo yêu cầu trong các cơ sở khám bệnh, chữa bệnh của nhà nước thuộc tỉnh Tuyên Quang quản lý",
"bhyt,vien_phi",142680,115469,Căn cứ,True,False,False,"Quyết định số 12/2020/QĐ-UBND Bãi bỏ Quyết định số 51/2017/QĐ-UBND ngày 21/8/2017 của UBND tỉnh Quảng Ngãi Quy định mức giá dịch vụ khám bệnh, chữa bệnh không thuộc phạm vi thanh toán của Quỹ bảo hiểm y tế trong các cơ sở khám bệnh, chữa bệnh của Nhà nước thuộc tỉnh Quảng Ngãi quản lý",
bhyt,154152,153632,"Quy định chi tiết, hướng dẫn thi hành",True,False,False,Nghị quyết số 04/2022/NQ-HĐND Quy định giá dịch vụ xét nghiệm SARS-CoV-2 không thuộc phạm vi thanh toán của Quỹ Bảo hiểm y tế áp dụng cho các cơ sở y tế công lập thuộc tỉnh Phú Thọ quản lý,
bhyt,136623,135466,Căn cứ,True,True,False,Nghị quyết số 83/2019/NQ-HĐND Hỗ trợ kinh phí mua thẻ bảo hiểm y tế cho người nhiễm HIV/AIDS và kinh phí cùng chi trả thuốc kháng vi-rút HIV (ARV) cho người nhiễm HIV/AIDS có thẻ bảo hiểm y tế trên địa bàn tỉnh Trà Vinh giai đoạn 2019 - 2020,"Thông tư số 27/2018/TT-BYT Hướng dẫn thực hiện bảo hiểm y tế và khám bệnh, chữa bệnh liên quan đến HIV/AIDS"
"bhyt,vien_phi",179585,123256,Căn cứ,True,False,False,"Thông tư số 22/2021/TT-BYT của Bộ Y tế về quy định ngưng hiệu lực Thông tư 04/2021/TT-BYT ngày 29/4/2021 của Bộ trưởng Bộ Y tế hướng dẫn thanh toán chi phí khám bệnh, chữa bệnh bảo hiểm y tế theo định suất",
bhyt,147940,70800,Căn cứ,True,False,False,"Quyết định số Số: 09/2021/QĐ-UBND Bãi bỏ Quyết định số 03/2016/QĐ-UBND ngày 28 tháng 3 năm 2016 của Uỷ ban nhân dân tỉnh ban hành Quy chế phối hợp thực hiện đăng ký khai sinh, đăng ký thường trú, cấp thẻ bảo hiểm y tế cho trẻ em dưới 6 tuổi trên địa bàn tỉnh Điện Biên",
bhyt,131826,114477,Bãi bỏ,True,False,True,"Quyết định số 24/2018/QĐ-UBND Bãi bỏ Quyết định số 21/2016/QĐ-UBND ngày 19/7/2016 của Ủy ban nhân dân tỉnh về việc ban hành quy định giá thu một số dịch vụ y tế không thuộc phạm vi thanh toán của Quỹ bảo hiểm y tế và đối với người bệnh không có thẻ bảo hiểm y tế tại các cơ sở khám bệnh, chữa bệnh công lập trên địa bàn tỉnh Bình Thuận.",
bhyt,127519,76703,"Quy định chi tiết, hướng dẫn thi hành",True,False,False,Quyết định số Số: 10/2018/QĐ-UBND Quy định mức hỗ trợ đóng bảo hiểm y tế cho người thuộc hộ gia đình nghèo đa chiều thiếu hụt dịch vụ xã hội cơ bản khác (không bị thiếu hụt bảo hiểm y tế) trên địa bàn tỉnh Điện Biên,
bhyt,34367,35490,Văn bản căn cứ,True,False,False,Quyết định số 1231/QĐ-TCCQ Về việc thành lập Hội đồng quản trị Bảo hiểm y tế thành phố Hải Phòng,
bhyt,38018,104348,"Văn bản HD, QĐ chi tiết",True,False,False,Nghị định số 105/2014/NĐ-CP Quy định chi tiết và hướng dẫn thi hành một số điều của Luật Bảo hiểm y tế,
"bhyt,vien_phi",141832,27863,Căn cứ,True,False,False,"Quyết định số 10/2020/QĐ-UBND Bãi bỏ Quyết định số 74/2017/QĐ-UBND ngày 01 tháng 9 năm 2017 của Ủy ban nhân dân tỉnh về việc quy định mức giá dịch vụ khám bệnh, chữa bệnh không thuộc phạm vi thanh toán của Quỹ bảo hiểm y tế tại các cơ sở y tế công lập thuộc tỉnh Thừa Thiên Huế",
bhyt,185035,179711,Căn cứ,False,True,False,,Nghị định số 188/2025/NĐ-CP hướng dẫn Luật Bảo hiểm y tế
bhyt,145559,132188,Căn cứ,True,False,False,Nghị quyết số 332/2020/NQ-HĐND Quy định mức hỗ trợ từ ngân sách nhà nước đóng bảo hiểm y tế cho một số đối tượng trên địa bàn tỉnh Hưng Yên giai đoạn 2021 - 2025,
bhyt,132733,18129,Căn cứ,True,False,False,"Nghị quyết số 35/2018/NQ-HĐND về thực hiện chế độ lương và hỗ trợ bảo hiểm xã hội, bảo hiểm y tế , bảo hiểm thất nghiệp đối với lao động hợp đồng vị trí nấu ăn trong các trường mầm non công lập tỉnh Quảng trị",
bhyt,179736,152960,"Quy định chi tiết, hướng dẫn thi hành",True,False,False,"Thông tư số 27/2025/TT-BYT quy định nguyên tắc, tiêu chí xây dựng, cập nhật, ghi thông tin, cấu trúc danh mục và hướng dẫn thanh toán đối với thuốc dược liệu, thuốc có kết hợp dược chất với các dược liệu, thuốc cổ truyền, dược liệu thuộc phạm vi được hưởng của người tham gia bảo hiểm y tế do Bộ trưởng Bộ Y tế ban hành",
bhyt,86158,38018,"Quy định chi tiết, hướng dẫn thi hành",False,True,False,,Nghị định số 105/2014/NĐ-CP Quy định chi tiết và hướng dẫn thi hành một số điều của Luật Bảo hiểm y tế
bhyt,133816,70819,Căn cứ,True,False,False,"Quyết định số 36/2018/QĐ-UBND Bãi bỏ Quyết định số 479/2011/QĐ-UBND ngày 27 tháng 12 năm 2011 của UBND tỉnh ban hành Quy định đối tượng, chế độ và trình tự, thủ tục hồ sơ hưởng trợ cấp đối với Dân quân tự vệ chưa tham gia bảo hiểm y tế, bảo hiểm xã hội bắt buộc bị ốm, bị chết, bị tai nạn trong khi làm nhiệm vụ",
bhyt,62210,91087,Văn bản bổ sung,False,True,False,,"Quyết định 55/2010/QĐ-UBND bãi bỏ thủ tục hành chính áp dụng tại Ủy ban nhân dân quận, huyện, phường, xã, thị trấn trên địa bàn thành phố Hồ Chí Minh trong các lĩnh vực lao động - tiền lương - tiền công, việc làm, bảo hiểm y tế, bảo vệ và chăm sóc trẻ em, bảo trợ xã hội do Ủy ban nhân dân thành phố Hồ Chí Minh ban hành"
bhyt,74259,25023,Dẫn chiếu,True,False,False,"Quyết định số 16/2013/QĐ-UBND Về việc sửa đổi, bổ sung điểm c, khoản 2, Điều 1 Quy định phân cấp quản lý mua, cấp phát thẻ bảo hiểm y tế cho các đối tượng được ngân sách nhà nước đảm bảo trên địa bàn tỉnh Hòa Bình ban hành kèm theo Quyết định số 14/2012/QĐ-UBND ngày 19 tháng 9 năm 2012 của UBND tỉnh Hòa Bình",
"bhyt,vien_phi",141428,137200,Căn cứ,True,False,False,"Nghị quyết số 08/2019/NQ-HĐND Quy định giá dịch vụ khám bệnh, chữa bệnh không thuộc phạm vi thanh toán của Quỹ bảo hiểm y tế tại các cơ sở khám bệnh, chữa bệnh của Nhà nước do địa phương quản lý",
"bhyt,vien_phi",141428,70819,Căn cứ,True,False,False,"Nghị quyết số 08/2019/NQ-HĐND Quy định giá dịch vụ khám bệnh, chữa bệnh không thuộc phạm vi thanh toán của Quỹ bảo hiểm y tế tại các cơ sở khám bệnh, chữa bệnh của Nhà nước do địa phương quản lý",
bhyt,adaf8d40-656d-11f1-8206-1dc2862f9f8d,8619b9a0-5e55-11f1-8e5a-2929924511d6,Căn cứ,False,True,False,,"Nghị định 02/2025/NĐ-CP Sửa đổi, bổ sung một số điều của nghị định số 146/2018/NĐ-CP ngày 17 tháng 10 năm 2018 của chính phủ quy định chi tiết và hướng dẫn biện pháp thi hành luật bảo hiểm y tể, đã được sửa đổi, bổ sung một số điều tại nghị định số 75/2023/NĐ-CP ngày 19 tháng 10 năm 2023 của chính phủ"
bhyt,179736,129483,"Quy định chi tiết, hướng dẫn thi hành",True,False,False,"Thông tư số 27/2025/TT-BYT quy định nguyên tắc, tiêu chí xây dựng, cập nhật, ghi thông tin, cấu trúc danh mục và hướng dẫn thanh toán đối với thuốc dược liệu, thuốc có kết hợp dược chất với các dược liệu, thuốc cổ truyền, dược liệu thuộc phạm vi được hưởng của người tham gia bảo hiểm y tế do Bộ trưởng Bộ Y tế ban hành",
"bhyt,vien_phi",157394,103581,Căn cứ,True,False,False,"Quyết định số 27/2020/QĐ-UBND Quy định giá dịch vụ khám bệnh, chữa bệnh không thuộc phạm vi thanh toán của Quỹ bảo hiểm y tế trong các cơ sở khám bệnh, chữa bệnh của Nhà nước trên địa bàn tỉnh Ninh Thuận",
vien_phi,65855,36169,Văn bản căn cứ,True,False,False,Quyết định số 2758/QĐ-UBND V/v bổ sung danh mục và mức giá thu một phần viện phí Đo mật độ xương tại các cơ sở khám chữa bênh trên đia bàn tỉnh,
bhyt,186050,172923,Căn cứ,True,True,False,Nghị quyết số 43/2025/NQ-HĐND Quy định mức hỗ trợ đóng bảo hiểm y tế cho các đối tượng được ngân sách nhà nước hỗ trợ mức đóng trên địa bàn tỉnh Đồng Tháp,Luật Bảo hiểm y tế sửa đổi 2024 số Luật số 51/2024/QH15
bhyt,173380,36793,Căn cứ,True,False,False,"Nghị quyết số 20/2024/NQ-HĐND Về việc quy định mức hỗ trợ đóng bảo hiểm y tế cho người dân tộc thiểu số tại các thôn, tổ dân phố, xã không thuộc vùng có điều kiện kinh tế - xã hội khó khăn, đặc biệt khó khăn trên địa bàn tỉnh Khánh Hòa",
bhyt,267ffff0-6647-11f1-b01e-8bc328b4d0e9,184122,Bãi bỏ,True,False,True,Nghị quyết số 14/2026/NQ-HĐND Nghị quyết quy định chính sách hỗ trợ an sinh xã hội cho người dân thủ đô,
"bhyt,vien_phi",184589,158310,Thay thế,True,False,True,"Nghị quyết số 68/2025/NQ-HĐND Quy định mức hỗ trợ đóng bảo hiểm y tế cho các đối tượng cao hơn mức hỗ trợ tối thiểu; đối tượng được hỗ trợ và mức hỗ trợ cùng chi trả chi phí khám bệnh, chữa bệnh bảo hiểm y tế cho người tham gia bảo hiểm y tế khi đi khám bệnh, chữa bệnh trên địa bàn tỉnh Lâm Đồng",
bhyt,177832,36793,Căn cứ,True,False,False,"Thông tư số 99/2024/TT-BCA Quy định đăng ký khám bệnh, chữa bệnh bảo hiểm y tế ban đầu và chuyển người bệnh giữa các cơ sở khám bệnh, chữa bệnh thuộc Bộ Công an",
bhyt,135466,132188,Căn cứ,True,False,False,"Thông tư số 27/2018/TT-BYT Hướng dẫn thực hiện bảo hiểm y tế và khám bệnh, chữa bệnh liên quan đến HIV/AIDS",
"bhyt,vien_phi",126175,70819,Căn cứ,True,False,False,"Quyết định số 23/2017/QĐ-UBND Triển khai thực hiện Nghị quyết số 08/2017/NQ-HĐND Ngày 14 tháng 7 năm 2017 của Hội đồng nhân dân tỉnh Bạc Liêu về việc quy định mức giá dịch vụ khám bệnh, chữa bệnh không thuộc phạm vi thanh toán của Quỹ bảo hiểm y tế trong các cơ sở khám bệnh, chữa bệnh của Nhà nước trên địa bàn tỉnh Bạc Liêu",
bhyt,121610,70800,Căn cứ,True,False,False,Quyết định số 06/2017/QĐ-UBND Quy định mức hỗ trợ đóng bảo hiểm y tế cho người thuộc hộ gia đình cận nghèo trên địa bàn tỉnh Ninh Thuận năm 2017,
bhyt,185037,140237,Thay thế,True,False,True,"Nghị quyết số 57/2025/NQ-HĐND Quy định chính sách hỗ trợ mức đóng bảo hiểm y tế cho các nhóm đối tượng xã hội đang thường trú trên địa bàn thành phố Hải Phòng, giai đoạn 2026 - 2030",
bhyt,0682b030-84d3-11f1-8e08-0594f352574d,71383,Căn cứ,True,False,False,Nghị quyết số 60/2026/NQ-HĐND Quy định mức hỗ trợ đóng bảo hiểm y tế trên địa bàn tỉnh Quảng Ngãi,
bhyt,83c773d0-64b9-11f1-9b44-bbe6b0239ff6,178717,Căn cứ,True,False,False,Nghị quyết số 08/2026/NQ-HĐND Quy định mức hỗ trợ đóng bảo hiểm y tế cho người có uy tín trong đồng bào dân tộc thiểu số không thuộc đối tượng đã được ngân sách nhà nước đóng và hỗ trợ đóng bảo hiểm y tế trên địa bàn tỉnh An Giang,
bhyt,185524,179427,Căn cứ,True,False,False,"Nghị quyết số 818/2025/NQ-HĐND Quy định mức hỗ trợ từ ngân sách nhà nước đóng bảo hiểm y tế, bảo hiểm xã hội tự nguyện cho một số đối tượng trên địa bàn tỉnh Hưng Yên",
bhyt,184731,36793,Căn cứ,True,False,False,Nghị quyết số 23/2025/NQ-HĐND Về việc quy định mức hỗ trợ đóng bảo hiểm y tế cho các đối tượng không được hưởng mức hỗ trợ từ ngân sách nhà nước đối với Thanh niên thi hành nghĩa vụ Kinh tế - Quốc phòng của tỉnh Tây Ninh và Đoàn xây dựng kinh tế Thanh niên trên địa bàn tỉnh Tây Ninh,
"bhyt,vien_phi",173517,166391,Căn cứ,True,False,False,"Nghị quyết số 83/2024/NQ-HĐND Bãi bỏ Nghị quyết số 25/2024/NQ-HĐND ngày 17 tháng 7 năm 2024 của Hội đồng nhân dân tỉnh Lai Châu Quy định giá dịch vụ khám bệnh, chữa bệnh không thuộc phạm vi thanh toán của Quỹ bảo hiểm y tế trong các cơ sở khám bệnh, chữa bệnh của nhà nước thuộc tỉnh Lai Châu quản lý",
"bhyt,vien_phi",27f12c90-58e8-11f1-a671-8bd8cc508176,168125,Căn cứ,True,False,False,"Thông tư 12/2026/TT-BTC Quy định trình tự, thủ tục giám định chi phí khám bệnh, chữa bệnh bảo hiểm y tế, biểu mẫu tổng hợp thanh toán, quyết toán và biện pháp thi hành Nghị định số 188/2025/NĐ-CP ngày 01 tháng 7 năm 2025 của Chính phủ quy định chi tiết và hướng dẫn thi hành một số điều của Luật Bảo hiểm y tế",
bhyt,123510,12326,Căn cứ,True,False,False,Nghị quyết số 68/2017/NQ-HĐND Quy định mức hỗ trợ kinh phí đóng bảo hiểm y tế và chi phí cùng chi trả sử dụng thuốc kháng vi rút HIV đối với người nhiễm HIV/AIDS trên địa bàn tỉnh Điện Biên,
bhyt,54850,46744,Căn cứ,True,False,False,"Quyết định số 08/2015/QĐ-TTg Thí điểm về giao dịch điện tử trong việc thực hiện thủ tục tham gia bảo hiểm xã hội, bảo hiểm y tế, bảo hiểm thất nghiệp và đề nghị cấp sổ bảo hiểm xã hội, thẻ bảo hiểm y tế",
bhyt,84439,24549,Căn cứ,True,False,False,"Quyết định số 30/2014/QĐ-UBND Ban hành quy định việc quản lý, cấp phát thẻ Bảo hiểm y tế cho các đối tượng được ngân sách Nhà nước đóng, hỗ trợ tiền đóng Bảo hiểm y tế trên địa bàn tỉnh Bình Thuận",
bhyt,184970,12326,Căn cứ,True,False,False,Nghị quyết số 29/2025/NQ-HĐND Quy định mức hỗ trợ đóng bảo hiểm y tế cho một số đối tượng tham gia bảo hiểm y tế trên địa bàn tỉnh Cao Bằng giai đoạn 2026 - 2030,
bhyt,156562,151168,Căn cứ,True,False,False,Nghị quyết số 13/2022/NQ-HĐND Về việc Quy định giá dịch vụ xét nghiệm SARS-CoV-2 không thuộc phạm vi thanh toán của Quỹ bảo hiểm y tế tại các cơ sở y tế của Nhà nước thuộc tỉnh Thừa Thiên Huế,
bhyt,145559,139879,Căn cứ,True,False,False,Nghị quyết số 332/2020/NQ-HĐND Quy định mức hỗ trợ từ ngân sách nhà nước đóng bảo hiểm y tế cho một số đối tượng trên địa bàn tỉnh Hưng Yên giai đoạn 2021 - 2025,
bhyt,40977,12326,"Quy định chi tiết, hướng dẫn thi hành",True,False,False,"Quyết định số 82/QĐ-BHXH Ban hành quy định về tổ chức thực hiện hợp đồng khám chữa bệnh, giám định chi trả chi phí khám, chữa bệnh, quản lý và sử dụng quỹ bảo hiểm ý tế",
"bhyt,vien_phi",173463,139812,Bãi bỏ,True,False,True,"Nghị quyết số 13/2024/NQ-HĐND Về việc Bãi bỏ các Nghị quyết của Hội đồng nhân dân tỉnh quy định giá dịch vụ khám bệnh, chữa bệnh không thuộc phạm vi thanh toán của Quỹ bảo hiểm y tế trong các cơ sở khám bệnh, chữa bệnh của Nhà nước trên địa bàn tỉnh Bắc Ninh",
bhyt,29217,17940,Căn cứ,True,False,False,Quyết định số 77/2006/QĐ-UBND Về việc phê duyệt đối tượng mua Bảo hiểm y tế người nghèo tinh Lào Cai năm 2006,
"bhyt,vien_phi",174525,139878,Căn cứ,True,False,False,"Nghị quyết số 47/2024/NQ-HĐND Bãi bỏ Nghị quyết số 26/2024/NQ-HĐND ngày 23 tháng 7 năm 2024 của Hội đồng nhân dân tỉnh Quy định mức giá dịch vụ khám bệnh, chữa bệnh không thuộc phạm vi thanh toán của Quỹ bảo hiểm y tế mà không phải là dịch vụ khám bệnh, chữa bệnh theo yêu cầu trong các cơ sở khám bệnh, chữa bệnh của Nhà nước thuộc tỉnh Quảng Ngãi quản lý",
"bhyt,vien_phi",174421,103581,Căn cứ,True,False,False,"Nghị quyết số 30/2024/NQ-HĐND Bãi bỏ Nghị quyết số 09/2019/NQ-HĐND ngày 06 tháng 12 năm 2019 của Hội đồng nhân dân tỉnh “về việc quy định mức giá dịch vụ khám bệnh, chữa bệnh không thuộc phạm vi thanh toán của Quỹ bảo hiểm y tế trong các cơ sở khám bệnh, chữa bệnh của Nhà nước trên địa bàn tỉnh Bạc Liêu”",
bhyt,176101,139878,Căn cứ,True,False,False,"Nghị quyết số 28/2024/NQ-HĐND Quy định giá cụ thể dịch vụ khám bệnh, chữa bệnh thuộc danh mục do quỹ bảo hiểm y tế thanh toán, giá cụ thể dịch vụ khám bệnh, chữa bệnh do ngân sách nhà nước thanh toán, giá cụ thể dịch vụ khám bệnh, chữa bệnh không thuộc danh mục do quỹ bảo hiểm y tế thanh toán mà không phải là dịch vụ khám bệnh, chữa bệnh theo yêu cầu đối với các cơ sở khám bệnh, chữa bệnh của Nhà nước trên địa bàn tỉnh Hà Nam quản lý thuộc phạm vi được phân quyền",
"bhyt,vien_phi",167742,140051,Thay thế,True,False,True,"Nghị quyết số số 11/2024/NQ-HĐND Quy định mức giá dịch vụ khám bệnh, chữa bệnh không thuộc phạm vi thanh toán của Quỹ bảo hiểm y tế nhưng không phải là dịch vụ khám bệnh, chữa bệnh theo yêu cầu trong các cơ sở khám bệnh, chữa bệnh của Nhà nước thuộc tỉnh Quảng Nam",
bhyt,168803,70819,Căn cứ,True,False,False,Nghị quyết số 15/2024/NQ-HĐND Quy định chính sách hỗ trợ kinh phí đóng bảo hiểm y tế; chi phí cùng chi trả đối với thuốc kháng HIV cho người nhiễm HIV/AIDS có thẻ bảo hiểm y tế trên địa bàn tỉnh Nghệ An,
bhyt,185524,179149,Dẫn chiếu,True,False,False,"Nghị quyết số 818/2025/NQ-HĐND Quy định mức hỗ trợ từ ngân sách nhà nước đóng bảo hiểm y tế, bảo hiểm xã hội tự nguyện cho một số đối tượng trên địa bàn tỉnh Hưng Yên",
bhyt,174989,70800,Căn cứ,True,False,False,Nghị quyết số 01/2025/NQ-HĐND Quy định mức hỗ trợ bảo hiểm y tế cho người dân tộc thiểu số đang sinh sống tại khu vực biên giới trên địa bàn tỉnh Kiên Giang,
bhyt,173743,168526,Bãi bỏ,True,False,True,"Nghị quyết số 118/2024/NQ-HĐND Bãi bỏ Nghị quyết số 32/2024/NQ-HĐND ngày 11 tháng 7 năm 2024 của Hội đồng nhân dân tỉnh quy định giá cụ thể dịch vụ khám bệnh, chữa bệnh không thuộc phạm vi thanh toán của Quỹ bảo hiểm y tế nhưng không phải là đối tượng khám chữa bệnh theo yêu cầu trong các cơ sở khám bệnh, chữa bệnh của Nhà nước trên địa bàn tỉnh Kon Tum",
bhyt,153738,151287,Thay thế,True,False,True,"Nghị quyết số 03/2022/NQ-HĐND Quy định giá dịch vụ xét nghiệm SARS-CoV-2 (chưa bao gồm sinh phẩm xét nghiệm phản ứng) trong trường hợp không thuộc phạm vi thanh toán của Quỹ bảo hiểm y tế tại các cơ sở khám bệnh, chữa bệnh của Nhà nước trên địa bàn tỉnh",
"bhyt,vien_phi",168478,957,Căn cứ,True,False,False,"NGHỊ QUYẾT SỐ Số: 6/2019/NQ-HĐND QUY ĐỊNH VỀ GIÁ DỊCH VỤ KHÁM BỆNH, CHỮA BỆNH KHÔNG THUỘC PHẠM VI THANH TOÁN CỦA QUỸ BẢO HIỂM Y TẾ TRONG CÁC CƠ SỞ KHÁM BỆNH, CHỮA BỆNH CỦA NHÀ NƯỚC TRÊN ĐỊA BÀN TỈNH BÌNH PHƯỚC",
bhyt,90a535b0-803e-11f1-a6e0-2dafb4ca1110,8619b9a0-5e55-11f1-8e5a-2929924511d6,Căn cứ,False,True,False,,"Nghị định 02/2025/NĐ-CP Sửa đổi, bổ sung một số điều của nghị định số 146/2018/NĐ-CP ngày 17 tháng 10 năm 2018 của chính phủ quy định chi tiết và hướng dẫn biện pháp thi hành luật bảo hiểm y tể, đã được sửa đổi, bổ sung một số điều tại nghị định số 75/2023/NĐ-CP ngày 19 tháng 10 năm 2023 của chính phủ"
bhyt,183011,38018,Căn cứ,True,True,False,"Nghị quyết số 26/2017/NQ-HĐND Về việc sửa đổi, bổ sung Khoản 3 Điều 1 của Nghị quyết số 31/2015/NQ-HĐND ngày 10/12/2015 của Hội đồng nhân dân tỉnh Ninh Bình về việc hỗ trợ kinh phí đóng bảo hiểm y tế cho một số đối tượng có hộ khẩu thường trú tại tỉnh Ninh Bình",Nghị định số 105/2014/NĐ-CP Quy định chi tiết và hướng dẫn thi hành một số điều của Luật Bảo hiểm y tế
bhyt,155147,94002,Căn cứ,True,False,False,"Quyết định số 18/2022/QĐ-UBND Ban hành Quy định đăng ký khám bệnh, chữa bệnh bảo hiểm y tế ban đầu và chuyển tuyến khám bệnh, chữa bệnh bảo hiểm y tế trên địa bàn tỉnh Ninh Thuận",
"bhyt,vien_phi",142685,103581,Căn cứ,True,False,False,"Quyết định số 25/2020/QĐ-UBND Về việc bãi bỏ Quyết định số 51/2017/QĐ-UBND ngày 21 tháng 12 năm 2017 của Ủy ban nhân dân tỉnh Tây Ninh về việc quy định giá dịch vụ khám bệnh, chữa bệnh không thuộc phạm vi thanh toán của Qũy bảo hiểm y tế trong các cơ sở khám bệnh, chữa bệnh của Nhà nước trên địa bàn tỉnh Tây Ninh",
bhyt,156261,36793,Căn cứ,True,False,False,"Quyết định số 19/2022/QĐ-TTg Về chi phí quản lý bảo hiểm xã hội, bảo hiểm thất nghiệp, bảo hiểm y tế giai đoạn 2022 - 2024",
bhyt,157778,146383,Căn cứ,True,False,False,Nghị quyết số 105/2022/NQ-HĐND Quy định mức hỗ trợ đóng bảo hiểm y tế cho nhóm đối tượng trên địa bàn tỉnh Nam Định,
bhyt,140624,11802,"Quy định chi tiết, hướng dẫn thi hành",True,True,False,Thông tư số 30/2019/TT-BLĐTBXH Hướng dẫn lập danh sách đối tượng tham gia bảo hiểm y tế do Bộ Lao động - Thương binh và Xã hội quản lý,Quyết định số 170/2008/QĐ-TTg Về chế độ bảo hiểm y tế và trợ cấp mai táng đối với thanh niên xung phong thời kỳ kháng chiến chống Pháp
bhyt,155469,27624,Căn cứ,True,False,False,Nghị quyết số 06/2022/NQ-HĐND Quy định giá dịch vụ xét nghiệm SARS-CoV-2không thuộc phạm vi thanh toán của Quỹ bảo hiểm y tế trên địa bàn tỉnh Bến Tre,
bhyt,183872,172923,Căn cứ,False,True,False,,Luật Bảo hiểm y tế sửa đổi 2024 số Luật số 51/2024/QH15
bhyt,54852,50630,Căn cứ,True,False,False,"Quyết định số 03/2015/QĐ-UBND Về việc thực hiện hỗ trợ đóng bảo hiểm xã hội tự nguyện, bảo hiểm y tế cho Công an viên thường trực cấp xã trên địa bàn tỉnh Quảng Nam",
"bhyt,vien_phi",174245,168128,Căn cứ,True,False,False,"Nghị quyết số 26/2024/NQ-HĐND Bãi bỏ Nghị quyết số 04/2024/NQ-HĐND ngày 19 tháng 4 năm 2024 của Hội đồng nhân dân tỉnh An Giang quy định mức giá dịch vụ khám bệnh, chữa bệnh không thuộc phạm vi thanh toán của Quỹ bảo hiểm y tế mà không phải là đối tượng khám bệnh, chữa bệnh theo yêu cầu tạ",
bhyt,173922,172699,Căn cứ,True,False,False,"Nghị quyết số 32/2024/NQ-HĐND Quy định giá cụ thể dịch vụ khám bệnh, chữa bệnh do Quỹ bảo hiểm y tế thanh toán; giá cụ thể dịch vụ khám bệnh, chữa bệnh do ngân sách nhà nước thanh toán, giá cụ thể dịch vụ khám bệnh, chữa bệnh không thuộc danh mục do quỹ bảo hiểm y tế thanh toán mà không phải là dịch vụ khám bệnh, chữa bệnh theo yêu cầu đối với các cơ sở khám bệnh, chữa bệnh của Nhà nước trên địa bàn tỉnh Đắk Lắk",
"bhyt,vien_phi",175644,103581,Căn cứ,True,False,False,"Nghị quyết số 01/2025/NQ-HĐND bãi bỏ Nghị quyết số 01/2024/NQ-HĐND ngày 31 tháng 01 năm 2024 của HĐND tỉnh Ninh Bình quy định mức giá dịch vụ khám bệnh, chữa bệnh không thuộc phạm vi thanh toán của quỹ Bảo hiểm y tế trong các cơ sở khám bệnh, chữa bệnh của Nhà nước trên địa bàn tỉnh Ninh Bình",
bhyt,129162,70819,Căn cứ,True,False,False,Nghị quyết số 57/2018/NQ-HĐND Hỗ trợ kinh phí 30% mệnh giá mua thẻ bảo hiểm y tế cho người thuộc hộ nghèo đa chiều thiếu hụt các dịch vụ xã hội cơ bản khác (không bị thiếu hụt bảo hiểm y tế) trên địa bàn tỉnh Trà Vinh từ năm 2018 đến năm 2020,
bhyt,96394,20068,Căn cứ,True,False,False,"Nghị quyết số 42/2014/NQ-HDND Về việc phê duyệt chế độ hỗ trợ bảo hiểm xã hội tự nguyện, bảo hiểm y tế cho công an viên và thôn, ấp, khu đội trưởng được bố trí ở thôn, ấp, khu phố trên địa bàn tỉnh Bà Rịa - Vũng Tàu",
bhyt,120801,117224,Căn cứ,True,False,False,"Quyết định số 04/2017/QĐ-UBND Quy định mức hỗ trợ đóng bảo hiểm y tế từ ngân sách địa phương cho đối tượng là người thuộc hộ gia đình làm nông nghiệp, lâm nghiệp, ngư nghiệp, diêm nghiệp có mức sống trung bình trên địa bàn tỉnh Nam Định",
bhyt,133817,133816,Văn bản quy định hết hiệu lực,False,True,False,,"Quyết định số 36/2018/QĐ-UBND Bãi bỏ Quyết định số 479/2011/QĐ-UBND ngày 27 tháng 12 năm 2011 của UBND tỉnh ban hành Quy định đối tượng, chế độ và trình tự, thủ tục hồ sơ hưởng trợ cấp đối với Dân quân tự vệ chưa tham gia bảo hiểm y tế, bảo hiểm xã hội bắt buộc bị ốm, bị chết, bị tai nạn trong khi làm nhiệm vụ"
bhyt,36793,67295,"Văn bản HD, QĐ chi tiết",False,True,False,,"Thông tư liên tịch số 05/2015/TTLT-BTP-BCA-BYT Hướng dẫn thực hiện liên thông các thủ tục hành chính về đăng ký khai sinh, đăng ký thường trú, cấp thẻ bảo hiểm y tế cho trẻ em dưới 6 tuổi"
bhyt,125165,12326,Căn cứ,True,False,False,"Nghị quyết số 68/2013/QH13 Đẩy mạnh thực hiện chính sách, pháp luật về bảo hiểm y tế, tiến tới bảo hiểm y tế toàn dân",
bhyt,153950,151558,Thay thế,True,False,True,Nghị quyết số 13/2022/NQ-HĐND Quy định giá dịch vụ xét nghiệm SARS-CoV-2 không thuộc phạm vi thanh toán của Quỹ bảo hiểm y tế trong các cơ sở khám chữa bệnh của Nhà nước thuộc phạm vi quản lý của tỉnh Nam Định,
bhyt,152410,132188,Căn cứ,True,False,False,"Nghị quyết số 16/2021/NQ-HĐND Quy định mức hỗ trợ đóng bảo hiểm y tế từ ngân sách địa phương đối với người thuộc hộ gia đình làm nông nghiệp, lâm nghiệp, ngư nghiệp có mức sống trung bình và học sinh, sinh viên trên địa bàn tỉnh Kiên Giang",
bhyt,165362,151301,Văn bản căn cứ,True,False,False,"Nghị quyết số 336/2022/NQ-HĐND Quy định mức hỗ trợ từ ngân sách nhà nước đóng bảo hiểm y tế cho người thuộc hộ gia đình nông nghiệp, ngư nghiệp có mức sống trung bình trên địa bàn tỉnh Hưng Yên giai đoạn 2023-2025",
bhyt,157778,103581,Căn cứ,True,False,False,Nghị quyết số 105/2022/NQ-HĐND Quy định mức hỗ trợ đóng bảo hiểm y tế cho nhóm đối tượng trên địa bàn tỉnh Nam Định,
"bhyt,vien_phi",172863,168125,Căn cứ,True,False,False,"Nghị quyết số 140/2024/NQ-HĐND Quy định giá dịch vụ khám bệnh, chữa bệnh thuộc danh mục do Quỹ bảo hiểm y tế thanh toán; giá dịch vụ khám bệnh, chữa bệnh do ngân sách nhà nước thanh toán; giá dịch vụ khám bệnh, chữa bệnh không thuộc danh mục do Quỹ bảo hiểm y tế thanh toán mà không phải là dịch vụ khám bệnh, chữa bệnh theo yêu cầu cho các cơ sở khám bệnh, chữa bệnh của Nhà nước thuộc phạm quản lý của tỉnh Nam Định",
bhyt,21183,10076,Căn cứ,True,False,False,"Quyết định số 119/2001/QĐ-UB Về việc thực hiện chế độ bảo hiểm xã hội, bảo hiểm y tế đối với cán bộ y tế cơ sở",
bhyt,84439,12326,Căn cứ,True,False,False,"Quyết định số 30/2014/QĐ-UBND Ban hành quy định việc quản lý, cấp phát thẻ Bảo hiểm y tế cho các đối tượng được ngân sách Nhà nước đóng, hỗ trợ tiền đóng Bảo hiểm y tế trên địa bàn tỉnh Bình Thuận",
bhyt,61668,27367,Căn cứ,True,False,False,Quyết định số 287/2014/QĐ-UBND Về việc hỗ trợ kinh phí cho đối tượng cận nghèo mua bảo hiểm y tế,
bhyt,40357,40272,Dẫn chiếu,True,True,False,Quyết định số 1005/QĐ-BHXH Về việc sửa đổi bổ sung một số điểm tại quy định về tổ chức thực hiện chế độ KCB bảo hiểm y tế ban hành kèm theo Quyết định số 2559/QĐ-BHXH ngày 27/9/2005 Của Tổng Giám đốc Bảo hiểm xã hội Việt Nam,Quyết định số 2559/QĐ-BHXH Ban hành quy định về tổ chức thực hiện chế độ khám chữa bệnh bảo hiểm y tế
bhyt,161822,132188,Căn cứ,True,False,False,"Quyết định số 38/2023/QĐ-UBND Sửa đổi, bổ sung một số điều của Quyết định số 36/2018/QĐ-UBND ngày 13/6/2018 của Ủy ban nhân dân tỉnh Thừa Thiên Huế quy định mức hỗ trợ kinh phí đóng bảo hiểm y tế và chi phí cùng chi trả đối với thuốc kháng vi rút HIV (ARV) cho người nhiễm HIV/AIDS trên địa bàn tỉnh Thừa Thiên Huế",
bhyt,8846bd40-80fb-11f1-8beb-4b8750743642,179711,Căn cứ,True,True,False,Nghị quyết số 16/2026/NQ-HĐND Quy định hỗ trợ mức đóng bảo hiểm y tế đối với người thuộc hộ thoát nghèo trên địa bàn tỉnh Hưng Yên giai đoạn 2026-2030,Nghị định số 188/2025/NĐ-CP hướng dẫn Luật Bảo hiểm y tế
bhyt,49482,14902,Dẫn chiếu,True,False,False,"Quyết định số 104/2009/QĐ-UBND Về việc phân công, phân cấp quản lý mua, cấp phát thẻ bảo hiểm y tế cho các đối tượng được Ngân sách Nhà nước đảm bảo trên địa bàn tỉnh Nghệ An",
"bhyt,vien_phi",168588,151044,Căn cứ,True,False,False,"Nghị quyết số 26/2024/NQ-HĐND Quy định giá dịch vụ khám bệnh, chữa bệnh không thuộc danh mục do Quỹ bảo hiểm y tế thanh toán mà không phải là dịch vụ khám bệnh, chữa bệnh theo yêu cầu đối với các cơ sở khám bệnh, chữa bệnh của Nhà nước thuộc tỉnh Thanh Hóa quản lý",
bhyt,100276,38018,Căn cứ,True,True,False,"Quyết định số 31/2015/QĐ-UBND Về việc bổ sung Điều 6 Quyết định số 25/2015/QĐ-UBND ngày 12 tháng 5 năm 2015 của Ủy ban nhân dân tỉnh quy định đăng ký khám bệnh, chữa bệnh ban đầu và chuyển tuyến khám bệnh, chữa bệnh bảo hiểm y tế trên địa bàn tỉnh Ninh Thuận",Nghị định số 105/2014/NĐ-CP Quy định chi tiết và hướng dẫn thi hành một số điều của Luật Bảo hiểm y tế
"bhyt,vien_phi",172863,170583,Căn cứ,True,False,False,"Nghị quyết số 140/2024/NQ-HĐND Quy định giá dịch vụ khám bệnh, chữa bệnh thuộc danh mục do Quỹ bảo hiểm y tế thanh toán; giá dịch vụ khám bệnh, chữa bệnh do ngân sách nhà nước thanh toán; giá dịch vụ khám bệnh, chữa bệnh không thuộc danh mục do Quỹ bảo hiểm y tế thanh toán mà không phải là dịch vụ khám bệnh, chữa bệnh theo yêu cầu cho các cơ sở khám bệnh, chữa bệnh của Nhà nước thuộc phạm quản lý của tỉnh Nam Định",
bhyt,184266,70807,Căn cứ,True,False,False,"Nghị quyết số 35/2025/NQ-HĐND Quy định chính sách hỗ trợ tiền ăn thêm, tiền mua bảo hiểm y tế và chi phí sinh hoạt khác đối với một số nhóm đối tượng đang được chăm sóc, nuôi dưỡng tại các đơn vị do Sở Y tế và Sở Nội vụ quản lý",
bhyt,150222,132178,Căn cứ,True,False,False,"Quyết định số 29/2021/QĐ-UBND Bãi bỏ Quyết định số 1202/2008/QĐ-UBND ngày 14 tháng 7 năm 2008 của Ủy ban nhân dân tỉnh Cao Bằng ban hành Quy định về chế độ tiền công, chế độ bảo hiểm xã hội, bảo hiểm y tế, chế độ bồi thường tai nạn lao động, chế độ tiền thưởng đối với huấn luyện viên, vận động viên thể thao của tỉnh Cao Bằng",
bhyt,166928,70800,Căn cứ,True,False,False,Nghị quyết số 288/2022/NQ-HĐND Quy định mức giá dịch vụ xét nghiệm SARS-CoV-2 (chưa bao gồm sinh phẩm xét nghiệm phản ứng) do cơ sở y tế của Nhà nước thực hiện không thuộc phạm vi thanh toán của Quỹ bảo hiểm y tế trên địa bàn tỉnh Thanh Hoá,
bhyt,179736,132227,Dẫn chiếu,True,False,False,"Thông tư số 27/2025/TT-BYT quy định nguyên tắc, tiêu chí xây dựng, cập nhật, ghi thông tin, cấu trúc danh mục và hướng dẫn thanh toán đối với thuốc dược liệu, thuốc có kết hợp dược chất với các dược liệu, thuốc cổ truyền, dược liệu thuộc phạm vi được hưởng của người tham gia bảo hiểm y tế do Bộ trưởng Bộ Y tế ban hành",
bhyt,65845,38018,Dẫn chiếu,False,True,False,,Nghị định số 105/2014/NĐ-CP Quy định chi tiết và hướng dẫn thi hành một số điều của Luật Bảo hiểm y tế
bhyt,177892,70800,Căn cứ,True,False,False,"Nghị quyết số 03/2025/NQ-HĐND Quy định mức hỗ trợ đóng bảo hiểm y tế đối với học sinh, sinh viên đang học tại các trường công lập thuộc tỉnh quản lý",
"bhyt,vien_phi",174421,140189,Bãi bỏ,True,False,True,"Nghị quyết số 30/2024/NQ-HĐND Bãi bỏ Nghị quyết số 09/2019/NQ-HĐND ngày 06 tháng 12 năm 2019 của Hội đồng nhân dân tỉnh “về việc quy định mức giá dịch vụ khám bệnh, chữa bệnh không thuộc phạm vi thanh toán của Quỹ bảo hiểm y tế trong các cơ sở khám bệnh, chữa bệnh của Nhà nước trên địa bàn tỉnh Bạc Liêu”",
"bhyt,vien_phi",173176,167291,Thay thế,True,False,True,"Nghị quyết số 68/2024/NQ-HĐND Quy định giá dịch vụ khám bệnh, chữa bệnh thuộc danh mục thanh toán của Quỹ bảo hiểm y tế, giá dịch vụ khám bệnh, chữa bệnh do ngân sách nhà nước thanh toán và giá dịch vụ khám bệnh, chữa bệnh không thuộc danh mục thanh toán của Quỹ bảo hiểm y tế mà không phải là dịch vụ khám bệnh, chữa bệnh theo yêu cầu tại các cơ sở khám bệnh, chữa bệnh công lập thuộc thành phố Đà Nẵng",
"bhyt,vien_phi",173130,139307,Bãi bỏ,True,False,True,"Nghị quyết số 30/2024/NQ-HĐND Bãi bỏ Nghị quyết số 15/2019/NQ-HĐND ngày 06 tháng 12 năm 2019 của Hội đồng nhân dân tỉnh Sóc Trăng quy định giá dịch vụ khám bệnh, chữa bệnh không thuộc phạm vi thanh toán của Quỹ bảo hiểm y tế trong các cơ sở khám bệnh, chữa bệnh của Nhà nước trên địa bàn tỉnh Sóc Trăng",
bhyt,179724,166456,Căn cứ,True,False,False,"Thông tư số 24/2025/TT-BYT sửa đổi Thông tư 04/2017/TT-BYT về Danh mục và tỷ lệ, điều kiện thanh toán đối với vật tư y tế thuộc phạm vi được hưởng của người tham gia bảo hiểm y tế do Bộ trưởng Bộ Y tế ban hành",
bhyt,158729,158024,Căn cứ,True,True,False,Quyết định số 81/2022/QĐ-UBND Quy định mức hỗ trợ đóng bảo hiểm y tế cho người thuộc hộ gia đình cận nghèo giai đoạn 2023-2025 trên địa bàn tỉnh Ninh Thuận,Nghị quyết số 26/2022/NQ-HĐND Quy định mức hỗ trợ đóng bảo hiểm y tế cho người thuộc hộ gia đình cận nghèo giai đoạn 2023-2025 trên địa bàn tỉnh Ninh Thuận
bhyt,116754,87214,Dẫn chiếu,False,True,False,,Thông tư liên tịch số 40/1998/TTLT-BGDĐT-BYT Về việc hướng dẫn bảo hiểm y tế học sinh
"bhyt,vien_phi",73840,126175,Văn bản quy định hết hiệu lực,False,True,False,,"Quyết định số 23/2017/QĐ-UBND Triển khai thực hiện Nghị quyết số 08/2017/NQ-HĐND Ngày 14 tháng 7 năm 2017 của Hội đồng nhân dân tỉnh Bạc Liêu về việc quy định mức giá dịch vụ khám bệnh, chữa bệnh không thuộc phạm vi thanh toán của Quỹ bảo hiểm y tế trong các cơ sở khám bệnh, chữa bệnh của Nhà nước trên địa bàn tỉnh Bạc Liêu"
bhyt,95267,80764,Văn bản căn cứ,True,False,False,"về ban hành Quy chế phối hợp công tác thực hiện pháp luật về bảo hiểm xã hội, bảo hiểm y tế, bảo hiểm thất nghiệp",
bhyt,186050,176696,Căn cứ,True,False,False,Nghị quyết số 43/2025/NQ-HĐND Quy định mức hỗ trợ đóng bảo hiểm y tế cho các đối tượng được ngân sách nhà nước hỗ trợ mức đóng trên địa bàn tỉnh Đồng Tháp,
bhyt,40357,18312,Căn cứ,True,False,False,Quyết định số 1005/QĐ-BHXH Về việc sửa đổi bổ sung một số điểm tại quy định về tổ chức thực hiện chế độ KCB bảo hiểm y tế ban hành kèm theo Quyết định số 2559/QĐ-BHXH ngày 27/9/2005 Của Tổng Giám đốc Bảo hiểm xã hội Việt Nam,
bhyt,173380,166456,Căn cứ,True,False,False,"Nghị quyết số 20/2024/NQ-HĐND Về việc quy định mức hỗ trợ đóng bảo hiểm y tế cho người dân tộc thiểu số tại các thôn, tổ dân phố, xã không thuộc vùng có điều kiện kinh tế - xã hội khó khăn, đặc biệt khó khăn trên địa bàn tỉnh Khánh Hòa",
bhyt,179797,177785,Hợp nhất,True,False,False,Văn bản hợp nhất số 04/VBHN-BYT Quy định chi tiết và hướng dẫn biện pháp thi hành một số điều của luật bảo hiểm y tế,
bhyt,21993,22796,"Quy định chi tiết, hướng dẫn thi hành",True,True,False,Thông tư liên tịch số 09/2002/TTLT/BTCCBCP-BLĐTBXH-BTC-BYT Hướng dẫn về việc chuyển Bảo hiểm y tế Việt Nam sang Bảo hiểm xã hội Việt Nam.,Quyết định số 20/2002/QĐ-TTg Về việc chuyển Bảo hiểm Y tế Việt Nam sang Bảo hiểm Xã hội Việt Nam.
bhyt,183449,179711,Căn cứ,False,True,False,,Nghị định số 188/2025/NĐ-CP hướng dẫn Luật Bảo hiểm y tế
bhyt,a58d0900-6ae3-11f1-9463-4ba9a7c0cbbb,179149,Căn cứ,True,False,False,"Nghị quyết số 17/2026/NQ-HĐND Sửa đổi, bổ sung một số điều của nghị quyết số 19/2025/NQ-HĐND ngày 09 tháng 7 năm 2025 của Hội đồng nhân dân thành phố Hà Nội quy định nội dung, mức hỗ trợ đóng bảo hiểm xã hội, bảo hiểm y tế cho các đối tượng chính sách xã hội của thành phố Hà Nội",
bhyt,54852,23668,Căn cứ,True,False,False,"Quyết định số 03/2015/QĐ-UBND Về việc thực hiện hỗ trợ đóng bảo hiểm xã hội tự nguyện, bảo hiểm y tế cho Công an viên thường trực cấp xã trên địa bàn tỉnh Quảng Nam",
"bhyt,vien_phi",179585,36793,Căn cứ,True,False,False,"Thông tư số 22/2021/TT-BYT của Bộ Y tế về quy định ngưng hiệu lực Thông tư 04/2021/TT-BYT ngày 29/4/2021 của Bộ trưởng Bộ Y tế hướng dẫn thanh toán chi phí khám bệnh, chữa bệnh bảo hiểm y tế theo định suất",
bhyt,115366,70819,Căn cứ,True,False,False,"Nghị quyết số 22/2016/NQ-HĐND V/v quy định mức giá dịch vụ khám chữa bệnh, chữa bệnh đối với người không có thẻ bảo hiểm y tế tại cơ sở y tế công lập trên địa bàn tỉnh",
bhyt,115366,25170,Căn cứ,True,False,False,"Nghị quyết số 22/2016/NQ-HĐND V/v quy định mức giá dịch vụ khám chữa bệnh, chữa bệnh đối với người không có thẻ bảo hiểm y tế tại cơ sở y tế công lập trên địa bàn tỉnh",
bhyt,51097,18433,Căn cứ,True,False,False,"Nghị quyết số 52/2012/NQ-HĐND Về quy định mức trợ cấp ngày công lao động, hỗ trợ tiền ăn cho lực lượng dân quân khi thực hiện nhiệm vụ và chế độ bảo hiểm y tế cho lực lượng dân quân thường trực trên địa bàn tỉnh Quảng Nam",
bhyt,12326,28013,"Văn bản HD, QĐ chi tiết",False,True,False,,Thông tư số 178/2012/TT-BTC Hướng dẫn kế toán áp dụng cho Bảo hiểm xã hội Việt Nam
bhyt,47217,149120,Văn bản quy định hết hiệu lực,False,True,False,,"Quyết định số 27/2021/QĐ-UBND Bãi bỏ Quyết định số 46/2014/QĐ-UBND ngày 26 tháng 11 năm 2014 của Ủy ban nhân dân tỉnh về việc ban hành Quy chế thực hiện liên thông nhóm thủ tục hành chính thuộc lĩnh vực hộ tịch, bảo hiểm y tế và đăng ký, quản lý cư trú cho trẻ em dưới 6 tuổi của tỉnh Phú Yên"
bhyt,8619b9a0-5e55-11f1-8e5a-2929924511d6,139878,Căn cứ,True,False,False,"Nghị định 02/2025/NĐ-CP Sửa đổi, bổ sung một số điều của nghị định số 146/2018/NĐ-CP ngày 17 tháng 10 năm 2018 của chính phủ quy định chi tiết và hướng dẫn biện pháp thi hành luật bảo hiểm y tể, đã được sửa đổi, bổ sung một số điều tại nghị định số 75/2023/NĐ-CP ngày 19 tháng 10 năm 2023 của chính phủ",
bhyt,84726d90-66ed-11f1-8735-f935ab579d34,179427,Căn cứ,True,False,False,Nghị quyết Quy định mức hỗ trợ chi phí tiêm phòng dại cho một số đối tượng trên địa bàn tỉnh Thái Nguyên,
bhyt,184909,179711,Căn cứ,True,True,False,Nghị quyết số 36/2025/NQ-HĐND quy định mức hỗ trợ đóng bảo hiểm y tế cho một số đối tượng trên địa bàn tỉnh Đồng Nai giai đoạn 2026 - 2030,Nghị định số 188/2025/NĐ-CP hướng dẫn Luật Bảo hiểm y tế
"bhyt,vien_phi",173176,70800,Căn cứ,True,False,False,"Nghị quyết số 68/2024/NQ-HĐND Quy định giá dịch vụ khám bệnh, chữa bệnh thuộc danh mục thanh toán của Quỹ bảo hiểm y tế, giá dịch vụ khám bệnh, chữa bệnh do ngân sách nhà nước thanh toán và giá dịch vụ khám bệnh, chữa bệnh không thuộc danh mục thanh toán của Quỹ bảo hiểm y tế mà không phải là dịch vụ khám bệnh, chữa bệnh theo yêu cầu tại các cơ sở khám bệnh, chữa bệnh công lập thuộc thành phố Đà Nẵng",
"bhyt,vien_phi",173101,167197,Căn cứ,True,False,False,"Nghị quyết số 22/2024/NQ-HĐND Bãi bỏ Nghị quyết số 07/2020/NQ-HĐND ngày 11 tháng 6 năm 2020 của Hội đồng nhân dân tỉnh Quy định giá dịch vụ khám bệnh, chữa bệnh không thuộc phạm vi thanh toán của Quỹ bảo hiểm y tế trong các cơ sở khám bệnh, chữa bệnh công lập trên địa bàn tỉnh",
bhyt,155449,115469,Căn cứ,True,False,False,Nghị quyết số 03/2022/NQ-HĐND Quy định mức giá dịch vụ xét nghiệm SARS-CoV-2 (chưa bao gồm sinh phẩm xét nghiệm) không thuộc phạm vi thanh toán của Quỹ bảo hiểm y tế cho các cơ sở y tế công lập trên địa bàn tỉnh Đắk Lắk,
bhyt,156169,70819,Căn cứ,True,False,False,"Nghị quyết số 12/2022/NQ-HĐND Quy định mức giá dịch vụ xét nghiệm SARS-CoV-2 trong trường hợp không thuộc phạm vi thanh toán của Quỹ bảo hiểm y tế tại các cơ sở khám bệnh, chữa bệnh công lập thuộc tỉnh Ninh Thuận",
bhyt,127617,38018,Căn cứ,True,True,False,Quyết định số 02/2018/QĐ-UBND Quy định mức hỗ trợ đóng bảo hiểm y tế cho hộ cận nghèo năm 2018 và người thuộc hộ nghèo đa chiều thiếu hụt các dịch vụ xã hội cơ bản khác (không thiếu hụt bảo hiểm y tế) gai đoạn 2017-2018 trên địa bàn tỉnh Ninh Thuận,Nghị định số 105/2014/NĐ-CP Quy định chi tiết và hướng dẫn thi hành một số điều của Luật Bảo hiểm y tế
bhyt,13341,10420,Căn cứ,True,False,False,Quyết định số 900/2002/QĐ-CT Về việc quy định tạm thời mức thu các Dịch vụ kỹ thuật phục hồi chức năng được bảo hiểm y tế thanh toán,
bhyt,177892,175363,Căn cứ,True,False,False,"Nghị quyết số 03/2025/NQ-HĐND Quy định mức hỗ trợ đóng bảo hiểm y tế đối với học sinh, sinh viên đang học tại các trường công lập thuộc tỉnh quản lý",
bhyt,74259,25164,Dẫn chiếu,True,False,False,"Quyết định số 16/2013/QĐ-UBND Về việc sửa đổi, bổ sung điểm c, khoản 2, Điều 1 Quy định phân cấp quản lý mua, cấp phát thẻ bảo hiểm y tế cho các đối tượng được ngân sách nhà nước đảm bảo trên địa bàn tỉnh Hòa Bình ban hành kèm theo Quyết định số 14/2012/QĐ-UBND ngày 19 tháng 9 năm 2012 của UBND tỉnh Hòa Bình",
bhyt,184909,175440,Căn cứ,True,False,False,Nghị quyết số 36/2025/NQ-HĐND quy định mức hỗ trợ đóng bảo hiểm y tế cho một số đối tượng trên địa bàn tỉnh Đồng Nai giai đoạn 2026 - 2030,
"bhyt,vien_phi",173084,166391,Căn cứ,True,False,False,"Nghị quyết số 17/2024/NQ-HĐND Bãi bỏ Nghị quyết số 08/2024/NQ-HĐND ngày 04 tháng 7 năm 2024 của Hội đồng nhân dân tỉnh Quy định mức giá dịch vụ khám bệnh, chữa bệnh không thuộc phạm vi thanh toán của Quỹ Bảo hiểm y tế mà không phải là dịch vụ khám bệnh, chữa bệnh theo yêu cầu trong các cơ sở khám bệnh, chữa bệnh của nhà nước thuộc tỉnh Tuyên Quang quản lý",
bhyt,156562,139878,Căn cứ,True,False,False,Nghị quyết số 13/2022/NQ-HĐND Về việc Quy định giá dịch vụ xét nghiệm SARS-CoV-2 không thuộc phạm vi thanh toán của Quỹ bảo hiểm y tế tại các cơ sở y tế của Nhà nước thuộc tỉnh Thừa Thiên Huế,
bhyt,156429,151168,Căn cứ,True,False,False,Nghị quyết số 13/2022/NQ-HĐND.loi Về việc Quy định mức giá dịch vụ xét nghiệm SARS-CoV-2 không thuộc phạm vi thanh toán của Quỹ bảo hiểm y tế tại các cơ sở y tế của Nhà nước thuộc tỉnh Thừa Thiên Huế,
"bhyt,vien_phi",168478,137200,Căn cứ,True,False,False,"NGHỊ QUYẾT SỐ Số: 6/2019/NQ-HĐND QUY ĐỊNH VỀ GIÁ DỊCH VỤ KHÁM BỆNH, CHỮA BỆNH KHÔNG THUỘC PHẠM VI THANH TOÁN CỦA QUỸ BẢO HIỂM Y TẾ TRONG CÁC CƠ SỞ KHÁM BỆNH, CHỮA BỆNH CỦA NHÀ NƯỚC TRÊN ĐỊA BÀN TỈNH BÌNH PHƯỚC",
bhyt,169565,25170,Căn cứ,True,False,False,"Thông tư 13/2020/TT-BYT sửa đổi Thông tư 35/2016/TT-BYT về Danh mục và tỷ lệ, điều kiện thanh toán đối với dịch vụ kỹ thuật y tế thuộc phạm vi được hưởng của người tham gia bảo hiểm y tế do Bộ trưởng Bộ Y tế ban hành",
bhyt,184909,12326,Căn cứ,True,False,False,Nghị quyết số 36/2025/NQ-HĐND quy định mức hỗ trợ đóng bảo hiểm y tế cho một số đối tượng trên địa bàn tỉnh Đồng Nai giai đoạn 2026 - 2030,
bhyt,115366,27488,Căn cứ,True,False,False,"Nghị quyết số 22/2016/NQ-HĐND V/v quy định mức giá dịch vụ khám chữa bệnh, chữa bệnh đối với người không có thẻ bảo hiểm y tế tại cơ sở y tế công lập trên địa bàn tỉnh",
bhyt,172923,168125,Dẫn chiếu,True,False,False,Luật Bảo hiểm y tế sửa đổi 2024 số Luật số 51/2024/QH15,
bhyt,140287,176101,Văn bản quy định hết hiệu lực,False,True,False,,"Nghị quyết số 28/2024/NQ-HĐND Quy định giá cụ thể dịch vụ khám bệnh, chữa bệnh thuộc danh mục do quỹ bảo hiểm y tế thanh toán, giá cụ thể dịch vụ khám bệnh, chữa bệnh do ngân sách nhà nước thanh toán, giá cụ thể dịch vụ khám bệnh, chữa bệnh không thuộc danh mục do quỹ bảo hiểm y tế thanh toán mà không phải là dịch vụ khám bệnh, chữa bệnh theo yêu cầu đối với các cơ sở khám bệnh, chữa bệnh của Nhà nước trên địa bàn tỉnh Hà Nam quản lý thuộc phạm vi được phân quyền"
bhyt,173389,152609,Thay thế,True,False,True,Nghị quyết số 42/2024/NQ-HĐND Về hỗ trợ chi phí mua thẻ bảo hiểm y tế cho người nhiễm HIV/AIDS và hỗ trợ chi phí cùng chi trả thuốc kháng vi rút HIV cho người nhiễm HIV/AIDS có thẻ bảo hiểm y tế trên địa bàn Thành phố Hồ Chí Minh,
bhyt,181625,165709,"Sửa đổi, bổ sung",True,False,False,"Nghị quyết số 09/2025/NQ-HĐND Về việc sửa đổi khoản 1 Điều 1 Nghị quyết số 13/2023/NQ-HĐND ngày 14 tháng 12 năm 2023 của Hội đồng nhân dân tỉnh quy định mức hỗ trợ đóng bảo hiểm y tế cho đối tượng hộ cận nghèo trên địa bàn tỉnh Thanh Hóa, giai đoạn 2024 - 2025",
"bhyt,vien_phi",173084,70819,Căn cứ,True,False,False,"Nghị quyết số 17/2024/NQ-HĐND Bãi bỏ Nghị quyết số 08/2024/NQ-HĐND ngày 04 tháng 7 năm 2024 của Hội đồng nhân dân tỉnh Quy định mức giá dịch vụ khám bệnh, chữa bệnh không thuộc phạm vi thanh toán của Quỹ Bảo hiểm y tế mà không phải là dịch vụ khám bệnh, chữa bệnh theo yêu cầu trong các cơ sở khám bệnh, chữa bệnh của nhà nước thuộc tỉnh Tuyên Quang quản lý",
"bhyt,vien_phi",155057,27624,Căn cứ,True,False,False,"Quyết định số 10/2022/QĐ-UBND Về sửa đổi, bổ sung Quyết định 56/2019/QĐ-UBND ngày 31 tháng 12 năm 2019 của Ủy ban nhân dân tỉnh Hà Nam về quy định mức giá dịch vụ khám bệnh, chữa bệnh không thuộc phạm vi thanh toán của Quỹ bảo hiểm y tế trong các cơ sở khám bệnh, chữa bệnh của Nhà nước thuộc địa phương quản lý trên địa bàn tỉnh Hà Nam",
bhyt,121610,36793,Căn cứ,True,False,False,Quyết định số 06/2017/QĐ-UBND Quy định mức hỗ trợ đóng bảo hiểm y tế cho người thuộc hộ gia đình cận nghèo trên địa bàn tỉnh Ninh Thuận năm 2017,
bhyt,179920,36793,Căn cứ,True,False,False,"Nghị quyết số 19/2025/NQ-HĐND Quy định nội dung, mức hỗ trợ đóng bảo hiểm xã hội tự nguyện, bảo hiểm y tế cho các đối tượng chính sách xã hội của thành phố Hà Nội (Thực hiện điểm a, điểm b khoản 3, khoản 4 Điều 27 Luật Thủ đô)",
bhyt,4508b790-6869-11f1-896d-1f64195cf782,186277,Căn cứ,True,False,False,"Nghị quyết số 09/2026/NQ-HĐND Quy định mức hỗ trợ đóng bảo hiểm y tế cho đối tượng hộ cận nghèo trên địa bàn tỉnh Thanh Hóa, giai đoạn 2026 - 2030",
bhyt,54850,14645,Căn cứ,True,False,False,"Quyết định số 08/2015/QĐ-TTg Thí điểm về giao dịch điện tử trong việc thực hiện thủ tục tham gia bảo hiểm xã hội, bảo hiểm y tế, bảo hiểm thất nghiệp và đề nghị cấp sổ bảo hiểm xã hội, thẻ bảo hiểm y tế",
bhyt,49482,17141,Dẫn chiếu,True,False,False,"Quyết định số 104/2009/QĐ-UBND Về việc phân công, phân cấp quản lý mua, cấp phát thẻ bảo hiểm y tế cho các đối tượng được Ngân sách Nhà nước đảm bảo trên địa bàn tỉnh Nghệ An",
bhyt,156969,119084,Căn cứ,True,False,False,Nghị quyết số 61/2022/NQ-HĐND Về việc Quy định hỗ trợ kinh phí đóng Bảo hiểm y tế đối với một số nhóm đối tượng có đăng ký thường trú trên địa bàn tỉnh Ninh Bình,
bhyt,136555,70800,Căn cứ,True,False,False,"Nghị quyết số 166/2019/NQ-HĐND Quy định mức hỗ trợ đóng bảo hiểm y tế cho người thuộc hộ gia đình cận nghèo, người thuộc hộ gia đình nghèo đa chiều không thiếu hụt về bảo hiểm y tế trên địa bàn tỉnh Đồng Nai giai đoạn 2019 - 2020",
bhyt,127243,127242,Văn bản căn cứ,True,False,False,"Quyết định số 52/2017/QĐ-UBND Sửa đổi, bổ sung Quyết định số 52/2016/QĐ-UBND ngày 21/12/2016 của UBND tỉnh về việc hỗ trợ kinh phí đóng bảo hiểm y tế giai đoạn 2017-2020",
"bhyt,vien_phi",167742,27624,Căn cứ,True,False,False,"Nghị quyết số số 11/2024/NQ-HĐND Quy định mức giá dịch vụ khám bệnh, chữa bệnh không thuộc phạm vi thanh toán của Quỹ bảo hiểm y tế nhưng không phải là dịch vụ khám bệnh, chữa bệnh theo yêu cầu trong các cơ sở khám bệnh, chữa bệnh của Nhà nước thuộc tỉnh Quảng Nam",
bhyt,158024,103581,Căn cứ,True,False,False,Nghị quyết số 26/2022/NQ-HĐND Quy định mức hỗ trợ đóng bảo hiểm y tế cho người thuộc hộ gia đình cận nghèo giai đoạn 2023-2025 trên địa bàn tỉnh Ninh Thuận,
bhyt,179772,179610,Văn bản căn cứ,True,False,False,"Thông tư số 63/2025/TT-BQP Quy định, hướng dẫn thực hiện một số điều của Nghị định số 70/2015/NĐ-CP ngày 01 tháng 9 năm 2015 của Chính phủ quy định chi tiết và hướng dẫn thi hành một số điều của Luật Bảo hiểm y tế đối với quân đội nhân dân, công an nhân dân và người làm công tác cơ yếu; Nghị định số 74/2025/NĐ-CP ngày 31 tháng 3 năm 2025 sửa đổi, bổ sung một số điều của Nghị định số 70/2015/NĐ-CP ngày 01 tháng 9 năm 2015 của Chính phủ",
"bhyt,vien_phi",168588,166924,Thay thế,True,False,True,"Nghị quyết số 26/2024/NQ-HĐND Quy định giá dịch vụ khám bệnh, chữa bệnh không thuộc danh mục do Quỹ bảo hiểm y tế thanh toán mà không phải là dịch vụ khám bệnh, chữa bệnh theo yêu cầu đối với các cơ sở khám bệnh, chữa bệnh của Nhà nước thuộc tỉnh Thanh Hóa quản lý",
bhyt,184799,178340,Căn cứ,True,False,False,"Nghị quyết số 23/2025/NQ-HĐND Quy định mức hỗ trợ đóng bảo hiểm y tế đối với người thuộc hộ cận nghèo, người cao tuổi từ đủ 60 tuổi đến dưới 75 tuổi, người dân tộc thiểu số có khó khăn đặc thù trên địa bàn tỉnh Lào Cai",
bhyt,88622,14902,Dẫn chiếu,True,False,False,"Quyết định 3651/QĐ-UBND ban hành Kế hoạch Chương trình hành động 32-CTrHĐ/TU thực hiện Nghị quyết 21-NQ/TW về tăng cường sự lãnh đạo của Đảng đối với công tác bảo hiểm xã hội, bảo hiểm y tế giai đoạn 2012 - 2020 do thành phố Hồ Chí Minh ban hành",
bhyt,157577,36793,Căn cứ,True,False,False,Nghị quyết số 304/2022/NQ-HĐND Quy định mức hỗ trợ đóng bảo hiểm y tế cho đối tượng thuộc hộ cận nghèo trên địa bàn tỉnh Thanh Hóa quý IV năm 2022,
bhyt,40272,18312,Căn cứ,True,False,False,Quyết định số 2559/QĐ-BHXH Ban hành quy định về tổ chức thực hiện chế độ khám chữa bệnh bảo hiểm y tế,
"bhyt,vien_phi",167742,115469,Căn cứ,True,False,False,"Nghị quyết số số 11/2024/NQ-HĐND Quy định mức giá dịch vụ khám bệnh, chữa bệnh không thuộc phạm vi thanh toán của Quỹ bảo hiểm y tế nhưng không phải là dịch vụ khám bệnh, chữa bệnh theo yêu cầu trong các cơ sở khám bệnh, chữa bệnh của Nhà nước thuộc tỉnh Quảng Nam",
bhyt,173888,139878,Căn cứ,True,False,False,Quyết định số 134/2024/QĐ-UBND Bãi bỏ Quyết định số 51/2015/QĐ-UBND ngày 13 tháng 11 năm 2015 của Ủy ban nhân dân Thành phố Hồ Chí Minh về ban hành quy trình thực hiện cấp thẻ Bảo hiểm y tế cho các đối tượng bảo trợ xã hội tại cộng đồng trên địa bàn Thành phố Hồ Chí Minh,
bhyt,177933,135466,Căn cứ,True,True,False,"Nghị quyết số 04/2025/NQ-HĐND Hỗ trợ mức đóng bảo hiểm y tế và chi phí cùng chi trả đối với thuốc kháng vi-rút HIV cho người nhiễm HIV/AIDS đang điều trị tại các cơ sở khám, chữa bệnh công lập thuộc mạng lưới phòng, chống HIV/AIDS của tỉnh Khánh Hòa","Thông tư số 27/2018/TT-BYT Hướng dẫn thực hiện bảo hiểm y tế và khám bệnh, chữa bệnh liên quan đến HIV/AIDS"
bhyt,153950,103581,Căn cứ,True,False,False,Nghị quyết số 13/2022/NQ-HĐND Quy định giá dịch vụ xét nghiệm SARS-CoV-2 không thuộc phạm vi thanh toán của Quỹ bảo hiểm y tế trong các cơ sở khám chữa bệnh của Nhà nước thuộc phạm vi quản lý của tỉnh Nam Định,
bhyt,187782,179082,Căn cứ,True,False,False,"Thông tư số 107/2025/TT-BTC Hướng dẫn kế toán quỹ bảo hiểm xã hội, quỹ bảo hiểm y tế, quỹ bảo hiểm thất nghiệp",
bhyt,88138,71530,Căn cứ,True,False,False,"Quyết định 11862/QĐ-UBND năm 2014 bãi bỏ Quyết định 02/2013/QĐ-UBND về Quy chế thực hiện cơ chế một cửa liên thông nhóm thủ tục hành chính thuộc lĩnh vực hộ tịch, bảo hiểm y tế và đăng ký, quản lý cư trú trên địa bàn Quận Bình Tân, thành phố Hồ Chí Minh",
bhyt,185767,179711,Căn cứ,True,True,False,"Nghị quyết số 53/2025/NQ-HĐND Quy định chính sách hỗ trợ mức đóng bảo hiểm xã hội cho người tham gia bảo hiểm xã hội tự nguyện, bảo hiểm y tế trên địa bàn thành phố Huế giai đoạn 2026 - 2030",Nghị định số 188/2025/NĐ-CP hướng dẫn Luật Bảo hiểm y tế
bhyt,187290,179711,Căn cứ,False,True,False,,Nghị định số 188/2025/NĐ-CP hướng dẫn Luật Bảo hiểm y tế
bhyt,165362,12326,Căn cứ,True,False,False,"Nghị quyết số 336/2022/NQ-HĐND Quy định mức hỗ trợ từ ngân sách nhà nước đóng bảo hiểm y tế cho người thuộc hộ gia đình nông nghiệp, ngư nghiệp có mức sống trung bình trên địa bàn tỉnh Hưng Yên giai đoạn 2023-2025",
bhyt,132733,70819,Căn cứ,True,False,False,"Nghị quyết số 35/2018/NQ-HĐND về thực hiện chế độ lương và hỗ trợ bảo hiểm xã hội, bảo hiểm y tế , bảo hiểm thất nghiệp đối với lao động hợp đồng vị trí nấu ăn trong các trường mầm non công lập tỉnh Quảng trị",
bhyt,121610,12326,Căn cứ,True,False,False,Quyết định số 06/2017/QĐ-UBND Quy định mức hỗ trợ đóng bảo hiểm y tế cho người thuộc hộ gia đình cận nghèo trên địa bàn tỉnh Ninh Thuận năm 2017,
bhyt,181847,175027,Căn cứ,True,False,False,"Nghị định số 233/2025/NĐ-CP Quy định cơ chế tài chính về bảo hiểm xã hội, bảo hiểm thất nghiệp, bảo hiểm y tế; chi tổ chức và hoạt động bảo hiểm xã hội, bảo hiểm thất nghiệp, bảo hiểm y tế",
"bhyt,vien_phi",137630,143848,Văn bản quy định hết hiệu lực,False,True,False,,"Quyết định số 28/2020/QĐ-UBND Quy định giá dịch vụ khám bệnh, chữa bệnh không thuộc phạm vi thanh toán của Quỹ bảo hiểm y tế trong các cơ sở khám bệnh, chữa bệnh của Nhà nước trên địa bàn tỉnh Ninh Thuận."
bhyt,52541,36169,Văn bản căn cứ,True,False,False,"Quyết định số 3929/2005/QĐ-UBND V/v ban hành kế hoạch thực hiện "" Lộ trình tiến tới bảo hiểm y tế toàn dân vào năm 2010""",
bhyt,148676,70807,Căn cứ,True,False,False,Nghị quyết số 12/2021/NQ-HĐND Quy định mức hỗ trợ đóng bảo hiểm y tế cho người thuộc hộ nghèo đa chiều thiếu hụt các dịch vụ xã hội cơ bản khác và người thuộc hộ gia đình cận nghèo trên địa bàn tỉnh Lạng Sơn,
bhyt,5133,10019,Dẫn chiếu,True,False,False,Quyết định số 1203/1996/QĐ-UB/VX Về việc thu bảo hiểm y tế học sinh,
"bhyt,vien_phi",174415,103581,Căn cứ,True,False,False,"Nghị quyết số 01/2025/NQ-HĐND Bãi bỏ Nghị quyết số 12/2024/NQ-HĐND ngày 17 tháng 6 năm 2024 của Hội đồng nhân dân tỉnh quy định giá dịch vụ khám bệnh, chữa bệnh không thuộc phạm vi thanh toán của Quỹ Bảo hiểm y tế nhưng không phải là đối tượng khám bệnh, chữa bệnh theo yêu cầu tại các cơ sở khám bệnh, chữa bệnh công lập thuộc tỉnh Thừa Thiên Huế",
bhyt,158050,32610,Căn cứ,True,False,False,"Nghị quyết số 61/2022/NQ-HĐND Quy định mức giá dịch vụ xét nghiệm SARS-CoV-2 không thuộc phạm vi thanh toán của Quỹ bảo hiểm y tế cho các cơ sở khám bệnh, chữa bệnh của Nhà nước trên địa bàn tỉnh Lai Châu",
bhyt,9028,12325,"Văn bản HD, QĐ chi tiết",False,True,False,,Lệnh số 23/2008/L-CTN Về việc công bố Luật
bhyt,1ae37070-768f-11f1-9478-a32d42492b41,154772,Căn cứ,True,False,False,"Quy định số lượng và mức phụ cấp hàng tháng đối với cộng tác viên công tác xã hội xã, phường trên địa bàn tỉnh Vĩnh Long",
bhyt,184764,161512,Bãi bỏ,True,False,True,"Nghị quyết số 110/2025/NQ-HĐND Quy định mức hỗ trợ đóng bảo hiểm y tế cho người thuộc hộ gia đình cận nghèo; học sinh, sinh viên là người dân tộc thiểu số; người thuộc hộ gia đình làm nông nghiệp, lâm nghiệp, ngư nghiệp có mức sống trung bình trên địa bàn tỉnh Lai Châu giai đoạn 2026 – 2030",
"bhyt,vien_phi",172424,146383,Căn cứ,True,False,False,"Nghị quyết số 49/2024/NQ-HĐND Bãi bỏ Nghị quyết số 32/2024/NQ-HĐND ngày 19/4/2024 của HĐND tỉnh quy định mức giá dịch vụ khám bệnh, chữa bệnh không thuộc phạm vi thanh toán của Quỹ Bảo hiểm y tế (nhưng không phải là dịch vụ khám bệnh, chữa bệnh của Nhà nước thuộc tỉnh Quảng Ninh quản lý)",
"bhyt,vien_phi",148465,36793,Căn cứ,True,False,False,"Thông tư số 04/2021/TT-BYT hướng dẫn thanh toán chi phí khám bệnh, chữa bệnh bảo hiểm y tế theo định suất",
bhyt,26100,25987,"Sửa đổi, bổ sung",True,True,False,"Quyết định số 02/2011/QĐ-TTg Sửa đổi khoản 1 điều 4 Quyết định số 87/2010/QĐ-TTg ngày 24 tháng 12 năm 2010 của Thủ tướng Chính phủ về việc cho doanh nghiệp, người lao động thuộc Tập đoàn Công nghiệp tàu thủy Việt Nam và Tổng công ty Hàng hải Việt Nam vay để chi trả nợ tiền lương, nợ bảo hiểm xã hội, bảo hiểm y tế, bảo hiểm thất nghiệp, trợ cấp thôi việc, trợ cấp mất việc làm, tạo việc làm, học nghề","Quyết định số 87/2010/QĐ-TTg Về việc cho doanh nghiệp, người lao động thuộc Tập đoàn Công nghiệp tàu thủy Việt Nam và Tổng công ty Hàng hải Việt Nam vay để chi trả nợ tiền lương, nợ bảo hiểm xã hội, bảo hiểm y tế, bảo hiểm thất nghiệp, trợ cấp thôi việc, trợ cấp mất việc làm, tạo việc làm, học nghề"
bhyt,113143,28013,Dẫn chiếu,False,True,False,,Thông tư số 178/2012/TT-BTC Hướng dẫn kế toán áp dụng cho Bảo hiểm xã hội Việt Nam
"bhyt,vien_phi",173935,167197,Căn cứ,True,False,False,"Nghị quyết số 29/2024/NQ-HĐND Bãi bỏ Nghị quyết số 15/2024/NQ-HĐND ngày 11 tháng 7 năm 2024 của Hội đồng nhân dân tỉnh Ninh Thuận quy định giá dịch vụ khám bệnh, chữa bệnh không thuộc phạm vi thanh toán của Quỹ bảo hiểm y tế trong các cơ sở khám bệnh, chữa bệnh của Nhà nước trên địa bàn tỉnh Ninh Thuận",
bhyt,17873,22137,Căn cứ,True,False,False,Quyết định số 196/2005/QĐ-TTg Về việc thành lập Vụ Bảo hiểm y tế thuộc Bộ Y tế,
bhyt,185037,178340,Căn cứ,True,False,False,"Nghị quyết số 57/2025/NQ-HĐND Quy định chính sách hỗ trợ mức đóng bảo hiểm y tế cho các nhóm đối tượng xã hội đang thường trú trên địa bàn thành phố Hải Phòng, giai đoạn 2026 - 2030",
bhyt,182087,12326,Căn cứ,True,False,False,"Thông tư số 81/2025/TT-BCA Quy định biện pháp thực hiện bảo hiểm y tế đối với sĩ quan, hạ sĩ quan, chiến sĩ và học viên Công an nhân dân",
"bhyt,vien_phi",184589,158181,Thay thế,True,False,True,"Nghị quyết số 68/2025/NQ-HĐND Quy định mức hỗ trợ đóng bảo hiểm y tế cho các đối tượng cao hơn mức hỗ trợ tối thiểu; đối tượng được hỗ trợ và mức hỗ trợ cùng chi trả chi phí khám bệnh, chữa bệnh bảo hiểm y tế cho người tham gia bảo hiểm y tế khi đi khám bệnh, chữa bệnh trên địa bàn tỉnh Lâm Đồng",
bhyt,173743,166391,Căn cứ,True,False,False,"Nghị quyết số 118/2024/NQ-HĐND Bãi bỏ Nghị quyết số 32/2024/NQ-HĐND ngày 11 tháng 7 năm 2024 của Hội đồng nhân dân tỉnh quy định giá cụ thể dịch vụ khám bệnh, chữa bệnh không thuộc phạm vi thanh toán của Quỹ bảo hiểm y tế nhưng không phải là đối tượng khám chữa bệnh theo yêu cầu trong các cơ sở khám bệnh, chữa bệnh của Nhà nước trên địa bàn tỉnh Kon Tum",
"bhyt,vien_phi",169332,168125,Căn cứ,True,False,False,"Nghị quyết số 06/2024/NQ-HĐND Về việc ban hành mức giá dịch vụ khám bệnh, chữa bệnh không thuộc phạm vi thanh toán của Quỹ bảo hiểm y tế mà không phải là dịch vụ khám bệnh, chữa bệnh theo yêu cầu tại các cơ sở khám bệnh, chữa bệnh của Nhà nước trên địa bàn tỉnh Khánh Hòa",
bhyt,153950,32610,Căn cứ,True,False,False,Nghị quyết số 13/2022/NQ-HĐND Quy định giá dịch vụ xét nghiệm SARS-CoV-2 không thuộc phạm vi thanh toán của Quỹ bảo hiểm y tế trong các cơ sở khám chữa bệnh của Nhà nước thuộc phạm vi quản lý của tỉnh Nam Định,
bhyt,126957,70819,Căn cứ,True,False,False,Nghị quyết số 78/2017/NQ-HĐND Quy định mức hỗ trợ đóng bảo hiểm y tế cho người thuộc hộ gia đình nghèo đa chiều thiếu hụt dịch vụ xã hội cơ bản khác (không bị thiếu hụt bảo hiểm y tế) trên địa bàn tỉnh Điện Biên,
bhyt,179736,147221,Thay thế,True,False,True,"Thông tư số 27/2025/TT-BYT quy định nguyên tắc, tiêu chí xây dựng, cập nhật, ghi thông tin, cấu trúc danh mục và hướng dẫn thanh toán đối với thuốc dược liệu, thuốc có kết hợp dược chất với các dược liệu, thuốc cổ truyền, dược liệu thuộc phạm vi được hưởng của người tham gia bảo hiểm y tế do Bộ trưởng Bộ Y tế ban hành",
bhyt,146838,115018,Thay thế,True,False,True,"Quyết định số Số: 03/2021/QĐ-UBND Quy định mức hỗ trợ đóng bảo hiểm y tế cho người thuộc hộ gia đình cận nghèo, người thuộc hộ gia đình làm nông nghiệp, lâm nghiệp, ngư nghiệp có mức sống trung bình và học sinh, sinh viên trên địa bàn tỉnh Điện Biên",
bhyt,8846bd40-80fb-11f1-8beb-4b8750743642,179427,Căn cứ,True,False,False,Nghị quyết số 16/2026/NQ-HĐND Quy định hỗ trợ mức đóng bảo hiểm y tế đối với người thuộc hộ thoát nghèo trên địa bàn tỉnh Hưng Yên giai đoạn 2026-2030,
bhyt,187259,12326,Căn cứ,True,False,False,Nghị quyết số 27/2026/NQ-HĐND Quy định mức hỗ trợ đóng bảo hiểm y tế trên địa bàn tỉnh giai đoạn 2026 - 2030.,
bhyt,176707,175258,Căn cứ,True,False,False,"Nghị định số 74/2025/NĐ-CP Sửa đổi, bổ sung một số điều của Nghị định số 70/2015/NĐ-CP ngày 01 tháng 09 năm 2015 của Chính phủ quy định chi tiết và hướng dẫn thi hành một số điều của Luật Bảo hiểm y tế đói với Quân đội nhân dân, công an nhân dân và người làm công tác cơ yếu",
bhyt,176707,132188,"Sửa đổi, bổ sung",True,False,False,"Nghị định số 74/2025/NĐ-CP Sửa đổi, bổ sung một số điều của Nghị định số 70/2015/NĐ-CP ngày 01 tháng 09 năm 2015 của Chính phủ quy định chi tiết và hướng dẫn thi hành một số điều của Luật Bảo hiểm y tế đói với Quân đội nhân dân, công an nhân dân và người làm công tác cơ yếu",
bhyt,13341,24218,Căn cứ,True,False,False,Quyết định số 900/2002/QĐ-CT Về việc quy định tạm thời mức thu các Dịch vụ kỹ thuật phục hồi chức năng được bảo hiểm y tế thanh toán,
bhyt,38018,36793,Dẫn chiếu,True,False,False,Nghị định số 105/2014/NĐ-CP Quy định chi tiết và hướng dẫn thi hành một số điều của Luật Bảo hiểm y tế,
bhyt,5218a7f0-6c7f-11f1-9c2b-932f5a2f1e38,178340,Căn cứ,True,False,False,"Quy định chính sách hỗ trợ bảo hiểm y tế đối với đồng bào dân tộc thiểu số trên địa bàn thành phố Đà Nẵng, giai đoạn 2026 - 2031",
bhyt,21163,10420,Căn cứ,True,False,False,Quyết định số 900/QĐ-CT Về việc quy định tạm thời mức thu các Dịch vụ kỹ thuật phục hồi chức năng được bảo hiểm y tế thanh toán,
bhyt,123244,179724,Văn bản sửa đổi,False,True,False,,"Thông tư số 24/2025/TT-BYT sửa đổi Thông tư 04/2017/TT-BYT về Danh mục và tỷ lệ, điều kiện thanh toán đối với vật tư y tế thuộc phạm vi được hưởng của người tham gia bảo hiểm y tế do Bộ trưởng Bộ Y tế ban hành"
bhyt,163811,163807,Văn bản căn cứ,True,False,False,Nghị quyết số 32/2023/NQ-HĐND Quy định hỗ trợ mức đóng bảo hiểm y tế cho hộ thoát nghèo và hộ thoát cận nghèo trên địa bàn tỉnh Cà Mau đến năm 2025,
vien_phi,49919,27488,Căn cứ,True,False,False,"Quyết định số 72/2012/QĐ-UBND Về việc quy định đơn giá dịch vụ khám bệnh, chữa bệnh tại các cơ sở khám bệnh, chữa bệnh của nhà nước trên địa bàn tỉnh Nghệ An",
bhyt,92697,38018,Căn cứ,False,True,False,,Nghị định số 105/2014/NĐ-CP Quy định chi tiết và hướng dẫn thi hành một số điều của Luật Bảo hiểm y tế
bhyt,84439,27066,Dẫn chiếu,True,False,False,"Quyết định số 30/2014/QĐ-UBND Ban hành quy định việc quản lý, cấp phát thẻ Bảo hiểm y tế cho các đối tượng được ngân sách Nhà nước đóng, hỗ trợ tiền đóng Bảo hiểm y tế trên địa bàn tỉnh Bình Thuận",
"bhyt,vien_phi",173283,168125,Căn cứ,True,False,False,"Nghị quyết số 30/2024/NQ-HĐND Bãi bỏ Nghị quyết số 39/2023/NQ-HĐND ngày 08 tháng 12 năm 2023 của Hội đồng nhân dân Thành phố quy định giá dịch vụ khám bệnh, chữa bệnh không thuộc phạm vi thanh toán của Quỹ Bảo hiểm y tế trong các cơ sở khám bệnh, chữa bệnh của Nhà nước thuộc Thành phố Hồ Chí Minh quản lý và mức giá dịch vụ khám bệnh, chữa bệnh trong một số trường hợp",
"bhyt,vien_phi",173343,70819,Căn cứ,True,False,False,"Nghị quyết số 30/2024/NQ-HĐND Bãi bỏ Nghị quyết số 16/2019/NQ-HĐND ngày 04 tháng 10 năm 2019 của Hội đồng nhân dân tỉnh Hậu Giang quy định mức giá dịch vụ khám bệnh, chữa bệnh không thuộc phạm vi thanh toán của quỹ bảo hiểm y tế trong các cơ sở khám bệnh, chữa bệnh của Nhà nước trên địa bàn tỉnh Hậu Giang",
bhyt,100276,47035,Căn cứ,True,False,False,"Quyết định số 31/2015/QĐ-UBND Về việc bổ sung Điều 6 Quyết định số 25/2015/QĐ-UBND ngày 12 tháng 5 năm 2015 của Ủy ban nhân dân tỉnh quy định đăng ký khám bệnh, chữa bệnh ban đầu và chuyển tuyến khám bệnh, chữa bệnh bảo hiểm y tế trên địa bàn tỉnh Ninh Thuận",
bhyt,184799,175440,Căn cứ,True,False,False,"Nghị quyết số 23/2025/NQ-HĐND Quy định mức hỗ trợ đóng bảo hiểm y tế đối với người thuộc hộ cận nghèo, người cao tuổi từ đủ 60 tuổi đến dưới 75 tuổi, người dân tộc thiểu số có khó khăn đặc thù trên địa bàn tỉnh Lào Cai",
bhyt,100267,38036,Căn cứ,True,False,False,"Quyết định số 25/2015/QĐ-UBND Ban hành Quy định đăng ký khám bệnh, chữa bệnh ban đầu và chuyển tuyến khám bệnh, chữa bệnh bảo hiểm y tế trên địa bàn tỉnh Ninh Thuận",
vien_phi,49919,16559,Căn cứ,True,False,False,"Quyết định số 72/2012/QĐ-UBND Về việc quy định đơn giá dịch vụ khám bệnh, chữa bệnh tại các cơ sở khám bệnh, chữa bệnh của nhà nước trên địa bàn tỉnh Nghệ An",
bhyt,118234,38018,Căn cứ,True,True,False,QUYẾT ĐỊNH SỐ 53/2016/QĐ-UBND QUY ĐỊNH MỨC HỖ TRỢ ĐÓNG BẢO HIỂM Y TẾ CHO NGƯỜI THUỘC HỘ GIA ĐÌNH CẬN NGHÈO TRÊN ĐỊA BÀN TỈNH NGHỆ AN GIAI ĐOẠN 2016-2020,Nghị định số 105/2014/NĐ-CP Quy định chi tiết và hướng dẫn thi hành một số điều của Luật Bảo hiểm y tế
bhyt,100729,20068,Căn cứ,True,False,False,"Quyết định số 2583/2014/QĐ-UBND Về việc ban hành Quy chế phối hợp công tác thực hiện pháp luật về bảo hiểm xã hội, bảo hiểm y tế, bảo hiểm thất nghiệp",
bhyt,106259,101359,Căn cứ,True,False,False,Quyết định số 08/2016/QĐ-UBND Về việc quy định mức hỗ trợ đóng bảo hiểm y tế cho hộ cận nghèo trên địa bàn tỉnh Ninh Thuận năm 2016,
bhyt,48242,17855,Căn cứ,True,False,False,"Quyết định số 05/2015/QĐ-UBND Về việc thực hiện chế độ hỗ trợ bảo hiểm xã hội tự nguyện, bảo hiểm y tế cho công an viên và thôn, ấp, khu đội trưởng được bố trí ở thôn, ấp, khu phố trên địa bàn tỉnh Bà Rịa - Vũng Tàu",
bhyt,172977,145322,Bãi bỏ,True,False,True,Nghị quyết số 110/2024/NQ-HĐND Bãi bỏ các Nghị quyết của Hội đồng nhân dân tỉnh Gia Lai,
bhyt,118234,120088,Căn cứ,True,False,False,QUYẾT ĐỊNH SỐ 53/2016/QĐ-UBND QUY ĐỊNH MỨC HỖ TRỢ ĐÓNG BẢO HIỂM Y TẾ CHO NGƯỜI THUỘC HỘ GIA ĐÌNH CẬN NGHÈO TRÊN ĐỊA BÀN TỈNH NGHỆ AN GIAI ĐOẠN 2016-2020,
bhyt,106259,36793,Căn cứ,True,False,False,Quyết định số 08/2016/QĐ-UBND Về việc quy định mức hỗ trợ đóng bảo hiểm y tế cho hộ cận nghèo trên địa bàn tỉnh Ninh Thuận năm 2016,
bhyt,92807,38018,Căn cứ,False,True,False,,Nghị định số 105/2014/NĐ-CP Quy định chi tiết và hướng dẫn thi hành một số điều của Luật Bảo hiểm y tế
bhyt,161822,139878,Căn cứ,True,False,False,"Quyết định số 38/2023/QĐ-UBND Sửa đổi, bổ sung một số điều của Quyết định số 36/2018/QĐ-UBND ngày 13/6/2018 của Ủy ban nhân dân tỉnh Thừa Thiên Huế quy định mức hỗ trợ kinh phí đóng bảo hiểm y tế và chi phí cùng chi trả đối với thuốc kháng vi rút HIV (ARV) cho người nhiễm HIV/AIDS trên địa bàn tỉnh Thừa Thiên Huế",
"bhyt,vien_phi",172810,166391,Căn cứ,True,False,False,"Nghị quyết số 26/2024/NQ-HĐND bãi bỏ Nghị quyết số 02/2024/NQ-HĐND ngày 26/02/2024 của HĐND tỉnh Quy định giá dịch vụ khám bệnh, chữa bệnh không thuộc phạm vi thanh toán của Quỹ Bảo hiểm y tế trong các cơ sở khám bệnh, chữa bệnh của Nhà nước trên địa bàn tỉnh Trà Vinh",
bhyt,141799,132188,Căn cứ,True,False,False,Nghị quyết số 287/2020/NQ-HĐND Hỗ trợ kinh phí đóng bảo hiểm y tế cho người nhiễm HIV chưa có thẻ bảo hiểm y tế trên địa bàn tỉnh Kiên Giang,
"bhyt,vien_phi",141544,52575,Căn cứ,True,False,False,"Nghị quyết số 18/2019/NQ-HĐND Quy định giá dịch vụ khám bệnh, chữa bệnh không thuộc phạm vi thanh toán của Quỹ bảo hiểm y tế tại các cơ sở khám bệnh, chữa bệnh của Nhà nước do địa phương quản lý",
bhyt,183011,12326,Căn cứ,True,False,False,"Nghị quyết số 26/2017/NQ-HĐND Về việc sửa đổi, bổ sung Khoản 3 Điều 1 của Nghị quyết số 31/2015/NQ-HĐND ngày 10/12/2015 của Hội đồng nhân dân tỉnh Ninh Bình về việc hỗ trợ kinh phí đóng bảo hiểm y tế cho một số đối tượng có hộ khẩu thường trú tại tỉnh Ninh Bình",
bhyt,172336,170853,Căn cứ,False,True,False,,"Nghị định số 63/2024/NĐ-CP Quy định việc thực hiện liên thông điện tử 02 nhóm thủ tục hành chính: Đăng ký khai sinh, đăng ký thường trú, cấp thẻ bảo hiểm y tế cho trẻ em dưới 6 tuổi; đăng ký khai tử, xóa đăng ký thường trú, giải quyết mai táng phí, tử tuất"
bhyt,156404,70807,Căn cứ,True,False,False,"Quyết định số 49/2022/QĐ-UBND Quy định mức giá dịch vụ xét nghiệm SARS-CoV-2 trong trường hợp không thuộc phạm vi thanh toán của Quỹ bảo hiểm y tế tại các cơ sở khám bệnh, chữa bệnh công lập thuộc tỉnh Ninh Thuận",
"bhyt,vien_phi",155057,115469,Căn cứ,True,False,False,"Quyết định số 10/2022/QĐ-UBND Về sửa đổi, bổ sung Quyết định 56/2019/QĐ-UBND ngày 31 tháng 12 năm 2019 của Ủy ban nhân dân tỉnh Hà Nam về quy định mức giá dịch vụ khám bệnh, chữa bệnh không thuộc phạm vi thanh toán của Quỹ bảo hiểm y tế trong các cơ sở khám bệnh, chữa bệnh của Nhà nước thuộc địa phương quản lý trên địa bàn tỉnh Hà Nam",
bhyt,51097,25617,Căn cứ,True,False,False,"Nghị quyết số 52/2012/NQ-HĐND Về quy định mức trợ cấp ngày công lao động, hỗ trợ tiền ăn cho lực lượng dân quân khi thực hiện nhiệm vụ và chế độ bảo hiểm y tế cho lực lượng dân quân thường trực trên địa bàn tỉnh Quảng Nam",
bhyt,58497,38018,Căn cứ,False,True,False,,Nghị định số 105/2014/NĐ-CP Quy định chi tiết và hướng dẫn thi hành một số điều của Luật Bảo hiểm y tế
bhyt,13341,22443,Căn cứ,True,False,False,Quyết định số 900/2002/QĐ-CT Về việc quy định tạm thời mức thu các Dịch vụ kỹ thuật phục hồi chức năng được bảo hiểm y tế thanh toán,
bhyt,168686,184799,Văn bản quy định hết hiệu lực,False,True,False,,"Nghị quyết số 23/2025/NQ-HĐND Quy định mức hỗ trợ đóng bảo hiểm y tế đối với người thuộc hộ cận nghèo, người cao tuổi từ đủ 60 tuổi đến dưới 75 tuổi, người dân tộc thiểu số có khó khăn đặc thù trên địa bàn tỉnh Lào Cai"
bhyt,163878,185037,Văn bản quy định hết hiệu lực,False,True,False,,"Nghị quyết số 57/2025/NQ-HĐND Quy định chính sách hỗ trợ mức đóng bảo hiểm y tế cho các nhóm đối tượng xã hội đang thường trú trên địa bàn thành phố Hải Phòng, giai đoạn 2026 - 2030"
bhyt,185037,179427,Căn cứ,True,False,False,"Nghị quyết số 57/2025/NQ-HĐND Quy định chính sách hỗ trợ mức đóng bảo hiểm y tế cho các nhóm đối tượng xã hội đang thường trú trên địa bàn thành phố Hải Phòng, giai đoạn 2026 - 2030",
bhyt,179920,175027,Căn cứ,True,False,False,"Nghị quyết số 19/2025/NQ-HĐND Quy định nội dung, mức hỗ trợ đóng bảo hiểm xã hội tự nguyện, bảo hiểm y tế cho các đối tượng chính sách xã hội của thành phố Hà Nội (Thực hiện điểm a, điểm b khoản 3, khoản 4 Điều 27 Luật Thủ đô)",
bhyt,185662,178340,Căn cứ,True,False,False,Nghị quyết số 43/2025/NQ-HĐND Quy định mức hỗ trợ đóng bảo hiểm y tế cho một số đối tượng trên địa bàn tỉnh Tuyên Quang,
bhyt,1ae37070-768f-11f1-9478-a32d42492b41,178717,Căn cứ,True,False,False,"Quy định số lượng và mức phụ cấp hàng tháng đối với cộng tác viên công tác xã hội xã, phường trên địa bàn tỉnh Vĩnh Long",
"bhyt,vien_phi",174525,168125,Căn cứ,True,False,False,"Nghị quyết số 47/2024/NQ-HĐND Bãi bỏ Nghị quyết số 26/2024/NQ-HĐND ngày 23 tháng 7 năm 2024 của Hội đồng nhân dân tỉnh Quy định mức giá dịch vụ khám bệnh, chữa bệnh không thuộc phạm vi thanh toán của Quỹ bảo hiểm y tế mà không phải là dịch vụ khám bệnh, chữa bệnh theo yêu cầu trong các cơ sở khám bệnh, chữa bệnh của Nhà nước thuộc tỉnh Quảng Ngãi quản lý",
bhyt,173951,172923,Căn cứ,False,True,False,,Luật Bảo hiểm y tế sửa đổi 2024 số Luật số 51/2024/QH15
bhyt,96394,12326,Căn cứ,True,False,False,"Nghị quyết số 42/2014/NQ-HDND Về việc phê duyệt chế độ hỗ trợ bảo hiểm xã hội tự nguyện, bảo hiểm y tế cho công an viên và thôn, ấp, khu đội trưởng được bố trí ở thôn, ấp, khu phố trên địa bàn tỉnh Bà Rịa - Vũng Tàu",
bhyt,179711,32912,Dẫn chiếu,True,False,False,Nghị định số 188/2025/NĐ-CP hướng dẫn Luật Bảo hiểm y tế,
bhyt,94002,38018,Căn cứ,False,True,False,,Nghị định số 105/2014/NĐ-CP Quy định chi tiết và hướng dẫn thi hành một số điều của Luật Bảo hiểm y tế
bhyt,159070,139879,Căn cứ,True,False,False,"Nghị quyết số 34/2022/NQ-HĐND Quy định việc hỗ trợ đóng bảo hiểm xã hội và bảo hiểm y tế cho ấp (khu) đội trưởng, người hoạt động không chuyên trách ở ấp, khu phố và người trực tiếp tham gia công việc ở ấp, khu phố trên địa bàn tỉnh Kiên Giang",
bhyt,128759,70800,Căn cứ,True,False,False,"Quyết định số 02/2018/QĐ-UBND Bãi bỏ các quy định về thực hiện mức hỗ trợ đóng bảo hiểm xã hội tự nguyện, bảo hiểm y tế cho cán bộ không chuyên trách xã, phường, thị trấn trên địa bàn tỉnh Quảng Nam theo Quyết định số 02/2010/QĐ-UBND ngày 19/01/2010 của UBND tỉnh Quảng Nam",
bhyt,8619b9a0-5e55-11f1-8e5a-2929924511d6,36793,Căn cứ,True,False,False,"Nghị định 02/2025/NĐ-CP Sửa đổi, bổ sung một số điều của nghị định số 146/2018/NĐ-CP ngày 17 tháng 10 năm 2018 của chính phủ quy định chi tiết và hướng dẫn biện pháp thi hành luật bảo hiểm y tể, đã được sửa đổi, bổ sung một số điều tại nghị định số 75/2023/NĐ-CP ngày 19 tháng 10 năm 2023 của chính phủ",
bhyt,168803,166456,Căn cứ,True,False,False,Nghị quyết số 15/2024/NQ-HĐND Quy định chính sách hỗ trợ kinh phí đóng bảo hiểm y tế; chi phí cùng chi trả đối với thuốc kháng HIV cho người nhiễm HIV/AIDS có thẻ bảo hiểm y tế trên địa bàn tỉnh Nghệ An,
bhyt,179772,100567,Dẫn chiếu,True,False,False,"Thông tư số 63/2025/TT-BQP Quy định, hướng dẫn thực hiện một số điều của Nghị định số 70/2015/NĐ-CP ngày 01 tháng 9 năm 2015 của Chính phủ quy định chi tiết và hướng dẫn thi hành một số điều của Luật Bảo hiểm y tế đối với quân đội nhân dân, công an nhân dân và người làm công tác cơ yếu; Nghị định số 74/2025/NĐ-CP ngày 31 tháng 3 năm 2025 sửa đổi, bổ sung một số điều của Nghị định số 70/2015/NĐ-CP ngày 01 tháng 9 năm 2015 của Chính phủ",
bhyt,104348,38018,"Quy định chi tiết, hướng dẫn thi hành",False,True,False,,Nghị định số 105/2014/NĐ-CP Quy định chi tiết và hướng dẫn thi hành một số điều của Luật Bảo hiểm y tế
bhyt,67295,27159,Căn cứ,True,False,False,"Thông tư liên tịch số 05/2015/TTLT-BTP-BCA-BYT Hướng dẫn thực hiện liên thông các thủ tục hành chính về đăng ký khai sinh, đăng ký thường trú, cấp thẻ bảo hiểm y tế cho trẻ em dưới 6 tuổi",
bhyt,176604,153016,Bãi bỏ,True,False,True,"Nghị quyết số 02/2025/NQ-HĐND Bãi bỏ Nghị quyết số 02/2022/NQ-HĐND ngày 25 tháng 02 năm 2022 của Hội đồng nhân dân tỉnh quy định mức giá dịch vụ xét nghiệm SARS-CoV-2 tại các cơ sở khám bệnh, chữa bệnh của Nhà nước không thuộc phạm vi thanh toán của Quỹ bảo hiểm y tế trên địa bàn tỉnh Bà Rịa - Vũng Tàu",
bhyt,185524,179501,Căn cứ,True,False,False,"Nghị quyết số 818/2025/NQ-HĐND Quy định mức hỗ trợ từ ngân sách nhà nước đóng bảo hiểm y tế, bảo hiểm xã hội tự nguyện cho một số đối tượng trên địa bàn tỉnh Hưng Yên",
"bhyt,vien_phi",173176,172699,Căn cứ,True,False,False,"Nghị quyết số 68/2024/NQ-HĐND Quy định giá dịch vụ khám bệnh, chữa bệnh thuộc danh mục thanh toán của Quỹ bảo hiểm y tế, giá dịch vụ khám bệnh, chữa bệnh do ngân sách nhà nước thanh toán và giá dịch vụ khám bệnh, chữa bệnh không thuộc danh mục thanh toán của Quỹ bảo hiểm y tế mà không phải là dịch vụ khám bệnh, chữa bệnh theo yêu cầu tại các cơ sở khám bệnh, chữa bệnh công lập thuộc thành phố Đà Nẵng",
bhyt,167934,135466,Dẫn chiếu,False,True,False,,"Thông tư số 27/2018/TT-BYT Hướng dẫn thực hiện bảo hiểm y tế và khám bệnh, chữa bệnh liên quan đến HIV/AIDS"
bhyt,b01378e0-84b1-11f1-8231-494746e1fc69,176707,Giải thích,False,True,False,,"Nghị định số 74/2025/NĐ-CP Sửa đổi, bổ sung một số điều của Nghị định số 70/2015/NĐ-CP ngày 01 tháng 09 năm 2015 của Chính phủ quy định chi tiết và hướng dẫn thi hành một số điều của Luật Bảo hiểm y tế đói với Quân đội nhân dân, công an nhân dân và người làm công tác cơ yếu"
bhyt,184087,176707,Dẫn chiếu,True,True,False,Thông tư số 98/2025/TT-BQP Hướng dẫn thực hiện một số điều của Nghị định số 188/2025/NĐ-CP ngày 01 tháng 7 năm 2025 của Chính phủ quy định chi tiết và hướng dẫn thi hành một số điều của Luật Bảo hiểm y tế đối với các đối tượng thuộc phạm vi quản lý của Bộ Quốc phòng,"Nghị định số 74/2025/NĐ-CP Sửa đổi, bổ sung một số điều của Nghị định số 70/2015/NĐ-CP ngày 01 tháng 09 năm 2015 của Chính phủ quy định chi tiết và hướng dẫn thi hành một số điều của Luật Bảo hiểm y tế đói với Quân đội nhân dân, công an nhân dân và người làm công tác cơ yếu"
bhyt,117674,36793,Căn cứ,True,False,False,"Nghị định số 21/2016/NĐ-CP Quy định việc thực hiện chức năng thanh tra chuyên ngành về đóng bảo hiểm xã hội, bảo hiểm thất nghiệp, bảo hiểm y tế của cơ quan bảo hiểm xã hội",
bhyt,117674,15057,Căn cứ,True,False,False,"Nghị định số 21/2016/NĐ-CP Quy định việc thực hiện chức năng thanh tra chuyên ngành về đóng bảo hiểm xã hội, bảo hiểm thất nghiệp, bảo hiểm y tế của cơ quan bảo hiểm xã hội",
bhyt,109324,4120,"Sửa đổi, bổ sung",True,True,False,Thông tư liên tịch số 07/2002/TTLT-BTC-BYT Sửa đổi bổ sung một số điều của thông tư liên tịch số 151/1998 TTlT - BTC - BYT ngày 20/11/1998 của Liên bộ Tài chính và Bộ y tế hướng dẫn chế độ quản lý tài chính quỹ bảo hiểm y tế,Thông tư liên tịch số 151/1998/TTLT-BTC-BYT Thông tư hướng dẫn chế độ quản lý tài chính quỹ bảo hiểm y tế
bhyt,117826,140624,Văn bản quy định hết hiệu lực,False,True,False,,Thông tư số 30/2019/TT-BLĐTBXH Hướng dẫn lập danh sách đối tượng tham gia bảo hiểm y tế do Bộ Lao động - Thương binh và Xã hội quản lý
bhyt,74259,41968,Văn bản dẫn chiếu,True,False,False,"Quyết định số 16/2013/QĐ-UBND Về việc sửa đổi, bổ sung điểm c, khoản 2, Điều 1 Quy định phân cấp quản lý mua, cấp phát thẻ bảo hiểm y tế cho các đối tượng được ngân sách nhà nước đảm bảo trên địa bàn tỉnh Hòa Bình ban hành kèm theo Quyết định số 14/2012/QĐ-UBND ngày 19 tháng 9 năm 2012 của UBND tỉnh Hòa Bình",
bhyt,140172,36793,Căn cứ,True,False,False,Nghị quyết số 11/2019/NQ-HĐND Hỗ trợ bảo hiểm y tế cho người thuộc hộ nghèo khi mới thoát nghèo trên địa bàn tỉnh Bạc Liêu,
bhyt,185356,117045,Thay thế,True,False,True,Nghị quyết số '26/2025/NQ-HĐND Quy định mức hỗ trợ đóng bảo hiểm y tế cho một số đối tượng trên địa bàn thành phố Cần Thơ,
bhyt,185418,61530,Bãi bỏ,True,False,True,"Nghị quyết số 99/2025/NQ-HĐND quy định chính sách hỗ trợ kinh phí tham gia bảo hiểm xã hội tự nguyện, bảo hiểm y tế trên địa bàn tỉnh Bắc Ninh, giai đoạn 2026- 2030",
bhyt,158024,70800,Căn cứ,True,False,False,Nghị quyết số 26/2022/NQ-HĐND Quy định mức hỗ trợ đóng bảo hiểm y tế cho người thuộc hộ gia đình cận nghèo giai đoạn 2023-2025 trên địa bàn tỉnh Ninh Thuận,
bhyt,158050,27624,Căn cứ,True,False,False,"Nghị quyết số 61/2022/NQ-HĐND Quy định mức giá dịch vụ xét nghiệm SARS-CoV-2 không thuộc phạm vi thanh toán của Quỹ bảo hiểm y tế cho các cơ sở khám bệnh, chữa bệnh của Nhà nước trên địa bàn tỉnh Lai Châu",
bhyt,127110,70800,Căn cứ,True,False,False,"Nghị quyết số 50/2017/NQ-HĐND Về bãi bỏ Khoản 1, Khoản 2, Khoản 3 Mục II Điều 1 Nghị quyết số 155/2009/NQ-HĐND ngày 10 tháng 12 năm 2009 của Hội đồng nhân dân tỉnh về mức hỗ trợ đóng bảo hiểm xã hội tự nguyện, bảo hiểm y tế cho cán bộ không chuyên trách xã, phường, thị trấn",
bhyt,40940,24584,Căn cứ,True,False,False,"Quyết định số 1111/QĐ-BHXH Về việc ban hành Quy định quản lý thu bảo hiểm xã hội, bảo hiểm y tế; quản lý sổ bảo hiểm xã hội, thẻ bảo hiểm y tế",
bhyt,77487,143761,Văn bản quy định hết hiệu lực,False,True,False,,"Quyết định số 37/2020/QĐ-UBND Về việc bãi bỏ Quyết định số 28/2013/QĐ-UBND ngày 26/7/2013 của UBND tỉnh ban hành quy định phối hợp giải quyết thủ tục hành chính về đăng ký khai sinh, khai tử, bảo hiểm y tế và đăng ký thường trú trên địa bàn tỉnh và Quyết định số 23/2015/QĐ-UBND ngày 01/6/2015 về việc sửa đổi, bổ sung Quyết định số 28/2013/QĐ-UBND ngày 26/7/2013 của UBND tỉnh"
bhyt,89902,13036,Dẫn chiếu,True,False,False,"Quyết định 5063/QĐ-UBND về Kế hoạch thực hiện Bảo hiểm y tế toàn dân trên địa bàn Thành phố Hồ Chí Minh, giai đoạn 2012 - 2015 và giai đoạn 2016 - 2020",
bhyt,143761,103581,Căn cứ,True,False,False,"Quyết định số 37/2020/QĐ-UBND Về việc bãi bỏ Quyết định số 28/2013/QĐ-UBND ngày 26/7/2013 của UBND tỉnh ban hành quy định phối hợp giải quyết thủ tục hành chính về đăng ký khai sinh, khai tử, bảo hiểm y tế và đăng ký thường trú trên địa bàn tỉnh và Quyết định số 23/2015/QĐ-UBND ngày 01/6/2015 về việc sửa đổi, bổ sung Quyết định số 28/2013/QĐ-UBND ngày 26/7/2013 của UBND tỉnh",
"bhyt,vien_phi",173463,168125,Căn cứ,True,False,False,"Nghị quyết số 13/2024/NQ-HĐND Về việc Bãi bỏ các Nghị quyết của Hội đồng nhân dân tỉnh quy định giá dịch vụ khám bệnh, chữa bệnh không thuộc phạm vi thanh toán của Quỹ bảo hiểm y tế trong các cơ sở khám bệnh, chữa bệnh của Nhà nước trên địa bàn tỉnh Bắc Ninh",
bhyt,173380,70800,Căn cứ,True,False,False,"Nghị quyết số 20/2024/NQ-HĐND Về việc quy định mức hỗ trợ đóng bảo hiểm y tế cho người dân tộc thiểu số tại các thôn, tổ dân phố, xã không thuộc vùng có điều kiện kinh tế - xã hội khó khăn, đặc biệt khó khăn trên địa bàn tỉnh Khánh Hòa",
"bhyt,vien_phi",174421,172699,Căn cứ,True,False,False,"Nghị quyết số 30/2024/NQ-HĐND Bãi bỏ Nghị quyết số 09/2019/NQ-HĐND ngày 06 tháng 12 năm 2019 của Hội đồng nhân dân tỉnh “về việc quy định mức giá dịch vụ khám bệnh, chữa bệnh không thuộc phạm vi thanh toán của Quỹ bảo hiểm y tế trong các cơ sở khám bệnh, chữa bệnh của Nhà nước trên địa bàn tỉnh Bạc Liêu”",
"bhyt,vien_phi",172835,146383,Căn cứ,True,False,False,"Nghị quyết số 25/2024/NQ-HĐND Bãi bỏ Nghị quyết số 03/2024/NQ-HĐND ngày 28/3/2024 của Hội đồng nhân dân tỉnh Bắc Kạn quy định giá dịch vụ khám bệnh, chữa bệnh không thuộc phạm vi thanh toán của Quỹ Bảo hiểm y tế trong các cơ sở khám bệnh, chữa bệnh của nhà nước thuộc tỉnh Bắc Kạn quản lý và mức giá dịch vụ khám bệnh, chữa bệnh trong một số trường hợp",
bhyt,158024,166391,Căn cứ,True,False,False,Nghị quyết số 26/2022/NQ-HĐND Quy định mức hỗ trợ đóng bảo hiểm y tế cho người thuộc hộ gia đình cận nghèo giai đoạn 2023-2025 trên địa bàn tỉnh Ninh Thuận,
bhyt,126957,70800,Căn cứ,True,False,False,Nghị quyết số 78/2017/NQ-HĐND Quy định mức hỗ trợ đóng bảo hiểm y tế cho người thuộc hộ gia đình nghèo đa chiều thiếu hụt dịch vụ xã hội cơ bản khác (không bị thiếu hụt bảo hiểm y tế) trên địa bàn tỉnh Điện Biên,
bhyt,58497,179736,Văn bản bổ sung,False,True,False,,"Thông tư số 27/2025/TT-BYT quy định nguyên tắc, tiêu chí xây dựng, cập nhật, ghi thông tin, cấu trúc danh mục và hướng dẫn thanh toán đối với thuốc dược liệu, thuốc có kết hợp dược chất với các dược liệu, thuốc cổ truyền, dược liệu thuộc phạm vi được hưởng của người tham gia bảo hiểm y tế do Bộ trưởng Bộ Y tế ban hành"
bhyt,157821,184799,Văn bản quy định hết hiệu lực,False,True,False,,"Nghị quyết số 23/2025/NQ-HĐND Quy định mức hỗ trợ đóng bảo hiểm y tế đối với người thuộc hộ cận nghèo, người cao tuổi từ đủ 60 tuổi đến dưới 75 tuổi, người dân tộc thiểu số có khó khăn đặc thù trên địa bàn tỉnh Lào Cai"
bhyt,184708,146013,Tạm ngưng hiệu lực,True,False,False,"Nghị quyết số 57/2025/NQ-HĐND Quy định chính sách hỗ trợ mức đóng bảo hiểm y tế cho các nhóm đối tượng xã hội đang thường trú trên địa bàn thành phố Hải Phòng, giai đoạn 2026 - 2030",
bhyt,175447,172923,Căn cứ,True,True,False,Nghị quyết số 05/2025/NQ-HĐND Quy định chính sách hỗ trợ 100% mức đóng bảo hiểm y tế theo hộ gia đình đối với người từ đủ 60 tuổi đến dưới 75 tuổi thuộc hộ cận nghèo và hộ có mức sống trung bình theo chuẩn thành phố trên địa bàn thành phố Đà Nẵng,Luật Bảo hiểm y tế sửa đổi 2024 số Luật số 51/2024/QH15
bhyt,156169,70800,Căn cứ,True,False,False,"Nghị quyết số 12/2022/NQ-HĐND Quy định mức giá dịch vụ xét nghiệm SARS-CoV-2 trong trường hợp không thuộc phạm vi thanh toán của Quỹ bảo hiểm y tế tại các cơ sở khám bệnh, chữa bệnh công lập thuộc tỉnh Ninh Thuận",
"bhyt,vien_phi",141544,70819,Căn cứ,True,False,False,"Nghị quyết số 18/2019/NQ-HĐND Quy định giá dịch vụ khám bệnh, chữa bệnh không thuộc phạm vi thanh toán của Quỹ bảo hiểm y tế tại các cơ sở khám bệnh, chữa bệnh của Nhà nước do địa phương quản lý",
bhyt,136623,12326,Căn cứ,True,False,False,Nghị quyết số 83/2019/NQ-HĐND Hỗ trợ kinh phí mua thẻ bảo hiểm y tế cho người nhiễm HIV/AIDS và kinh phí cùng chi trả thuốc kháng vi-rút HIV (ARV) cho người nhiễm HIV/AIDS có thẻ bảo hiểm y tế trên địa bàn tỉnh Trà Vinh giai đoạn 2019 - 2020,
bhyt,dbc1a020-80e2-11f1-b5dd-c1a50ca8fa9c,e903ac50-76bb-11f1-8fea-b7ba0a214fc2,Căn cứ,True,False,False,"Thông tư Quy định thực hiện chương trình hỗ trợ thuốc miễn phí cho cơ sở khám bệnh, chữa bệnh để điều trị cho người bệnh",
bhyt,140624,17141,Dẫn chiếu,True,False,False,Thông tư số 30/2019/TT-BLĐTBXH Hướng dẫn lập danh sách đối tượng tham gia bảo hiểm y tế do Bộ Lao động - Thương binh và Xã hội quản lý,
bhyt,184965,179711,Căn cứ,False,True,False,,Nghị định số 188/2025/NĐ-CP hướng dẫn Luật Bảo hiểm y tế
"bhyt,vien_phi",174274,70800,Căn cứ,True,False,False,"Nghị quyết số 41/2024/NQ-HĐND Bãi bỏ Nghị quyết số 26/2024/NQ-HĐND ngày 31 tháng 5 năm 2024 của Hội đồng nhân dân tỉnh quy định giá dịch vụ khám bệnh, chữa bệnh không thuộc danh mục do Quỹ bảo hiểm y tế thanh toán mà không phải là dịch vụ khám bệnh, chữa bệnh theo yêu cầu đối với các cơ sở khám bệnh, chữa bệnh của Nhà nước thuộc tỉnh Thanh Hóa quản lý",
bhyt,155518,153632,Căn cứ,True,False,False,Nghị quyết số 10/2022/NQ-HĐND Quy định mức giá dịch vụ xét nghiệm SARS-CoV-2 bao gồm chi phí trực tiếp và chi phí tiền lương (chưa bao gồm sinh phẩm xét nghiệm phản ứng) trong trường hợp không thuộc phạm vi thanh toán của Quỹ bảo hiểm y tế trên địa bàn tỉnh An Giang,
bhyt,123510,38018,Căn cứ,True,True,False,Nghị quyết số 68/2017/NQ-HĐND Quy định mức hỗ trợ kinh phí đóng bảo hiểm y tế và chi phí cùng chi trả sử dụng thuốc kháng vi rút HIV đối với người nhiễm HIV/AIDS trên địa bàn tỉnh Điện Biên,Nghị định số 105/2014/NĐ-CP Quy định chi tiết và hướng dẫn thi hành một số điều của Luật Bảo hiểm y tế
"bhyt,vien_phi",143848,103581,Căn cứ,True,False,False,"Quyết định số 28/2020/QĐ-UBND Quy định giá dịch vụ khám bệnh, chữa bệnh không thuộc phạm vi thanh toán của Quỹ bảo hiểm y tế trong các cơ sở khám bệnh, chữa bệnh của Nhà nước trên địa bàn tỉnh Ninh Thuận.",
bhyt,51054,127110,Văn bản quy định hết hiệu lực 1 phần,False,True,False,,"Nghị quyết số 50/2017/NQ-HĐND Về bãi bỏ Khoản 1, Khoản 2, Khoản 3 Mục II Điều 1 Nghị quyết số 155/2009/NQ-HĐND ngày 10 tháng 12 năm 2009 của Hội đồng nhân dân tỉnh về mức hỗ trợ đóng bảo hiểm xã hội tự nguyện, bảo hiểm y tế cho cán bộ không chuyên trách xã, phường, thị trấn"
bhyt,555174c0-66ed-11f1-a036-8bf17f3cc74c,12326,Căn cứ,True,False,False,Nghị quyết Quy định mức hỗ trợ đóng bảo hiểm y tế cho một số đối tượng trên địa bàn tỉnh Thái Nguyên,
"bhyt,vien_phi",173517,170583,Căn cứ,True,False,False,"Nghị quyết số 83/2024/NQ-HĐND Bãi bỏ Nghị quyết số 25/2024/NQ-HĐND ngày 17 tháng 7 năm 2024 của Hội đồng nhân dân tỉnh Lai Châu Quy định giá dịch vụ khám bệnh, chữa bệnh không thuộc phạm vi thanh toán của Quỹ bảo hiểm y tế trong các cơ sở khám bệnh, chữa bệnh của nhà nước thuộc tỉnh Lai Châu quản lý",
bhyt,158024,146383,Căn cứ,True,False,False,Nghị quyết số 26/2022/NQ-HĐND Quy định mức hỗ trợ đóng bảo hiểm y tế cho người thuộc hộ gia đình cận nghèo giai đoạn 2023-2025 trên địa bàn tỉnh Ninh Thuận,
bhyt,166928,146383,Căn cứ,True,False,False,Nghị quyết số 288/2022/NQ-HĐND Quy định mức giá dịch vụ xét nghiệm SARS-CoV-2 (chưa bao gồm sinh phẩm xét nghiệm phản ứng) do cơ sở y tế của Nhà nước thực hiện không thuộc phạm vi thanh toán của Quỹ bảo hiểm y tế trên địa bàn tỉnh Thanh Hoá,
bhyt,153738,70819,Căn cứ,True,False,False,"Nghị quyết số 03/2022/NQ-HĐND Quy định giá dịch vụ xét nghiệm SARS-CoV-2 (chưa bao gồm sinh phẩm xét nghiệm phản ứng) trong trường hợp không thuộc phạm vi thanh toán của Quỹ bảo hiểm y tế tại các cơ sở khám bệnh, chữa bệnh của Nhà nước trên địa bàn tỉnh",
bhyt,127110,70819,Căn cứ,True,False,False,"Nghị quyết số 50/2017/NQ-HĐND Về bãi bỏ Khoản 1, Khoản 2, Khoản 3 Mục II Điều 1 Nghị quyết số 155/2009/NQ-HĐND ngày 10 tháng 12 năm 2009 của Hội đồng nhân dân tỉnh về mức hỗ trợ đóng bảo hiểm xã hội tự nguyện, bảo hiểm y tế cho cán bộ không chuyên trách xã, phường, thị trấn",
bhyt,171885,144205,"Sửa đổi, bổ sung",True,True,False,"Thông tư 39/2024/TT-BYT sửa đổi Thông tư 35/2016/TT-BYT về Danh mục và tỷ lệ, điều kiện thanh toán đối với dịch vụ kỹ thuật y tế thuộc phạm vi được hưởng của người tham gia bảo hiểm y tế do Bộ trưởng Bộ Y tế ban hành","Thông tư số 13/2020/TT-BYTT Sửa đổi, bổ sung một số điều của Thông tư số 35/2016/TT-BYT ngày 28 tháng 9 năm 2016 của Bộ trưởng Bộ Y tế ban hành Danh mục và tỷ lệ, điều kiện thanh toán đối với dịch vụ kỹ thuật y tế thuộc phạm vi được hưởng của người tham gia bảo hiểm y tế"
bhyt,126763,38018,Căn cứ,False,True,False,,Nghị định số 105/2014/NĐ-CP Quy định chi tiết và hướng dẫn thi hành một số điều của Luật Bảo hiểm y tế
bhyt,173380,70819,Căn cứ,True,False,False,"Nghị quyết số 20/2024/NQ-HĐND Về việc quy định mức hỗ trợ đóng bảo hiểm y tế cho người dân tộc thiểu số tại các thôn, tổ dân phố, xã không thuộc vùng có điều kiện kinh tế - xã hội khó khăn, đặc biệt khó khăn trên địa bàn tỉnh Khánh Hòa",
bhyt,184708,179711,Căn cứ,True,True,False,"Nghị quyết số 57/2025/NQ-HĐND Quy định chính sách hỗ trợ mức đóng bảo hiểm y tế cho các nhóm đối tượng xã hội đang thường trú trên địa bàn thành phố Hải Phòng, giai đoạn 2026 - 2030",Nghị định số 188/2025/NĐ-CP hướng dẫn Luật Bảo hiểm y tế
bhyt,132733,70800,Căn cứ,True,False,False,"Nghị quyết số 35/2018/NQ-HĐND về thực hiện chế độ lương và hỗ trợ bảo hiểm xã hội, bảo hiểm y tế , bảo hiểm thất nghiệp đối với lao động hợp đồng vị trí nấu ăn trong các trường mầm non công lập tỉnh Quảng trị",
bhyt,126957,123510,Dẫn chiếu,True,True,False,Nghị quyết số 78/2017/NQ-HĐND Quy định mức hỗ trợ đóng bảo hiểm y tế cho người thuộc hộ gia đình nghèo đa chiều thiếu hụt dịch vụ xã hội cơ bản khác (không bị thiếu hụt bảo hiểm y tế) trên địa bàn tỉnh Điện Biên,Nghị quyết số 68/2017/NQ-HĐND Quy định mức hỗ trợ kinh phí đóng bảo hiểm y tế và chi phí cùng chi trả sử dụng thuốc kháng vi rút HIV đối với người nhiễm HIV/AIDS trên địa bàn tỉnh Điện Biên
bhyt,74259,24549,Căn cứ,True,False,False,"Quyết định số 16/2013/QĐ-UBND Về việc sửa đổi, bổ sung điểm c, khoản 2, Điều 1 Quy định phân cấp quản lý mua, cấp phát thẻ bảo hiểm y tế cho các đối tượng được ngân sách nhà nước đảm bảo trên địa bàn tỉnh Hòa Bình ban hành kèm theo Quyết định số 14/2012/QĐ-UBND ngày 19 tháng 9 năm 2012 của UBND tỉnh Hòa Bình",
bhyt,182087,158188,Bãi bỏ,True,False,True,"Thông tư số 81/2025/TT-BCA Quy định biện pháp thực hiện bảo hiểm y tế đối với sĩ quan, hạ sĩ quan, chiến sĩ và học viên Công an nhân dân",
bhyt,185662,132982,Căn cứ,True,False,False,Nghị quyết số 43/2025/NQ-HĐND Quy định mức hỗ trợ đóng bảo hiểm y tế cho một số đối tượng trên địa bàn tỉnh Tuyên Quang,
bhyt,184909,96119,Căn cứ,True,False,False,Nghị quyết số 36/2025/NQ-HĐND quy định mức hỗ trợ đóng bảo hiểm y tế cho một số đối tượng trên địa bàn tỉnh Đồng Nai giai đoạn 2026 - 2030,
"bhyt,vien_phi",172678,70819,Căn cứ,True,False,False,"Nghị quyết số 23/2024/NQ-HĐND Bãi bỏ toàn bộ Nghị quyết số 16/2022/NQ-HĐND ngày 09/12/2022 của Hội đồng nhân dân thành phố quy định mức giá dịch vụ khám bệnh, chữa bệnh không thuộc phạm vi thanh toán của Quỹ bảo hiểm y tế trong các cơ sở khám bệnh, chữa bệnh của Nhà nước thuộc thành phố Hải Phòng",
bhyt,130006,36793,Căn cứ,True,False,False,Nghị quyết số 154/2018/NQ-HĐND Quy định mức hỗ trợ và nguồn kinh phí đóng bảo hiểm y tế cho Tổ phó Tổ dân phố và Phó Trưởng thôn trên địa bàn thành phố Đà Nẵng,
bhyt,52484,38018,"Quy định chi tiết, hướng dẫn thi hành",False,True,False,,Nghị định số 105/2014/NĐ-CP Quy định chi tiết và hướng dẫn thi hành một số điều của Luật Bảo hiểm y tế
bhyt,93166,12326,Căn cứ,True,False,False,"Quyết định số 60/2009/QĐ-UBND Ban hành Quy chế phối hợp trong thực hiện chính sách, pháp luật về bảo hiểm xã hội và bảo hiểm y tế trên địa bàn tỉnh Long An",
bhyt,184559,143793,Tạm ngưng hiệu lực,True,False,False,Nghị quyết số 64/2025/NQ-HĐND Quy định mức hỗ trợ đóng bảo hiểm y tế cho một số đối tượng trên địa bàn tỉnh Phú Thọ giao đoạn 2026-2030,
bhyt,a58d0900-6ae3-11f1-9463-4ba9a7c0cbbb,175027,Căn cứ,True,False,False,"Nghị quyết số 17/2026/NQ-HĐND Sửa đổi, bổ sung một số điều của nghị quyết số 19/2025/NQ-HĐND ngày 09 tháng 7 năm 2025 của Hội đồng nhân dân thành phố Hà Nội quy định nội dung, mức hỗ trợ đóng bảo hiểm xã hội, bảo hiểm y tế cho các đối tượng chính sách xã hội của thành phố Hà Nội",
bhyt,40272,21892,Căn cứ,True,False,False,Quyết định số 2559/QĐ-BHXH Ban hành quy định về tổ chức thực hiện chế độ khám chữa bệnh bảo hiểm y tế,
bhyt,179772,100567,"Quy định chi tiết, hướng dẫn thi hành",True,False,False,"Thông tư số 63/2025/TT-BQP Quy định, hướng dẫn thực hiện một số điều của Nghị định số 70/2015/NĐ-CP ngày 01 tháng 9 năm 2015 của Chính phủ quy định chi tiết và hướng dẫn thi hành một số điều của Luật Bảo hiểm y tế đối với quân đội nhân dân, công an nhân dân và người làm công tác cơ yếu; Nghị định số 74/2025/NĐ-CP ngày 31 tháng 3 năm 2025 sửa đổi, bổ sung một số điều của Nghị định số 70/2015/NĐ-CP ngày 01 tháng 9 năm 2015 của Chính phủ",
bhyt,179736,177785,Căn cứ,True,False,False,"Thông tư số 27/2025/TT-BYT quy định nguyên tắc, tiêu chí xây dựng, cập nhật, ghi thông tin, cấu trúc danh mục và hướng dẫn thanh toán đối với thuốc dược liệu, thuốc có kết hợp dược chất với các dược liệu, thuốc cổ truyền, dược liệu thuộc phạm vi được hưởng của người tham gia bảo hiểm y tế do Bộ trưởng Bộ Y tế ban hành",
bhyt,177785,179711,Văn bản quy định hết hiệu lực,False,True,False,,Nghị định số 188/2025/NĐ-CP hướng dẫn Luật Bảo hiểm y tế
bhyt,21892,40357,"Văn bản HD, QĐ chi tiết",False,True,False,,Quyết định số 1005/QĐ-BHXH Về việc sửa đổi bổ sung một số điểm tại quy định về tổ chức thực hiện chế độ KCB bảo hiểm y tế ban hành kèm theo Quyết định số 2559/QĐ-BHXH ngày 27/9/2005 Của Tổng Giám đốc Bảo hiểm xã hội Việt Nam
bhyt,40977,11735,Căn cứ,True,False,False,"Quyết định số 82/QĐ-BHXH Ban hành quy định về tổ chức thực hiện hợp đồng khám chữa bệnh, giám định chi trả chi phí khám, chữa bệnh, quản lý và sử dụng quỹ bảo hiểm ý tế",
"bhyt,vien_phi",75997,76777,Bãi bỏ,True,False,True,"Nghị quyết số 25/2013/NQ-HĐND Về bãi bỏ bảng giá thu một phần viện phí tại trạm Y tế xã áp dụng cho người bệnh ngoại trú, nội trú có thẻ bảo hiểm y tế ban hành kèm theo Nghị quyết số 13/2008/NQ-HĐND ngày 16/12/2008 của Hội đồng nhân dân tỉnh Kon Tum khóa IX, kỳ họp thứ 11",
bhyt,83649,20068,Căn cứ,True,False,False,Nghị quyết số 163/2014/NQ-HĐND Về việc hỗ trợ kinh phí để thực hiện lộ trình tiến tới bảo hiểm y tế toàn dân trên địa bàn tỉnh Vĩnh Phúc giai đoạn 2015 – 2020,
"bhyt,vien_phi",127194,142685,Văn bản quy định hết hiệu lực,False,True,False,,"Quyết định số 25/2020/QĐ-UBND Về việc bãi bỏ Quyết định số 51/2017/QĐ-UBND ngày 21 tháng 12 năm 2017 của Ủy ban nhân dân tỉnh Tây Ninh về việc quy định giá dịch vụ khám bệnh, chữa bệnh không thuộc phạm vi thanh toán của Qũy bảo hiểm y tế trong các cơ sở khám bệnh, chữa bệnh của Nhà nước trên địa bàn tỉnh Tây Ninh"
"bhyt,vien_phi",173283,146383,Căn cứ,True,False,False,"Nghị quyết số 30/2024/NQ-HĐND Bãi bỏ Nghị quyết số 39/2023/NQ-HĐND ngày 08 tháng 12 năm 2023 của Hội đồng nhân dân Thành phố quy định giá dịch vụ khám bệnh, chữa bệnh không thuộc phạm vi thanh toán của Quỹ Bảo hiểm y tế trong các cơ sở khám bệnh, chữa bệnh của Nhà nước thuộc Thành phố Hồ Chí Minh quản lý và mức giá dịch vụ khám bệnh, chữa bệnh trong một số trường hợp",
bhyt,0682b030-84d3-11f1-8e08-0594f352574d,179711,Căn cứ,True,True,False,Nghị quyết số 60/2026/NQ-HĐND Quy định mức hỗ trợ đóng bảo hiểm y tế trên địa bàn tỉnh Quảng Ngãi,Nghị định số 188/2025/NĐ-CP hướng dẫn Luật Bảo hiểm y tế
bhyt,181930,112032,Dẫn chiếu,True,False,False,Nghị quyết số 17/2025/NQ-HĐND Ban hành Quy định mức hỗ trợ đóng bảo hiểm y tế đối với một số đối tượng trên địa bàn tỉnh Vĩnh Long,
"bhyt,vien_phi",173832,70819,Căn cứ,True,False,False,"Nghị quyết số 27/2024/NQ-HĐND Quy định giá dịch vụ khám bệnh, chữa bệnh thuộc danh mục do quỹ bảo hiểm y tế thanh toán; giá dịch vụ khám bệnh, chữa bệnh do ngân sách nhà nước thanh toán; giá dịch vụ khám bệnh, chữa bệnh không thuộc danh mục do quỹ bảo hiểm y tế thanh toán mà không phải là dịch vụ khám bệnh, chữa bệnh theo yêu cầu đối với các cơ sở khám bệnh, chữa bệnh của Nhà nước trên địa bàn tỉnh Bến Tre",
bhyt,158050,153632,Căn cứ,True,False,False,"Nghị quyết số 61/2022/NQ-HĐND Quy định mức giá dịch vụ xét nghiệm SARS-CoV-2 không thuộc phạm vi thanh toán của Quỹ bảo hiểm y tế cho các cơ sở khám bệnh, chữa bệnh của Nhà nước trên địa bàn tỉnh Lai Châu",
bhyt,158050,139878,Căn cứ,True,False,False,"Nghị quyết số 61/2022/NQ-HĐND Quy định mức giá dịch vụ xét nghiệm SARS-CoV-2 không thuộc phạm vi thanh toán của Quỹ bảo hiểm y tế cho các cơ sở khám bệnh, chữa bệnh của Nhà nước trên địa bàn tỉnh Lai Châu",
bhyt,187782,70811,Căn cứ,True,False,False,"Thông tư số 107/2025/TT-BTC Hướng dẫn kế toán quỹ bảo hiểm xã hội, quỹ bảo hiểm y tế, quỹ bảo hiểm thất nghiệp",
bhyt,187782,181847,Căn cứ,True,True,False,"Thông tư số 107/2025/TT-BTC Hướng dẫn kế toán quỹ bảo hiểm xã hội, quỹ bảo hiểm y tế, quỹ bảo hiểm thất nghiệp","Nghị định số 233/2025/NĐ-CP Quy định cơ chế tài chính về bảo hiểm xã hội, bảo hiểm thất nghiệp, bảo hiểm y tế; chi tổ chức và hoạt động bảo hiểm xã hội, bảo hiểm thất nghiệp, bảo hiểm y tế"
bhyt,179736,132188,Căn cứ,True,False,False,"Thông tư số 27/2025/TT-BYT quy định nguyên tắc, tiêu chí xây dựng, cập nhật, ghi thông tin, cấu trúc danh mục và hướng dẫn thanh toán đối với thuốc dược liệu, thuốc có kết hợp dược chất với các dược liệu, thuốc cổ truyền, dược liệu thuộc phạm vi được hưởng của người tham gia bảo hiểm y tế do Bộ trưởng Bộ Y tế ban hành",
"bhyt,vien_phi",152125,173463,Văn bản quy định hết hiệu lực,False,True,False,,"Nghị quyết số 13/2024/NQ-HĐND Về việc Bãi bỏ các Nghị quyết của Hội đồng nhân dân tỉnh quy định giá dịch vụ khám bệnh, chữa bệnh không thuộc phạm vi thanh toán của Quỹ bảo hiểm y tế trong các cơ sở khám bệnh, chữa bệnh của Nhà nước trên địa bàn tỉnh Bắc Ninh"
bhyt,50253,128759,Văn bản quy định hết hiệu lực 1 phần,False,True,False,,"Quyết định số 02/2018/QĐ-UBND Bãi bỏ các quy định về thực hiện mức hỗ trợ đóng bảo hiểm xã hội tự nguyện, bảo hiểm y tế cho cán bộ không chuyên trách xã, phường, thị trấn trên địa bàn tỉnh Quảng Nam theo Quyết định số 02/2010/QĐ-UBND ngày 19/01/2010 của UBND tỉnh Quảng Nam"
bhyt,123244,179724,Văn bản bổ sung,False,True,False,,"Thông tư số 24/2025/TT-BYT sửa đổi Thông tư 04/2017/TT-BYT về Danh mục và tỷ lệ, điều kiện thanh toán đối với vật tư y tế thuộc phạm vi được hưởng của người tham gia bảo hiểm y tế do Bộ trưởng Bộ Y tế ban hành"
bhyt,102592,20068,Căn cứ,True,False,False,Quyết định số 45/2012/QĐ-UBND Ban hành Đề án Hỗ trợ kinh phí mua thẻ bảo hiểm y tế cho hộ gia đình cận nghèo trên địa bàn tỉnh Ninh Thuận giai đoạn 2012 - 2015,
bhyt,140624,132188,Dẫn chiếu,True,False,False,Thông tư số 30/2019/TT-BLĐTBXH Hướng dẫn lập danh sách đối tượng tham gia bảo hiểm y tế do Bộ Lao động - Thương binh và Xã hội quản lý,
bhyt,157577,132188,Căn cứ,True,False,False,Nghị quyết số 304/2022/NQ-HĐND Quy định mức hỗ trợ đóng bảo hiểm y tế cho đối tượng thuộc hộ cận nghèo trên địa bàn tỉnh Thanh Hóa quý IV năm 2022,
bhyt,175447,70800,Căn cứ,True,False,False,Nghị quyết số 05/2025/NQ-HĐND Quy định chính sách hỗ trợ 100% mức đóng bảo hiểm y tế theo hộ gia đình đối với người từ đủ 60 tuổi đến dưới 75 tuổi thuộc hộ cận nghèo và hộ có mức sống trung bình theo chuẩn thành phố trên địa bàn thành phố Đà Nẵng,
bhyt,3af03900-7abf-11f1-8e2d-69ab31bca7dd,8619b9a0-5e55-11f1-8e5a-2929924511d6,Căn cứ,False,True,False,,"Nghị định 02/2025/NĐ-CP Sửa đổi, bổ sung một số điều của nghị định số 146/2018/NĐ-CP ngày 17 tháng 10 năm 2018 của chính phủ quy định chi tiết và hướng dẫn biện pháp thi hành luật bảo hiểm y tể, đã được sửa đổi, bổ sung một số điều tại nghị định số 75/2023/NĐ-CP ngày 19 tháng 10 năm 2023 của chính phủ"
bhyt,179250,172923,"Quy định chi tiết, hướng dẫn thi hành",False,True,False,,Luật Bảo hiểm y tế sửa đổi 2024 số Luật số 51/2024/QH15
bhyt,183011,65845,Căn cứ,True,False,False,"Nghị quyết số 26/2017/NQ-HĐND Về việc sửa đổi, bổ sung Khoản 3 Điều 1 của Nghị quyết số 31/2015/NQ-HĐND ngày 10/12/2015 của Hội đồng nhân dân tỉnh Ninh Bình về việc hỗ trợ kinh phí đóng bảo hiểm y tế cho một số đối tượng có hộ khẩu thường trú tại tỉnh Ninh Bình",
bhyt,121835,38018,Căn cứ,False,True,False,,Nghị định số 105/2014/NĐ-CP Quy định chi tiết và hướng dẫn thi hành một số điều của Luật Bảo hiểm y tế
"bhyt,vien_phi",128242,168478,Văn bản quy định hết hiệu lực,False,True,False,,"NGHỊ QUYẾT SỐ Số: 6/2019/NQ-HĐND QUY ĐỊNH VỀ GIÁ DỊCH VỤ KHÁM BỆNH, CHỮA BỆNH KHÔNG THUỘC PHẠM VI THANH TOÁN CỦA QUỸ BẢO HIỂM Y TẾ TRONG CÁC CƠ SỞ KHÁM BỆNH, CHỮA BỆNH CỦA NHÀ NƯỚC TRÊN ĐỊA BÀN TỈNH BÌNH PHƯỚC"
bhyt,185037,163878,Thay thế,True,False,True,"Nghị quyết số 57/2025/NQ-HĐND Quy định chính sách hỗ trợ mức đóng bảo hiểm y tế cho các nhóm đối tượng xã hội đang thường trú trên địa bàn thành phố Hải Phòng, giai đoạn 2026 - 2030",
"bhyt,vien_phi",173768,103581,Căn cứ,True,False,False,"Nghị quyết số 114/2024/NQ-HĐND Bãi bỏ Nghị quyết số 23/2024/NQ-HĐND ngày 06 tháng 5 năm 2024 của HĐND tỉnh Bắc Giang quy định mức giá dịch vụ khám bệnh, chữa bệnh không thuộc phạm vi thanh toán của Quỹ bảo hiểm y tế trong các cơ sở khám bệnh, chữa bệnh của Nhà nước trên địa bàn tỉnh Bắc Giang",
bhyt,127815,38018,Căn cứ,True,True,False,Nghị quyết số 65/2017/NQ-HĐND Quy định mức hỗ trợ đóng bảo hiểm y tế cho một số đối tượng tham gia bảo hiểm y tế do ngân sách địa phương bảo đảm trên địa bàn tỉnh Lâm Đồng,Nghị định số 105/2014/NĐ-CP Quy định chi tiết và hướng dẫn thi hành một số điều của Luật Bảo hiểm y tế
bhyt,132858,129213,Căn cứ,True,False,False,"Quyết định số 51/2018/QĐ-TTg Về chi phí quản lý bảo hiểm xã hội, bảo hiểm thất nghiệp, bảo hiểm y tế giai đoạn 2019 - 2021",
bhyt,165832,158793,Văn bản căn cứ,True,False,False,"Quyết định số 48/2023/QĐ-UBND Bãi bỏ Quyết định số 42/2016/QĐ-UBND ngày 28 tháng 10 năm 2016 của Ủy ban nhân dân Thành phố ban hành Quy chế thực hiện liên thông thủ tục hành chính về đăng ký khai sinh, đăng ký thường trú, cấp thẻ bảo hiểm y tế cho trẻ em dưới 06 tuổi và đăng ký khai tử, xóa đăng ký thường trú trên địa bàn Thành phố Hồ Chí Minh",
"bhyt,vien_phi",186215,176696,Căn cứ,True,False,False,"Nghị quyết số 36/2025/NQ-HĐND Bãi bỏ Nghị quyết số 29/2024/NQ-HĐND ngày 30 tháng 12 năm 2024 của Hội đồng nhân dân tỉnh Bạc Liêu quy định giá dịch vụ khám bệnh, chữa bệnh do quỹ bảo hiểm y tế thanh toán; giá dịch vụ khám bệnh, chữa bệnh do Ngân sách nhà nước thanh toán; giá dịch vụ khám bệnh, chữa bệnh không thuộc danh mục do quỹ bảo hiểm y tế thanh toán mà không phải là dịch vụ khám bệnh, chữa bệnh theo yêu cầu đối với các cơ sở khám bệnh, chữa bệnh của Nhà nước trên địa bàn tỉnh Bạc Liêu",
bhyt,176101,168125,Căn cứ,True,False,False,"Nghị quyết số 28/2024/NQ-HĐND Quy định giá cụ thể dịch vụ khám bệnh, chữa bệnh thuộc danh mục do quỹ bảo hiểm y tế thanh toán, giá cụ thể dịch vụ khám bệnh, chữa bệnh do ngân sách nhà nước thanh toán, giá cụ thể dịch vụ khám bệnh, chữa bệnh không thuộc danh mục do quỹ bảo hiểm y tế thanh toán mà không phải là dịch vụ khám bệnh, chữa bệnh theo yêu cầu đối với các cơ sở khám bệnh, chữa bệnh của Nhà nước trên địa bàn tỉnh Hà Nam quản lý thuộc phạm vi được phân quyền",
bhyt,159113,27624,Căn cứ,True,False,False,Nghị quyết số 09/2022/NQ-HĐND Quy định giá dịch vụ xét nghiệm SARS-CoV-2 (chưa bao gồm chi phí sinh phẩm xét nghiệm) trong trường hợp không thuộc phạm vi thanh toán của Quỹ bảo hiểm y tế đối với các cơ sở y tế công lập trên địa bàn tỉnh Vĩnh Phúc,
"bhyt,vien_phi",157394,70819,Căn cứ,True,False,False,"Quyết định số 27/2020/QĐ-UBND Quy định giá dịch vụ khám bệnh, chữa bệnh không thuộc phạm vi thanh toán của Quỹ bảo hiểm y tế trong các cơ sở khám bệnh, chữa bệnh của Nhà nước trên địa bàn tỉnh Ninh Thuận",
bhyt,14840,40940,"Văn bản HD, QĐ chi tiết",False,True,False,,"Quyết định số 1111/QĐ-BHXH Về việc ban hành Quy định quản lý thu bảo hiểm xã hội, bảo hiểm y tế; quản lý sổ bảo hiểm xã hội, thẻ bảo hiểm y tế"
"bhyt,vien_phi",139812,173463,Văn bản quy định hết hiệu lực,False,True,False,,"Nghị quyết số 13/2024/NQ-HĐND Về việc Bãi bỏ các Nghị quyết của Hội đồng nhân dân tỉnh quy định giá dịch vụ khám bệnh, chữa bệnh không thuộc phạm vi thanh toán của Quỹ bảo hiểm y tế trong các cơ sở khám bệnh, chữa bệnh của Nhà nước trên địa bàn tỉnh Bắc Ninh"
bhyt,140624,24930,"Quy định chi tiết, hướng dẫn thi hành",True,False,False,Thông tư số 30/2019/TT-BLĐTBXH Hướng dẫn lập danh sách đối tượng tham gia bảo hiểm y tế do Bộ Lao động - Thương binh và Xã hội quản lý,
vien_phi,65855,15000,Căn cứ,True,False,False,Quyết định số 2758/QĐ-UBND V/v bổ sung danh mục và mức giá thu một phần viện phí Đo mật độ xương tại các cơ sở khám chữa bênh trên đia bàn tỉnh,
bhyt,179368,170853,Dẫn chiếu,False,True,False,,"Nghị định số 63/2024/NĐ-CP Quy định việc thực hiện liên thông điện tử 02 nhóm thủ tục hành chính: Đăng ký khai sinh, đăng ký thường trú, cấp thẻ bảo hiểm y tế cho trẻ em dưới 6 tuổi; đăng ký khai tử, xóa đăng ký thường trú, giải quyết mai táng phí, tử tuất"
bhyt,98790,38018,Căn cứ,False,True,False,,Nghị định số 105/2014/NĐ-CP Quy định chi tiết và hướng dẫn thi hành một số điều của Luật Bảo hiểm y tế
"bhyt,vien_phi",155057,154030,Căn cứ,True,False,False,"Quyết định số 10/2022/QĐ-UBND Về sửa đổi, bổ sung Quyết định 56/2019/QĐ-UBND ngày 31 tháng 12 năm 2019 của Ủy ban nhân dân tỉnh Hà Nam về quy định mức giá dịch vụ khám bệnh, chữa bệnh không thuộc phạm vi thanh toán của Quỹ bảo hiểm y tế trong các cơ sở khám bệnh, chữa bệnh của Nhà nước thuộc địa phương quản lý trên địa bàn tỉnh Hà Nam",
bhyt,179711,184087,"Văn bản HD, QĐ chi tiết",True,True,False,Nghị định số 188/2025/NĐ-CP hướng dẫn Luật Bảo hiểm y tế,Thông tư số 98/2025/TT-BQP Hướng dẫn thực hiện một số điều của Nghị định số 188/2025/NĐ-CP ngày 01 tháng 7 năm 2025 của Chính phủ quy định chi tiết và hướng dẫn thi hành một số điều của Luật Bảo hiểm y tế đối với các đối tượng thuộc phạm vi quản lý của Bộ Quốc phòng
bhyt,184266,148955,Căn cứ,True,False,False,"Nghị quyết số 35/2025/NQ-HĐND Quy định chính sách hỗ trợ tiền ăn thêm, tiền mua bảo hiểm y tế và chi phí sinh hoạt khác đối với một số nhóm đối tượng đang được chăm sóc, nuôi dưỡng tại các đơn vị do Sở Y tế và Sở Nội vụ quản lý",
bhyt,186050,36793,Căn cứ,True,False,False,Nghị quyết số 43/2025/NQ-HĐND Quy định mức hỗ trợ đóng bảo hiểm y tế cho các đối tượng được ngân sách nhà nước hỗ trợ mức đóng trên địa bàn tỉnh Đồng Tháp,
"bhyt,vien_phi",168588,27624,Căn cứ,True,False,False,"Nghị quyết số 26/2024/NQ-HĐND Quy định giá dịch vụ khám bệnh, chữa bệnh không thuộc danh mục do Quỹ bảo hiểm y tế thanh toán mà không phải là dịch vụ khám bệnh, chữa bệnh theo yêu cầu đối với các cơ sở khám bệnh, chữa bệnh của Nhà nước thuộc tỉnh Thanh Hóa quản lý",
bhyt,89902,11735,Căn cứ,True,False,False,"Quyết định 5063/QĐ-UBND về Kế hoạch thực hiện Bảo hiểm y tế toàn dân trên địa bàn Thành phố Hồ Chí Minh, giai đoạn 2012 - 2015 và giai đoạn 2016 - 2020",
bhyt,161822,12326,Căn cứ,True,False,False,"Quyết định số 38/2023/QĐ-UBND Sửa đổi, bổ sung một số điều của Quyết định số 36/2018/QĐ-UBND ngày 13/6/2018 của Ủy ban nhân dân tỉnh Thừa Thiên Huế quy định mức hỗ trợ kinh phí đóng bảo hiểm y tế và chi phí cùng chi trả đối với thuốc kháng vi rút HIV (ARV) cho người nhiễm HIV/AIDS trên địa bàn tỉnh Thừa Thiên Huế",
"bhyt,vien_phi",172978,70800,Căn cứ,True,False,False,"Nghị quyết số 111/2024/NQ-HĐND Bãi bỏ Nghị quyết số 78/2024/NQ-HĐND ngày 10 tháng 7 năm 2024 của Hội đồng nhân dân tỉnh Gia Lai quy định giá dịch vụ khám bệnh, chữa bệnh không thuộc phạm vi thanh toán của Quỹ Bảo hiểm y tế nhưng không phải là dịch vụ khám bệnh, chữa bệnh theo yêu cầu trong các cơ sở khám bệnh, chữa bệnh của Nhà nước thuộc tỉnh Gia Lai quản lý",
bhyt,106259,38018,Căn cứ,True,True,False,Quyết định số 08/2016/QĐ-UBND Về việc quy định mức hỗ trợ đóng bảo hiểm y tế cho hộ cận nghèo trên địa bàn tỉnh Ninh Thuận năm 2016,Nghị định số 105/2014/NĐ-CP Quy định chi tiết và hướng dẫn thi hành một số điều của Luật Bảo hiểm y tế
bhyt,81695,20068,Căn cứ,True,False,False,Quyết định số 28/2015/QĐ-UBND Về việc hỗ trợ mua bảo hiểm y tế cho cộng tác viên Dân số - Kế hoạch hóa gia đình giai đoạn 2016 - 2020 trên địa bàn tỉnh Bình Dương,
"bhyt,vien_phi",168588,168125,Căn cứ,True,False,False,"Nghị quyết số 26/2024/NQ-HĐND Quy định giá dịch vụ khám bệnh, chữa bệnh không thuộc danh mục do Quỹ bảo hiểm y tế thanh toán mà không phải là dịch vụ khám bệnh, chữa bệnh theo yêu cầu đối với các cơ sở khám bệnh, chữa bệnh của Nhà nước thuộc tỉnh Thanh Hóa quản lý",
bhyt,73745,67295,Căn cứ,False,True,False,,"Thông tư liên tịch số 05/2015/TTLT-BTP-BCA-BYT Hướng dẫn thực hiện liên thông các thủ tục hành chính về đăng ký khai sinh, đăng ký thường trú, cấp thẻ bảo hiểm y tế cho trẻ em dưới 6 tuổi"
bhyt,172977,146383,Căn cứ,True,False,False,Nghị quyết số 110/2024/NQ-HĐND Bãi bỏ các Nghị quyết của Hội đồng nhân dân tỉnh Gia Lai,
bhyt,107170,38018,Căn cứ,False,True,False,,Nghị định số 105/2014/NĐ-CP Quy định chi tiết và hướng dẫn thi hành một số điều của Luật Bảo hiểm y tế
vien_phi,119237,119060,Dẫn chiếu,False,True,False,,Quyết định số 2340/2007/QĐ-UBND Về việc Ban hành mức giá thu một phần viện phí và các dịch vụ y tế áp dụng tại các cơ sở khám chữa bệnh trong hệ thống y tế nhà nước thuộc tỉnh Thái Nguyên quản lý
bhyt,100276,20068,Căn cứ,True,False,False,"Quyết định số 31/2015/QĐ-UBND Về việc bổ sung Điều 6 Quyết định số 25/2015/QĐ-UBND ngày 12 tháng 5 năm 2015 của Ủy ban nhân dân tỉnh quy định đăng ký khám bệnh, chữa bệnh ban đầu và chuyển tuyến khám bệnh, chữa bệnh bảo hiểm y tế trên địa bàn tỉnh Ninh Thuận",
"bhyt,vien_phi",185924,178340,Căn cứ,True,False,False,"Nghị quyết số 50/2025/NQ-HĐND Sửa đổi, bổ sung một số điều của Nghị quyết số 28/2024/NQ-HĐND ngày 31 tháng 12 năm 2024 của Hội đồng nhân dân tỉnh quy định giá dịch vụ khám bệnh, chữa bệnh do quỹ bảo hiểm y tế thanh toán; giá dịch vụ khám bệnh, chữa bệnh do ngân sách nhà nước thanh toán; giá dịch vụ khám bệnh, chữa bệnh không thuộc danh mục do quỹ bảo hiểm y tế thanh toán mà không phải là dịch vụ khám bệnh, chữa bệnh theo yêu cầu đối với các cơ sở khám bệnh, chữa bệnh của Nhà nước thuộc tỉnh Lạng Sơn quản lý",
"bhyt,vien_phi",168588,166391,Căn cứ,True,False,False,"Nghị quyết số 26/2024/NQ-HĐND Quy định giá dịch vụ khám bệnh, chữa bệnh không thuộc danh mục do Quỹ bảo hiểm y tế thanh toán mà không phải là dịch vụ khám bệnh, chữa bệnh theo yêu cầu đối với các cơ sở khám bệnh, chữa bệnh của Nhà nước thuộc tỉnh Thanh Hóa quản lý",
bhyt,187533,178717,Căn cứ,True,False,False,Nghị quyết số 09/2026/NQ-HĐND Quy định mức hỗ trợ đóng bảo hiểm y tế cho một số đối tượng trên địa bàn tỉnh Điện Biên,
bhyt,102592,12326,Căn cứ,True,False,False,Quyết định số 45/2012/QĐ-UBND Ban hành Đề án Hỗ trợ kinh phí mua thẻ bảo hiểm y tế cho hộ gia đình cận nghèo trên địa bàn tỉnh Ninh Thuận giai đoạn 2012 - 2015,
"bhyt,vien_phi",168588,70800,Căn cứ,True,False,False,"Nghị quyết số 26/2024/NQ-HĐND Quy định giá dịch vụ khám bệnh, chữa bệnh không thuộc danh mục do Quỹ bảo hiểm y tế thanh toán mà không phải là dịch vụ khám bệnh, chữa bệnh theo yêu cầu đối với các cơ sở khám bệnh, chữa bệnh của Nhà nước thuộc tỉnh Thanh Hóa quản lý",
"bhyt,vien_phi",172978,167197,Căn cứ,True,False,False,"Nghị quyết số 111/2024/NQ-HĐND Bãi bỏ Nghị quyết số 78/2024/NQ-HĐND ngày 10 tháng 7 năm 2024 của Hội đồng nhân dân tỉnh Gia Lai quy định giá dịch vụ khám bệnh, chữa bệnh không thuộc phạm vi thanh toán của Quỹ Bảo hiểm y tế nhưng không phải là dịch vụ khám bệnh, chữa bệnh theo yêu cầu trong các cơ sở khám bệnh, chữa bệnh của Nhà nước thuộc tỉnh Gia Lai quản lý",
"bhyt,vien_phi",169332,139878,Căn cứ,True,False,False,"Nghị quyết số 06/2024/NQ-HĐND Về việc ban hành mức giá dịch vụ khám bệnh, chữa bệnh không thuộc phạm vi thanh toán của Quỹ bảo hiểm y tế mà không phải là dịch vụ khám bệnh, chữa bệnh theo yêu cầu tại các cơ sở khám bệnh, chữa bệnh của Nhà nước trên địa bàn tỉnh Khánh Hòa",
bhyt,145237,70819,Căn cứ,True,False,False,Nghị quyết số 18/2020/NQ-HĐND Quy định mức hỗ trợ 30% mức đóng bảo hiểm y tế cho người thuộc hộ gia đình nghèo đa chiều và người thuộc hộ gia đình cận nghèo trên địa bàn tỉnh An Giang,
"bhyt,vien_phi",168478,137243,Căn cứ,True,False,False,"NGHỊ QUYẾT SỐ Số: 6/2019/NQ-HĐND QUY ĐỊNH VỀ GIÁ DỊCH VỤ KHÁM BỆNH, CHỮA BỆNH KHÔNG THUỘC PHẠM VI THANH TOÁN CỦA QUỸ BẢO HIỂM Y TẾ TRONG CÁC CƠ SỞ KHÁM BỆNH, CHỮA BỆNH CỦA NHÀ NƯỚC TRÊN ĐỊA BÀN TỈNH BÌNH PHƯỚC",
bhyt,54850,17067,Căn cứ,True,False,False,"Quyết định số 08/2015/QĐ-TTg Thí điểm về giao dịch điện tử trong việc thực hiện thủ tục tham gia bảo hiểm xã hội, bảo hiểm y tế, bảo hiểm thất nghiệp và đề nghị cấp sổ bảo hiểm xã hội, thẻ bảo hiểm y tế",
bhyt,57819,58291,"Sửa đổi, bổ sung",True,True,False,Quyết định số 69/2002/QĐ-UB Về việc sửa đổi Quyết định số 76/2001/QĐ-UB/VX ngày 16-8-2001 của UBND tỉnh Nghệ An về việc điều chỉnh mức đóng Bảo hiểm y tế học sinh và Y tế trường học tự nguyện,Quyết định số 76/2001/QĐ-UB Về việc điều chỉnh mức đóng Bảo hiểm y tế học sinh và y tế trường học tự nguyện
bhyt,186004,135466,Căn cứ,False,True,False,,"Thông tư số 27/2018/TT-BYT Hướng dẫn thực hiện bảo hiểm y tế và khám bệnh, chữa bệnh liên quan đến HIV/AIDS"
bhyt,5218a7f0-6c7f-11f1-9c2b-932f5a2f1e38,12326,Căn cứ,True,False,False,"Quy định chính sách hỗ trợ bảo hiểm y tế đối với đồng bào dân tộc thiểu số trên địa bàn thành phố Đà Nẵng, giai đoạn 2026 - 2031",
bhyt,4508b790-6869-11f1-896d-1f64195cf782,12326,Căn cứ,True,False,False,"Nghị quyết số 09/2026/NQ-HĐND Quy định mức hỗ trợ đóng bảo hiểm y tế cho đối tượng hộ cận nghèo trên địa bàn tỉnh Thanh Hóa, giai đoạn 2026 - 2030",
"bhyt,vien_phi",186215,178340,Căn cứ,True,False,False,"Nghị quyết số 36/2025/NQ-HĐND Bãi bỏ Nghị quyết số 29/2024/NQ-HĐND ngày 30 tháng 12 năm 2024 của Hội đồng nhân dân tỉnh Bạc Liêu quy định giá dịch vụ khám bệnh, chữa bệnh do quỹ bảo hiểm y tế thanh toán; giá dịch vụ khám bệnh, chữa bệnh do Ngân sách nhà nước thanh toán; giá dịch vụ khám bệnh, chữa bệnh không thuộc danh mục do quỹ bảo hiểm y tế thanh toán mà không phải là dịch vụ khám bệnh, chữa bệnh theo yêu cầu đối với các cơ sở khám bệnh, chữa bệnh của Nhà nước trên địa bàn tỉnh Bạc Liêu",
"bhyt,vien_phi",175354,170583,Căn cứ,True,False,False,"Nghị quyết số 10/2025/NQ-HĐND Bãi bỏ Nghị quyết số 32/2024/NQ-HĐND ngày 10 tháng 05 năm 2024 của Hội đồng nhân dân tỉnh Quy định giá dịch vụ khám bệnh, chữa bệnh không thuộc phạm vi thanh toán của Quỹ Bảo hiểm y tế mà không phải là dịch vụ khám bệnh, chữa bệnh theo yêu cầu trong các cơ sở khám bệnh, chữa bệnh của Nhà nước trên địa bàn tỉnh Quảng Trị",
bhyt,156429,27624,Căn cứ,True,False,False,Nghị quyết số 13/2022/NQ-HĐND.loi Về việc Quy định mức giá dịch vụ xét nghiệm SARS-CoV-2 không thuộc phạm vi thanh toán của Quỹ bảo hiểm y tế tại các cơ sở y tế của Nhà nước thuộc tỉnh Thừa Thiên Huế,
bhyt,ad0b3790-7ff3-11f1-ad8d-1bdb6fe6ae0f,8619b9a0-5e55-11f1-8e5a-2929924511d6,Căn cứ,False,True,False,,"Nghị định 02/2025/NĐ-CP Sửa đổi, bổ sung một số điều của nghị định số 146/2018/NĐ-CP ngày 17 tháng 10 năm 2018 của chính phủ quy định chi tiết và hướng dẫn biện pháp thi hành luật bảo hiểm y tể, đã được sửa đổi, bổ sung một số điều tại nghị định số 75/2023/NĐ-CP ngày 19 tháng 10 năm 2023 của chính phủ"
bhyt,40357,40285,Văn bản căn cứ,True,False,False,Quyết định số 1005/QĐ-BHXH Về việc sửa đổi bổ sung một số điểm tại quy định về tổ chức thực hiện chế độ KCB bảo hiểm y tế ban hành kèm theo Quyết định số 2559/QĐ-BHXH ngày 27/9/2005 Của Tổng Giám đốc Bảo hiểm xã hội Việt Nam,
"bhyt,vien_phi",173283,172699,Căn cứ,True,False,False,"Nghị quyết số 30/2024/NQ-HĐND Bãi bỏ Nghị quyết số 39/2023/NQ-HĐND ngày 08 tháng 12 năm 2023 của Hội đồng nhân dân Thành phố quy định giá dịch vụ khám bệnh, chữa bệnh không thuộc phạm vi thanh toán của Quỹ Bảo hiểm y tế trong các cơ sở khám bệnh, chữa bệnh của Nhà nước thuộc Thành phố Hồ Chí Minh quản lý và mức giá dịch vụ khám bệnh, chữa bệnh trong một số trường hợp",
bhyt,40940,12969,"Quy định chi tiết, hướng dẫn thi hành",True,False,False,"Quyết định số 1111/QĐ-BHXH Về việc ban hành Quy định quản lý thu bảo hiểm xã hội, bảo hiểm y tế; quản lý sổ bảo hiểm xã hội, thẻ bảo hiểm y tế",
"bhyt,vien_phi",126742,25170,Căn cứ,True,False,False,"Quyết định số 25/2017/QĐ-UBND Quy định mức giá dịch vụ khám bệnh, chữa bệnh không thuộc phạm vi thanh toán của quỹ bảo hiểm y tế trong cơ sở khám bệnh, chữa bệnh Nhà nước thuộc địa phương quản lý trên địa bàn tỉnh Hà Nam",
bhyt,145237,70807,Căn cứ,True,False,False,Nghị quyết số 18/2020/NQ-HĐND Quy định mức hỗ trợ 30% mức đóng bảo hiểm y tế cho người thuộc hộ gia đình nghèo đa chiều và người thuộc hộ gia đình cận nghèo trên địa bàn tỉnh An Giang,
bhyt,126957,12326,Căn cứ,True,False,False,Nghị quyết số 78/2017/NQ-HĐND Quy định mức hỗ trợ đóng bảo hiểm y tế cho người thuộc hộ gia đình nghèo đa chiều thiếu hụt dịch vụ xã hội cơ bản khác (không bị thiếu hụt bảo hiểm y tế) trên địa bàn tỉnh Điện Biên,
bhyt,127616,70800,Căn cứ,True,False,False,Nghị quyết số 46/2017/NQ-HĐND Quy định mức hỗ trợ đóng bảo hiểm y tế cho hộ cận nghèo năm 2018 và người thuộc hộ nghèo đa chiều thiếu hụt các dịch vụ xã hội cơ bản khác (không thiếu hụt bảo hiểm y tế) giai đoạn 2017-2018 trên địa bàn tỉnh Ninh Thuận,
bhyt,179711,179382,Căn cứ,True,False,False,Nghị định số 188/2025/NĐ-CP hướng dẫn Luật Bảo hiểm y tế,
bhyt,140624,12326,Căn cứ,True,False,False,Thông tư số 30/2019/TT-BLĐTBXH Hướng dẫn lập danh sách đối tượng tham gia bảo hiểm y tế do Bộ Lao động - Thương binh và Xã hội quản lý,
bhyt,88138,90964,Căn cứ,True,False,False,"Quyết định 11862/QĐ-UBND năm 2014 bãi bỏ Quyết định 02/2013/QĐ-UBND về Quy chế thực hiện cơ chế một cửa liên thông nhóm thủ tục hành chính thuộc lĩnh vực hộ tịch, bảo hiểm y tế và đăng ký, quản lý cư trú trên địa bàn Quận Bình Tân, thành phố Hồ Chí Minh",
bhyt,4508b790-6869-11f1-896d-1f64195cf782,179427,Căn cứ,True,False,False,"Nghị quyết số 09/2026/NQ-HĐND Quy định mức hỗ trợ đóng bảo hiểm y tế cho đối tượng hộ cận nghèo trên địa bàn tỉnh Thanh Hóa, giai đoạn 2026 - 2030",
bhyt,184764,179644,Căn cứ,True,False,False,"Nghị quyết số 110/2025/NQ-HĐND Quy định mức hỗ trợ đóng bảo hiểm y tế cho người thuộc hộ gia đình cận nghèo; học sinh, sinh viên là người dân tộc thiểu số; người thuộc hộ gia đình làm nông nghiệp, lâm nghiệp, ngư nghiệp có mức sống trung bình trên địa bàn tỉnh Lai Châu giai đoạn 2026 – 2030",
bhyt,166928,166391,Căn cứ,True,False,False,Nghị quyết số 288/2022/NQ-HĐND Quy định mức giá dịch vụ xét nghiệm SARS-CoV-2 (chưa bao gồm sinh phẩm xét nghiệm phản ứng) do cơ sở y tế của Nhà nước thực hiện không thuộc phạm vi thanh toán của Quỹ bảo hiểm y tế trên địa bàn tỉnh Thanh Hoá,
bhyt,152410,70807,Căn cứ,True,False,False,"Nghị quyết số 16/2021/NQ-HĐND Quy định mức hỗ trợ đóng bảo hiểm y tế từ ngân sách địa phương đối với người thuộc hộ gia đình làm nông nghiệp, lâm nghiệp, ngư nghiệp có mức sống trung bình và học sinh, sinh viên trên địa bàn tỉnh Kiên Giang",
bhyt,c55da810-6b93-11f1-ae50-93204d3d31ff,181847,"Quy định chi tiết, hướng dẫn thi hành",True,True,False,"Thông tư số 116/2025/TT-BTC Hướng dẫn thực hiện cơ chế tài chính về bảo hiểm xã hội, bảo hiểm thất nghiệp, bảo hiểm y tế; chi tổ chức và hoạt động bảo hiểm xã hội, bảo hiểm thất nghiệp, bảo hiểm y tế","Nghị định số 233/2025/NĐ-CP Quy định cơ chế tài chính về bảo hiểm xã hội, bảo hiểm thất nghiệp, bảo hiểm y tế; chi tổ chức và hoạt động bảo hiểm xã hội, bảo hiểm thất nghiệp, bảo hiểm y tế"
bhyt,135466,15078,Căn cứ,True,False,False,"Thông tư số 27/2018/TT-BYT Hướng dẫn thực hiện bảo hiểm y tế và khám bệnh, chữa bệnh liên quan đến HIV/AIDS",
bhyt,79219,12326,Căn cứ,True,False,False,"Quyết định số 76/2014/QĐ-UBND Ban hành Quy định quản lý, cấp phát thẻ bảo hiểm y tế cho đối tượng Ngân sách nhà nước đảm bảo toàn bộ hoặc một phần kinh phí áp dụng trên địa bàn tỉnh Hà Tĩnh",
bhyt,74259,26093,Căn cứ,True,False,False,"Quyết định số 16/2013/QĐ-UBND Về việc sửa đổi, bổ sung điểm c, khoản 2, Điều 1 Quy định phân cấp quản lý mua, cấp phát thẻ bảo hiểm y tế cho các đối tượng được ngân sách nhà nước đảm bảo trên địa bàn tỉnh Hòa Bình ban hành kèm theo Quyết định số 14/2012/QĐ-UBND ngày 19 tháng 9 năm 2012 của UBND tỉnh Hòa Bình",
bhyt,184708,161414,Tạm ngưng hiệu lực,True,False,False,"Nghị quyết số 57/2025/NQ-HĐND Quy định chính sách hỗ trợ mức đóng bảo hiểm y tế cho các nhóm đối tượng xã hội đang thường trú trên địa bàn thành phố Hải Phòng, giai đoạn 2026 - 2030",
bhyt,184536,172923,Căn cứ,False,True,False,,Luật Bảo hiểm y tế sửa đổi 2024 số Luật số 51/2024/QH15
"bhyt,vien_phi",173906,139878,Căn cứ,True,False,False,"Nghị quyết số 24/2024/NQ-HĐND Bãi bỏ Nghị quyết số 280/2019/NQ-HĐND ngày 08/10/2019 của Hội đồng nhân dân Tỉnh về việc ban hành bảng giá dịch vụ khám bệnh, chữa bệnh không thuộc phạm vi thanh toán của quỹ bảo hiểm y tế trong các cơ sở khám bệnh, chữa bệnh của nhà nước trên địa bàn tỉnh Đồng Tháp",
bhyt,165362,70800,Căn cứ,True,False,False,"Nghị quyết số 336/2022/NQ-HĐND Quy định mức hỗ trợ từ ngân sách nhà nước đóng bảo hiểm y tế cho người thuộc hộ gia đình nông nghiệp, ngư nghiệp có mức sống trung bình trên địa bàn tỉnh Hưng Yên giai đoạn 2023-2025",
bhyt,153950,25170,Căn cứ,True,False,False,Nghị quyết số 13/2022/NQ-HĐND Quy định giá dịch vụ xét nghiệm SARS-CoV-2 không thuộc phạm vi thanh toán của Quỹ bảo hiểm y tế trong các cơ sở khám chữa bệnh của Nhà nước thuộc phạm vi quản lý của tỉnh Nam Định,
bhyt,145237,132188,Căn cứ,True,False,False,Nghị quyết số 18/2020/NQ-HĐND Quy định mức hỗ trợ 30% mức đóng bảo hiểm y tế cho người thuộc hộ gia đình nghèo đa chiều và người thuộc hộ gia đình cận nghèo trên địa bàn tỉnh An Giang,
bhyt,100567,176707,Văn bản quy định hết hiệu lực 1 phần,False,True,False,,"Nghị định số 74/2025/NĐ-CP Sửa đổi, bổ sung một số điều của Nghị định số 70/2015/NĐ-CP ngày 01 tháng 09 năm 2015 của Chính phủ quy định chi tiết và hướng dẫn thi hành một số điều của Luật Bảo hiểm y tế đói với Quân đội nhân dân, công an nhân dân và người làm công tác cơ yếu"
bhyt,57819,59789,Văn bản được bổ sung,True,False,False,Quyết định số 69/2002/QĐ-UB Về việc sửa đổi Quyết định số 76/2001/QĐ-UB/VX ngày 16-8-2001 của UBND tỉnh Nghệ An về việc điều chỉnh mức đóng Bảo hiểm y tế học sinh và Y tế trường học tự nguyện,
"bhyt,vien_phi",185924,170583,Căn cứ,True,False,False,"Nghị quyết số 50/2025/NQ-HĐND Sửa đổi, bổ sung một số điều của Nghị quyết số 28/2024/NQ-HĐND ngày 31 tháng 12 năm 2024 của Hội đồng nhân dân tỉnh quy định giá dịch vụ khám bệnh, chữa bệnh do quỹ bảo hiểm y tế thanh toán; giá dịch vụ khám bệnh, chữa bệnh do ngân sách nhà nước thanh toán; giá dịch vụ khám bệnh, chữa bệnh không thuộc danh mục do quỹ bảo hiểm y tế thanh toán mà không phải là dịch vụ khám bệnh, chữa bệnh theo yêu cầu đối với các cơ sở khám bệnh, chữa bệnh của Nhà nước thuộc tỉnh Lạng Sơn quản lý",
bhyt,186397,172923,Căn cứ,False,True,False,,Luật Bảo hiểm y tế sửa đổi 2024 số Luật số 51/2024/QH15
bhyt,181625,166456,Hướng dẫn áp dụng,True,False,False,"Nghị quyết số 09/2025/NQ-HĐND Về việc sửa đổi khoản 1 Điều 1 Nghị quyết số 13/2023/NQ-HĐND ngày 14 tháng 12 năm 2023 của Hội đồng nhân dân tỉnh quy định mức hỗ trợ đóng bảo hiểm y tế cho đối tượng hộ cận nghèo trên địa bàn tỉnh Thanh Hóa, giai đoạn 2024 - 2025",
bhyt,119949,70800,Căn cứ,True,False,False,Nghị quyết số 70/2016/NQ-HĐND Quy định mức hỗ trợ đóng bảo hiểm y tế cho người thuộc hộ gia đình cận nghèo trên địa bàn tỉnh Ninh Thuận năm 2017,
bhyt,125724,62448,Căn cứ,False,True,False,,Quyết định số 538/QĐ-TTg Phê duyệt Đề án thực hiện lộ trình tiến tới bảo hiểm y tế toàn dân giai đoạn 2012-2015 và 2020
bhyt,54850,15057,Căn cứ,True,False,False,"Quyết định số 08/2015/QĐ-TTg Thí điểm về giao dịch điện tử trong việc thực hiện thủ tục tham gia bảo hiểm xã hội, bảo hiểm y tế, bảo hiểm thất nghiệp và đề nghị cấp sổ bảo hiểm xã hội, thẻ bảo hiểm y tế",
bhyt,54850,32781,"Quy định chi tiết, hướng dẫn thi hành",True,False,False,"Quyết định số 08/2015/QĐ-TTg Thí điểm về giao dịch điện tử trong việc thực hiện thủ tục tham gia bảo hiểm xã hội, bảo hiểm y tế, bảo hiểm thất nghiệp và đề nghị cấp sổ bảo hiểm xã hội, thẻ bảo hiểm y tế",
bhyt,10323,10102,"Văn bản HD, QĐ chi tiết",False,True,False,,Thông tư liên tịch số 15/TTLB Hướng dẫn thi hành Nghị định số 47-CP ngày 6/6/94 của Chính phủ sửa đổi một số điều của Điều lệ Bảo hiểm y tế
bhyt,54852,38018,Căn cứ,True,True,False,"Quyết định số 03/2015/QĐ-UBND Về việc thực hiện hỗ trợ đóng bảo hiểm xã hội tự nguyện, bảo hiểm y tế cho Công an viên thường trực cấp xã trên địa bàn tỉnh Quảng Nam",Nghị định số 105/2014/NĐ-CP Quy định chi tiết và hướng dẫn thi hành một số điều của Luật Bảo hiểm y tế
bhyt,153741,115469,Căn cứ,True,False,False,"Nghị quyết số 88/2022/NQ-HĐND về ban hành giá dịch vụ xét nghiệm SARC-CoV-2 không thuộc phạm vi thanh toán của quỹ bảo hiểm y tế trong các cơ sở khám bệnh, chữa bệnh của Nhà nước do tỉnh Quảng Ninh quản lý",
bhyt,7181,22796,Văn bản quy định hết hiệu lực,False,True,False,,Quyết định số 20/2002/QĐ-TTg Về việc chuyển Bảo hiểm Y tế Việt Nam sang Bảo hiểm Xã hội Việt Nam.
bhyt,84439,14034,Căn cứ,True,False,False,"Quyết định số 30/2014/QĐ-UBND Ban hành quy định việc quản lý, cấp phát thẻ Bảo hiểm y tế cho các đối tượng được ngân sách Nhà nước đóng, hỗ trợ tiền đóng Bảo hiểm y tế trên địa bàn tỉnh Bình Thuận",
bhyt,84726d90-66ed-11f1-8735-f935ab579d34,178340,Căn cứ,True,False,False,Nghị quyết Quy định mức hỗ trợ chi phí tiêm phòng dại cho một số đối tượng trên địa bàn tỉnh Thái Nguyên,
bhyt,1ae37070-768f-11f1-9478-a32d42492b41,175440,Căn cứ,True,False,False,"Quy định số lượng và mức phụ cấp hàng tháng đối với cộng tác viên công tác xã hội xã, phường trên địa bàn tỉnh Vĩnh Long",
bhyt,123510,114423,Dẫn chiếu,True,False,False,Nghị quyết số 68/2017/NQ-HĐND Quy định mức hỗ trợ kinh phí đóng bảo hiểm y tế và chi phí cùng chi trả sử dụng thuốc kháng vi rút HIV đối với người nhiễm HIV/AIDS trên địa bàn tỉnh Điện Biên,
"bhyt,vien_phi",126175,74460,Thay thế,True,False,True,"Quyết định số 23/2017/QĐ-UBND Triển khai thực hiện Nghị quyết số 08/2017/NQ-HĐND Ngày 14 tháng 7 năm 2017 của Hội đồng nhân dân tỉnh Bạc Liêu về việc quy định mức giá dịch vụ khám bệnh, chữa bệnh không thuộc phạm vi thanh toán của Quỹ bảo hiểm y tế trong các cơ sở khám bệnh, chữa bệnh của Nhà nước trên địa bàn tỉnh Bạc Liêu",
bhyt,28013,19666,"Quy định chi tiết, hướng dẫn thi hành",True,False,False,Thông tư số 178/2012/TT-BTC Hướng dẫn kế toán áp dụng cho Bảo hiểm xã hội Việt Nam,
bhyt,179244,158390,"Sửa đổi, bổ sung",True,False,False,"Thông tư số 15/2025/TT-BYT quy định về phân cấp, phân định thẩm quyền của chính quyền địa phương 02 cấp trong lĩnh vực y, dược cổ truyền do Bộ trưởng Bộ Y tế ban hành",
"bhyt,vien_phi",143848,27624,Căn cứ,True,False,False,"Quyết định số 28/2020/QĐ-UBND Quy định giá dịch vụ khám bệnh, chữa bệnh không thuộc phạm vi thanh toán của Quỹ bảo hiểm y tế trong các cơ sở khám bệnh, chữa bệnh của Nhà nước trên địa bàn tỉnh Ninh Thuận.",
bhyt,169565,123256,Căn cứ,True,False,False,"Thông tư 13/2020/TT-BYT sửa đổi Thông tư 35/2016/TT-BYT về Danh mục và tỷ lệ, điều kiện thanh toán đối với dịch vụ kỹ thuật y tế thuộc phạm vi được hưởng của người tham gia bảo hiểm y tế do Bộ trưởng Bộ Y tế ban hành",
bhyt,179772,179611,Văn bản căn cứ,True,False,False,"Thông tư số 63/2025/TT-BQP Quy định, hướng dẫn thực hiện một số điều của Nghị định số 70/2015/NĐ-CP ngày 01 tháng 9 năm 2015 của Chính phủ quy định chi tiết và hướng dẫn thi hành một số điều của Luật Bảo hiểm y tế đối với quân đội nhân dân, công an nhân dân và người làm công tác cơ yếu; Nghị định số 74/2025/NĐ-CP ngày 31 tháng 3 năm 2025 sửa đổi, bổ sung một số điều của Nghị định số 70/2015/NĐ-CP ngày 01 tháng 9 năm 2015 của Chính phủ",
bhyt,140624,117826,Thay thế,True,False,True,Thông tư số 30/2019/TT-BLĐTBXH Hướng dẫn lập danh sách đối tượng tham gia bảo hiểm y tế do Bộ Lao động - Thương binh và Xã hội quản lý,
bhyt,62448,11865,Dẫn chiếu,True,False,False,Quyết định số 538/QĐ-TTg Phê duyệt Đề án thực hiện lộ trình tiến tới bảo hiểm y tế toàn dân giai đoạn 2012-2015 và 2020,
bhyt,185204,12326,Căn cứ,True,False,False,"Nghị quyết số 91/2025/NQ-HĐND Quy định chính sách hỗ trợ đóng bảo hiểm y tế cho một số nhóm đối tượng trên địa bàn tỉnh Quảng Ninh, giai đoạn 2026-2030",
"bhyt,vien_phi",169332,70819,Căn cứ,True,False,False,"Nghị quyết số 06/2024/NQ-HĐND Về việc ban hành mức giá dịch vụ khám bệnh, chữa bệnh không thuộc phạm vi thanh toán của Quỹ bảo hiểm y tế mà không phải là dịch vụ khám bệnh, chữa bệnh theo yêu cầu tại các cơ sở khám bệnh, chữa bệnh của Nhà nước trên địa bàn tỉnh Khánh Hòa",
bhyt,184087,175204,Căn cứ,True,False,False,Thông tư số 98/2025/TT-BQP Hướng dẫn thực hiện một số điều của Nghị định số 188/2025/NĐ-CP ngày 01 tháng 7 năm 2025 của Chính phủ quy định chi tiết và hướng dẫn thi hành một số điều của Luật Bảo hiểm y tế đối với các đối tượng thuộc phạm vi quản lý của Bộ Quốc phòng,
"bhyt,vien_phi",27f12c90-58e8-11f1-a671-8bd8cc508176,179711,"Quy định chi tiết, hướng dẫn thi hành",True,True,False,"Thông tư 12/2026/TT-BTC Quy định trình tự, thủ tục giám định chi phí khám bệnh, chữa bệnh bảo hiểm y tế, biểu mẫu tổng hợp thanh toán, quyết toán và biện pháp thi hành Nghị định số 188/2025/NĐ-CP ngày 01 tháng 7 năm 2025 của Chính phủ quy định chi tiết và hướng dẫn thi hành một số điều của Luật Bảo hiểm y tế",Nghị định số 188/2025/NĐ-CP hướng dẫn Luật Bảo hiểm y tế
bhyt,179711,168128,Dẫn chiếu,True,False,False,Nghị định số 188/2025/NĐ-CP hướng dẫn Luật Bảo hiểm y tế,
bhyt,120801,70819,Căn cứ,True,False,False,"Quyết định số 04/2017/QĐ-UBND Quy định mức hỗ trợ đóng bảo hiểm y tế từ ngân sách địa phương cho đối tượng là người thuộc hộ gia đình làm nông nghiệp, lâm nghiệp, ngư nghiệp, diêm nghiệp có mức sống trung bình trên địa bàn tỉnh Nam Định",
"bhyt,vien_phi",48478,126742,Văn bản quy định hết hiệu lực,False,True,False,,"Quyết định số 25/2017/QĐ-UBND Quy định mức giá dịch vụ khám bệnh, chữa bệnh không thuộc phạm vi thanh toán của quỹ bảo hiểm y tế trong cơ sở khám bệnh, chữa bệnh Nhà nước thuộc địa phương quản lý trên địa bàn tỉnh Hà Nam"
bhyt,74259,25023,Căn cứ,True,False,False,"Quyết định số 16/2013/QĐ-UBND Về việc sửa đổi, bổ sung điểm c, khoản 2, Điều 1 Quy định phân cấp quản lý mua, cấp phát thẻ bảo hiểm y tế cho các đối tượng được ngân sách nhà nước đảm bảo trên địa bàn tỉnh Hòa Bình ban hành kèm theo Quyết định số 14/2012/QĐ-UBND ngày 19 tháng 9 năm 2012 của UBND tỉnh Hòa Bình",
bhyt,181625,176696,Căn cứ,True,False,False,"Nghị quyết số 09/2025/NQ-HĐND Về việc sửa đổi khoản 1 Điều 1 Nghị quyết số 13/2023/NQ-HĐND ngày 14 tháng 12 năm 2023 của Hội đồng nhân dân tỉnh quy định mức hỗ trợ đóng bảo hiểm y tế cho đối tượng hộ cận nghèo trên địa bàn tỉnh Thanh Hóa, giai đoạn 2024 - 2025",
bhyt,171885,137956,"Sửa đổi, bổ sung",True,False,False,"Thông tư 39/2024/TT-BYT sửa đổi Thông tư 35/2016/TT-BYT về Danh mục và tỷ lệ, điều kiện thanh toán đối với dịch vụ kỹ thuật y tế thuộc phạm vi được hưởng của người tham gia bảo hiểm y tế do Bộ trưởng Bộ Y tế ban hành",
bhyt,73089,38018,"Quy định chi tiết, hướng dẫn thi hành",False,True,False,,Nghị định số 105/2014/NĐ-CP Quy định chi tiết và hướng dẫn thi hành một số điều của Luật Bảo hiểm y tế
vien_phi,49919,49853,Căn cứ,True,False,False,"Quyết định số 72/2012/QĐ-UBND Về việc quy định đơn giá dịch vụ khám bệnh, chữa bệnh tại các cơ sở khám bệnh, chữa bệnh của nhà nước trên địa bàn tỉnh Nghệ An",
bhyt,40940,30444,Căn cứ,True,False,False,"Quyết định số 1111/QĐ-BHXH Về việc ban hành Quy định quản lý thu bảo hiểm xã hội, bảo hiểm y tế; quản lý sổ bảo hiểm xã hội, thẻ bảo hiểm y tế",
bhyt,173922,167565,Căn cứ,True,False,False,"Nghị quyết số 32/2024/NQ-HĐND Quy định giá cụ thể dịch vụ khám bệnh, chữa bệnh do Quỹ bảo hiểm y tế thanh toán; giá cụ thể dịch vụ khám bệnh, chữa bệnh do ngân sách nhà nước thanh toán, giá cụ thể dịch vụ khám bệnh, chữa bệnh không thuộc danh mục do quỹ bảo hiểm y tế thanh toán mà không phải là dịch vụ khám bệnh, chữa bệnh theo yêu cầu đối với các cơ sở khám bệnh, chữa bệnh của Nhà nước trên địa bàn tỉnh Đắk Lắk",
bhyt,127110,46744,Căn cứ,True,False,False,"Nghị quyết số 50/2017/NQ-HĐND Về bãi bỏ Khoản 1, Khoản 2, Khoản 3 Mục II Điều 1 Nghị quyết số 155/2009/NQ-HĐND ngày 10 tháng 12 năm 2009 của Hội đồng nhân dân tỉnh về mức hỗ trợ đóng bảo hiểm xã hội tự nguyện, bảo hiểm y tế cho cán bộ không chuyên trách xã, phường, thị trấn",
bhyt,d282af50-84ab-11f1-bd6f-2bb529a44617,8619b9a0-5e55-11f1-8e5a-2929924511d6,Căn cứ,False,True,False,,"Nghị định 02/2025/NĐ-CP Sửa đổi, bổ sung một số điều của nghị định số 146/2018/NĐ-CP ngày 17 tháng 10 năm 2018 của chính phủ quy định chi tiết và hướng dẫn biện pháp thi hành luật bảo hiểm y tể, đã được sửa đổi, bổ sung một số điều tại nghị định số 75/2023/NĐ-CP ngày 19 tháng 10 năm 2023 của chính phủ"
bhyt,171713,12326,Căn cứ,True,False,False,"Thông tư 37/2024/TT-BYT quy định nguyên tắc, tiêu chí xây dựng, cập nhật, ghi thông tin, cấu trúc danh mục và hướng dẫn thanh toán đối với thuốc hóa dược, sinh phẩm, thuốc phóng xạ và chất đánh dấu thuộc phạm vi được hưởng của người tham gia bảo hiểm y tế do Bộ trưởng Bộ Y tế ban hành",
bhyt,30353,27829,Căn cứ,True,False,False,Thông tư số 06/2013/TT-BYT Hướng dẫn thực hiện thí điểm quản lý giá thuốc bằng phương pháp thặng số bán buôn tối đa toàn chặng đối với thuốc do ngân sách nhà nước và bảo hiểm y tế chi trả,
"bhyt,vien_phi",169191,175644,Văn bản quy định hết hiệu lực,False,True,False,,"Nghị quyết số 01/2025/NQ-HĐND bãi bỏ Nghị quyết số 01/2024/NQ-HĐND ngày 31 tháng 01 năm 2024 của HĐND tỉnh Ninh Bình quy định mức giá dịch vụ khám bệnh, chữa bệnh không thuộc phạm vi thanh toán của quỹ Bảo hiểm y tế trong các cơ sở khám bệnh, chữa bệnh của Nhà nước trên địa bàn tỉnh Ninh Bình"
bhyt,0682b030-84d3-11f1-8e08-0594f352574d,167934,Bãi bỏ,True,False,True,Nghị quyết số 60/2026/NQ-HĐND Quy định mức hỗ trợ đóng bảo hiểm y tế trên địa bàn tỉnh Quảng Ngãi,
bhyt,aab8d490-6543-11f1-9a32-d1e78b0240e4,178224,Căn cứ,True,False,False,Quy định hỗ trợ đóng bảo hiểm y tế và chính sách hỗ trợ một phần kinh phí phục vụ công tác thông tin tuyên truyền cho người có uy tín trong đồng bào dân tộc thiểu số trên địa bàn tỉnh Vĩnh Long,
"bhyt,vien_phi",173906,166391,Căn cứ,True,False,False,"Nghị quyết số 24/2024/NQ-HĐND Bãi bỏ Nghị quyết số 280/2019/NQ-HĐND ngày 08/10/2019 của Hội đồng nhân dân Tỉnh về việc ban hành bảng giá dịch vụ khám bệnh, chữa bệnh không thuộc phạm vi thanh toán của quỹ bảo hiểm y tế trong các cơ sở khám bệnh, chữa bệnh của nhà nước trên địa bàn tỉnh Đồng Tháp",
"bhyt,vien_phi",173906,138476,Bãi bỏ,True,False,True,"Nghị quyết số 24/2024/NQ-HĐND Bãi bỏ Nghị quyết số 280/2019/NQ-HĐND ngày 08/10/2019 của Hội đồng nhân dân Tỉnh về việc ban hành bảng giá dịch vụ khám bệnh, chữa bệnh không thuộc phạm vi thanh toán của quỹ bảo hiểm y tế trong các cơ sở khám bệnh, chữa bệnh của nhà nước trên địa bàn tỉnh Đồng Tháp",
bhyt,179736,58497,Thay thế,True,False,True,"Thông tư số 27/2025/TT-BYT quy định nguyên tắc, tiêu chí xây dựng, cập nhật, ghi thông tin, cấu trúc danh mục và hướng dẫn thanh toán đối với thuốc dược liệu, thuốc có kết hợp dược chất với các dược liệu, thuốc cổ truyền, dược liệu thuộc phạm vi được hưởng của người tham gia bảo hiểm y tế do Bộ trưởng Bộ Y tế ban hành",
bhyt,96394,17855,Căn cứ,True,False,False,"Nghị quyết số 42/2014/NQ-HDND Về việc phê duyệt chế độ hỗ trợ bảo hiểm xã hội tự nguyện, bảo hiểm y tế cho công an viên và thôn, ấp, khu đội trưởng được bố trí ở thôn, ấp, khu phố trên địa bàn tỉnh Bà Rịa - Vũng Tàu",
bhyt,165832,103581,Căn cứ,True,False,False,"Quyết định số 48/2023/QĐ-UBND Bãi bỏ Quyết định số 42/2016/QĐ-UBND ngày 28 tháng 10 năm 2016 của Ủy ban nhân dân Thành phố ban hành Quy chế thực hiện liên thông thủ tục hành chính về đăng ký khai sinh, đăng ký thường trú, cấp thẻ bảo hiểm y tế cho trẻ em dưới 06 tuổi và đăng ký khai tử, xóa đăng ký thường trú trên địa bàn Thành phố Hồ Chí Minh",
bhyt,29217,22202,Căn cứ,True,False,False,Quyết định số 77/2006/QĐ-UBND Về việc phê duyệt đối tượng mua Bảo hiểm y tế người nghèo tinh Lào Cai năm 2006,
vien_phi,45773,23527,Dẫn chiếu,True,False,False,"Quyết định số 1169/QĐ-UBND Về giá thu một phần viện phí, lệ phí tại các cơ sở y tế",
bhyt,13323,79541,Căn cứ,True,False,False,Quyết định số 16/QĐ-UBND về việc hỗ trợ kinh phí cho đối tượng cận nghèo tham gia bảo hiểm y tế tự nguyện,
"bhyt,vien_phi",173832,139878,Căn cứ,True,False,False,"Nghị quyết số 27/2024/NQ-HĐND Quy định giá dịch vụ khám bệnh, chữa bệnh thuộc danh mục do quỹ bảo hiểm y tế thanh toán; giá dịch vụ khám bệnh, chữa bệnh do ngân sách nhà nước thanh toán; giá dịch vụ khám bệnh, chữa bệnh không thuộc danh mục do quỹ bảo hiểm y tế thanh toán mà không phải là dịch vụ khám bệnh, chữa bệnh theo yêu cầu đối với các cơ sở khám bệnh, chữa bệnh của Nhà nước trên địa bàn tỉnh Bến Tre",
bhyt,136555,36793,Căn cứ,True,False,False,"Nghị quyết số 166/2019/NQ-HĐND Quy định mức hỗ trợ đóng bảo hiểm y tế cho người thuộc hộ gia đình cận nghèo, người thuộc hộ gia đình nghèo đa chiều không thiếu hụt về bảo hiểm y tế trên địa bàn tỉnh Đồng Nai giai đoạn 2019 - 2020",
bhyt,179797,166456,Hợp nhất,True,False,False,Văn bản hợp nhất số 04/VBHN-BYT Quy định chi tiết và hướng dẫn biện pháp thi hành một số điều của luật bảo hiểm y tế,
bhyt,40272,40242,"Văn bản được HD, QĐ chi tiết",True,False,False,Quyết định số 2559/QĐ-BHXH Ban hành quy định về tổ chức thực hiện chế độ khám chữa bệnh bảo hiểm y tế,
bhyt,175447,168687,Căn cứ,True,False,False,Nghị quyết số 05/2025/NQ-HĐND Quy định chính sách hỗ trợ 100% mức đóng bảo hiểm y tế theo hộ gia đình đối với người từ đủ 60 tuổi đến dưới 75 tuổi thuộc hộ cận nghèo và hộ có mức sống trung bình theo chuẩn thành phố trên địa bàn thành phố Đà Nẵng,
bhyt,138637,137200,Căn cứ,True,False,False,Nghị quyết số 15/2019/NQ-HĐND Về việc quy định mức giá dịch vụ khám chữa bệnh không thuộc phạm vi thanh toán của Quỹ Bảo hiểm y tế trên địa bàn tỉnh Bến Tre,
bhyt,132733,70807,Căn cứ,True,False,False,"Nghị quyết số 35/2018/NQ-HĐND về thực hiện chế độ lương và hỗ trợ bảo hiểm xã hội, bảo hiểm y tế , bảo hiểm thất nghiệp đối với lao động hợp đồng vị trí nấu ăn trong các trường mầm non công lập tỉnh Quảng trị",
bhyt,21993,7543,"Quy định chi tiết, hướng dẫn thi hành",True,False,False,Thông tư liên tịch số 09/2002/TTLT/BTCCBCP-BLĐTBXH-BTC-BYT Hướng dẫn về việc chuyển Bảo hiểm y tế Việt Nam sang Bảo hiểm xã hội Việt Nam.,
bhyt,83c773d0-64b9-11f1-9b44-bbe6b0239ff6,178340,Căn cứ,True,False,False,Nghị quyết số 08/2026/NQ-HĐND Quy định mức hỗ trợ đóng bảo hiểm y tế cho người có uy tín trong đồng bào dân tộc thiểu số không thuộc đối tượng đã được ngân sách nhà nước đóng và hỗ trợ đóng bảo hiểm y tế trên địa bàn tỉnh An Giang,
bhyt,184454,175440,Căn cứ,True,False,False,"Nghị quyết số 56/2025/NQ-HĐND Quy định mức hỗ trợ đóng bảo hiểm y tế cho người cao tuổi, học sinh trên địa bàn Thành phố Hồ Chí Minh",
"bhyt,vien_phi",172678,166391,Căn cứ,True,False,False,"Nghị quyết số 23/2024/NQ-HĐND Bãi bỏ toàn bộ Nghị quyết số 16/2022/NQ-HĐND ngày 09/12/2022 của Hội đồng nhân dân thành phố quy định mức giá dịch vụ khám bệnh, chữa bệnh không thuộc phạm vi thanh toán của Quỹ bảo hiểm y tế trong các cơ sở khám bệnh, chữa bệnh của Nhà nước thuộc thành phố Hải Phòng",
bhyt,155764,166391,Căn cứ,True,False,False,Nghị quyết số 07/2022/NQ-HĐND Về việc quy định mức hỗ trợ kinh phí mua thẻ bảo hiểm y tế cho người thuộc hộ cận nghèo trên địa bàn tỉnh Khánh Hòa giai đoạn 2022-2025,
bhyt,130006,70819,Căn cứ,True,False,False,Nghị quyết số 154/2018/NQ-HĐND Quy định mức hỗ trợ và nguồn kinh phí đóng bảo hiểm y tế cho Tổ phó Tổ dân phố và Phó Trưởng thôn trên địa bàn thành phố Đà Nẵng,
bhyt,3c7280b0-58e8-11f1-8ac3-d768273af8f0,12326,Căn cứ,True,False,False,"Thông tư 09/2026/TT-BTC Quy định về việc tạo lập sổ bảo hiểm xã hội, thẻ bảo hiểm y tế bản điện tử",
bhyt,117674,70821,Căn cứ,True,False,False,"Nghị định số 21/2016/NĐ-CP Quy định việc thực hiện chức năng thanh tra chuyên ngành về đóng bảo hiểm xã hội, bảo hiểm thất nghiệp, bảo hiểm y tế của cơ quan bảo hiểm xã hội",
bhyt,179711,177783,Dẫn chiếu,True,False,False,Nghị định số 188/2025/NĐ-CP hướng dẫn Luật Bảo hiểm y tế,
bhyt,98445,38018,Căn cứ,False,True,False,,Nghị định số 105/2014/NĐ-CP Quy định chi tiết và hướng dẫn thi hành một số điều của Luật Bảo hiểm y tế
bhyt,166581,179711,"Văn bản HD, QĐ chi tiết",False,True,False,,Nghị định số 188/2025/NĐ-CP hướng dẫn Luật Bảo hiểm y tế
bhyt,153839,153838,Văn bản căn cứ,True,False,False,Nghị quyết số 113/2022/NQ-UBND Quy định mức giá dịch vụ xét nghiệm SARS-CoV-2 không thuộc phạm vi thanh toán của Quỹ bảo hiểm y tế trên địa bàn tỉnh Hòa Bình,
bhyt,8063f9c0-8192-11f1-a7b4-31acaf5a5932,179427,Căn cứ,True,False,False,Nghị quyết số 25/2026/NQ-HĐND Quy định hỗ trợ mức đóng bảo hiểm y tế và hỗ trợ chi phí cùng chi trả đối với thuốc kháng vi rút HIV cho người nhiễm HIV/AIDS trên địa bàn tỉnh Hưng Yên giai đoạn 2026-2030,
bhyt,184559,172923,Căn cứ,True,True,False,Nghị quyết số 64/2025/NQ-HĐND Quy định mức hỗ trợ đóng bảo hiểm y tế cho một số đối tượng trên địa bàn tỉnh Phú Thọ giao đoạn 2026-2030,Luật Bảo hiểm y tế sửa đổi 2024 số Luật số 51/2024/QH15
bhyt,83c773d0-64b9-11f1-9b44-bbe6b0239ff6,36793,Căn cứ,True,False,False,Nghị quyết số 08/2026/NQ-HĐND Quy định mức hỗ trợ đóng bảo hiểm y tế cho người có uy tín trong đồng bào dân tộc thiểu số không thuộc đối tượng đã được ngân sách nhà nước đóng và hỗ trợ đóng bảo hiểm y tế trên địa bàn tỉnh An Giang,
bhyt,185204,176696,Căn cứ,True,False,False,"Nghị quyết số 91/2025/NQ-HĐND Quy định chính sách hỗ trợ đóng bảo hiểm y tế cho một số nhóm đối tượng trên địa bàn tỉnh Quảng Ninh, giai đoạn 2026-2030",
bhyt,137198,38018,Căn cứ,False,True,False,,Nghị định số 105/2014/NĐ-CP Quy định chi tiết và hướng dẫn thi hành một số điều của Luật Bảo hiểm y tế
bhyt,93166,15057,Căn cứ,True,False,False,"Quyết định số 60/2009/QĐ-UBND Ban hành Quy chế phối hợp trong thực hiện chính sách, pháp luật về bảo hiểm xã hội và bảo hiểm y tế trên địa bàn tỉnh Long An",
bhyt,40357,40285,"Văn bản được HD, QĐ chi tiết",True,False,False,Quyết định số 1005/QĐ-BHXH Về việc sửa đổi bổ sung một số điểm tại quy định về tổ chức thực hiện chế độ KCB bảo hiểm y tế ban hành kèm theo Quyết định số 2559/QĐ-BHXH ngày 27/9/2005 Của Tổng Giám đốc Bảo hiểm xã hội Việt Nam,
bhyt,115653,169565,Văn bản quy định hết hiệu lực 1 phần,False,True,False,,"Thông tư 13/2020/TT-BYT sửa đổi Thông tư 35/2016/TT-BYT về Danh mục và tỷ lệ, điều kiện thanh toán đối với dịch vụ kỹ thuật y tế thuộc phạm vi được hưởng của người tham gia bảo hiểm y tế do Bộ trưởng Bộ Y tế ban hành"
bhyt,185037,173641,Căn cứ,True,False,False,"Nghị quyết số 57/2025/NQ-HĐND Quy định chính sách hỗ trợ mức đóng bảo hiểm y tế cho các nhóm đối tượng xã hội đang thường trú trên địa bàn thành phố Hải Phòng, giai đoạn 2026 - 2030",
bhyt,155298,146383,Căn cứ,True,False,False,"Nghị quyết số 65/2022/NQ-HĐND Quy định mức giá dịch vụ xét nghiệm SARS-CoV-2 không thuộc phạm vi thanh toán của Quỹ bảo hiểm y tế (chưa bao gồm chi phí sinh phẩm xét nghiệm SARS-CoV-2) tại cơ sở khám bệnh, chữa bệnh của Nhà nước trên địa bàn tỉnh Hà Tĩnh",
bhyt,142146,25702,Căn cứ,True,False,False,Nghị quyết số 276/2020/NQ-HĐND Quy định mức hỗ trợ từ ngân sách nhà nước đóng bảo hiểm y tế cho đối tượng người khuyết tật trên địa bàn tỉnh Hưng Yên,
bhyt,147940,100999,Bãi bỏ,True,False,True,"Quyết định số Số: 09/2021/QĐ-UBND Bãi bỏ Quyết định số 03/2016/QĐ-UBND ngày 28 tháng 3 năm 2016 của Uỷ ban nhân dân tỉnh ban hành Quy chế phối hợp thực hiện đăng ký khai sinh, đăng ký thường trú, cấp thẻ bảo hiểm y tế cho trẻ em dưới 6 tuổi trên địa bàn tỉnh Điện Biên",
bhyt,140624,13036,Dẫn chiếu,True,False,False,Thông tư số 30/2019/TT-BLĐTBXH Hướng dẫn lập danh sách đối tượng tham gia bảo hiểm y tế do Bộ Lao động - Thương binh và Xã hội quản lý,
bhyt,168803,132188,Căn cứ,True,False,False,Nghị quyết số 15/2024/NQ-HĐND Quy định chính sách hỗ trợ kinh phí đóng bảo hiểm y tế; chi phí cùng chi trả đối với thuốc kháng HIV cho người nhiễm HIV/AIDS có thẻ bảo hiểm y tế trên địa bàn tỉnh Nghệ An,
bhyt,5218a7f0-6c7f-11f1-9c2b-932f5a2f1e38,185460,Thay thế,True,False,True,"Quy định chính sách hỗ trợ bảo hiểm y tế đối với đồng bào dân tộc thiểu số trên địa bàn thành phố Đà Nẵng, giai đoạn 2026 - 2031",
bhyt,176101,168128,Căn cứ,True,False,False,"Nghị quyết số 28/2024/NQ-HĐND Quy định giá cụ thể dịch vụ khám bệnh, chữa bệnh thuộc danh mục do quỹ bảo hiểm y tế thanh toán, giá cụ thể dịch vụ khám bệnh, chữa bệnh do ngân sách nhà nước thanh toán, giá cụ thể dịch vụ khám bệnh, chữa bệnh không thuộc danh mục do quỹ bảo hiểm y tế thanh toán mà không phải là dịch vụ khám bệnh, chữa bệnh theo yêu cầu đối với các cơ sở khám bệnh, chữa bệnh của Nhà nước trên địa bàn tỉnh Hà Nam quản lý thuộc phạm vi được phân quyền",
"bhyt,vien_phi",173768,168125,Căn cứ,True,False,False,"Nghị quyết số 114/2024/NQ-HĐND Bãi bỏ Nghị quyết số 23/2024/NQ-HĐND ngày 06 tháng 5 năm 2024 của HĐND tỉnh Bắc Giang quy định mức giá dịch vụ khám bệnh, chữa bệnh không thuộc phạm vi thanh toán của Quỹ bảo hiểm y tế trong các cơ sở khám bệnh, chữa bệnh của Nhà nước trên địa bàn tỉnh Bắc Giang",
bhyt,177832,167658,Căn cứ,True,False,False,"Thông tư số 99/2024/TT-BCA Quy định đăng ký khám bệnh, chữa bệnh bảo hiểm y tế ban đầu và chuyển người bệnh giữa các cơ sở khám bệnh, chữa bệnh thuộc Bộ Công an",
bhyt,73089,38018,Căn cứ,False,True,False,,Nghị định số 105/2014/NĐ-CP Quy định chi tiết và hướng dẫn thi hành một số điều của Luật Bảo hiểm y tế
bhyt,12326,54850,"Văn bản HD, QĐ chi tiết",False,True,False,,"Quyết định số 08/2015/QĐ-TTg Thí điểm về giao dịch điện tử trong việc thực hiện thủ tục tham gia bảo hiểm xã hội, bảo hiểm y tế, bảo hiểm thất nghiệp và đề nghị cấp sổ bảo hiểm xã hội, thẻ bảo hiểm y tế"
bhyt,89340,11802,Dẫn chiếu,False,True,False,,Quyết định số 170/2008/QĐ-TTg Về chế độ bảo hiểm y tế và trợ cấp mai táng đối với thanh niên xung phong thời kỳ kháng chiến chống Pháp
"bhyt,vien_phi",186215,178717,Căn cứ,True,False,False,"Nghị quyết số 36/2025/NQ-HĐND Bãi bỏ Nghị quyết số 29/2024/NQ-HĐND ngày 30 tháng 12 năm 2024 của Hội đồng nhân dân tỉnh Bạc Liêu quy định giá dịch vụ khám bệnh, chữa bệnh do quỹ bảo hiểm y tế thanh toán; giá dịch vụ khám bệnh, chữa bệnh do Ngân sách nhà nước thanh toán; giá dịch vụ khám bệnh, chữa bệnh không thuộc danh mục do quỹ bảo hiểm y tế thanh toán mà không phải là dịch vụ khám bệnh, chữa bệnh theo yêu cầu đối với các cơ sở khám bệnh, chữa bệnh của Nhà nước trên địa bàn tỉnh Bạc Liêu",
"bhyt,vien_phi",167742,32610,Căn cứ,True,False,False,"Nghị quyết số số 11/2024/NQ-HĐND Quy định mức giá dịch vụ khám bệnh, chữa bệnh không thuộc phạm vi thanh toán của Quỹ bảo hiểm y tế nhưng không phải là dịch vụ khám bệnh, chữa bệnh theo yêu cầu trong các cơ sở khám bệnh, chữa bệnh của Nhà nước thuộc tỉnh Quảng Nam",
"bhyt,vien_phi",142680,70819,Căn cứ,True,False,False,"Quyết định số 12/2020/QĐ-UBND Bãi bỏ Quyết định số 51/2017/QĐ-UBND ngày 21/8/2017 của UBND tỉnh Quảng Ngãi Quy định mức giá dịch vụ khám bệnh, chữa bệnh không thuộc phạm vi thanh toán của Quỹ bảo hiểm y tế trong các cơ sở khám bệnh, chữa bệnh của Nhà nước thuộc tỉnh Quảng Ngãi quản lý",
bhyt,155518,166391,Căn cứ,True,False,False,Nghị quyết số 10/2022/NQ-HĐND Quy định mức giá dịch vụ xét nghiệm SARS-CoV-2 bao gồm chi phí trực tiếp và chi phí tiền lương (chưa bao gồm sinh phẩm xét nghiệm phản ứng) trong trường hợp không thuộc phạm vi thanh toán của Quỹ bảo hiểm y tế trên địa bàn tỉnh An Giang,
bhyt,127617,127615,Văn bản căn cứ,True,False,False,Quyết định số 02/2018/QĐ-UBND Quy định mức hỗ trợ đóng bảo hiểm y tế cho hộ cận nghèo năm 2018 và người thuộc hộ nghèo đa chiều thiếu hụt các dịch vụ xã hội cơ bản khác (không thiếu hụt bảo hiểm y tế) gai đoạn 2017-2018 trên địa bàn tỉnh Ninh Thuận,
bhyt,38018,36793,Căn cứ,True,False,False,Nghị định số 105/2014/NĐ-CP Quy định chi tiết và hướng dẫn thi hành một số điều của Luật Bảo hiểm y tế,
bhyt,185038,172980,Thay thế,True,False,True,Nghị quyết số 15/2025/NQ-HĐND Quy định mức hỗ trợ đóng bảo hiểm y tế cho một số đối tượng trên địa bàn tỉnh Cà Mau,
bhyt,100267,52484,Căn cứ,True,False,False,"Quyết định số 25/2015/QĐ-UBND Ban hành Quy định đăng ký khám bệnh, chữa bệnh ban đầu và chuyển tuyến khám bệnh, chữa bệnh bảo hiểm y tế trên địa bàn tỉnh Ninh Thuận",
bhyt,89902,24536,Dẫn chiếu,True,False,False,"Quyết định 5063/QĐ-UBND về Kế hoạch thực hiện Bảo hiểm y tế toàn dân trên địa bàn Thành phố Hồ Chí Minh, giai đoạn 2012 - 2015 và giai đoạn 2016 - 2020",
bhyt,62144,22946,Căn cứ,True,False,False,"Nghị quyết số 79/2002/NQ-HĐND Về việc thực hiện chế độ bảo hiểm xã hội, bảo hiểm y tế và chế độ thôi việc đối với giáo viên mầm non dân lập",
bhyt,186612,179711,Căn cứ,False,True,False,,Nghị định số 188/2025/NĐ-CP hướng dẫn Luật Bảo hiểm y tế
bhyt,48242,25352,Căn cứ,True,False,False,"Quyết định số 05/2015/QĐ-UBND Về việc thực hiện chế độ hỗ trợ bảo hiểm xã hội tự nguyện, bảo hiểm y tế cho công an viên và thôn, ấp, khu đội trưởng được bố trí ở thôn, ấp, khu phố trên địa bàn tỉnh Bà Rịa - Vũng Tàu",
"bhyt,vien_phi",172863,168048,Căn cứ,True,False,False,"Nghị quyết số 140/2024/NQ-HĐND Quy định giá dịch vụ khám bệnh, chữa bệnh thuộc danh mục do Quỹ bảo hiểm y tế thanh toán; giá dịch vụ khám bệnh, chữa bệnh do ngân sách nhà nước thanh toán; giá dịch vụ khám bệnh, chữa bệnh không thuộc danh mục do Quỹ bảo hiểm y tế thanh toán mà không phải là dịch vụ khám bệnh, chữa bệnh theo yêu cầu cho các cơ sở khám bệnh, chữa bệnh của Nhà nước thuộc phạm quản lý của tỉnh Nam Định",
bhyt,61668,26147,Căn cứ,True,False,False,Quyết định số 287/2014/QĐ-UBND Về việc hỗ trợ kinh phí cho đối tượng cận nghèo mua bảo hiểm y tế,
bhyt,89902,12326,Căn cứ,True,False,False,"Quyết định 5063/QĐ-UBND về Kế hoạch thực hiện Bảo hiểm y tế toàn dân trên địa bàn Thành phố Hồ Chí Minh, giai đoạn 2012 - 2015 và giai đoạn 2016 - 2020",
"bhyt,vien_phi",172863,168128,Căn cứ,True,False,False,"Nghị quyết số 140/2024/NQ-HĐND Quy định giá dịch vụ khám bệnh, chữa bệnh thuộc danh mục do Quỹ bảo hiểm y tế thanh toán; giá dịch vụ khám bệnh, chữa bệnh do ngân sách nhà nước thanh toán; giá dịch vụ khám bệnh, chữa bệnh không thuộc danh mục do Quỹ bảo hiểm y tế thanh toán mà không phải là dịch vụ khám bệnh, chữa bệnh theo yêu cầu cho các cơ sở khám bệnh, chữa bệnh của Nhà nước thuộc phạm quản lý của tỉnh Nam Định",
bhyt,8063f9c0-8192-11f1-a7b4-31acaf5a5932,179711,Căn cứ,True,True,False,Nghị quyết số 25/2026/NQ-HĐND Quy định hỗ trợ mức đóng bảo hiểm y tế và hỗ trợ chi phí cùng chi trả đối với thuốc kháng vi rút HIV cho người nhiễm HIV/AIDS trên địa bàn tỉnh Hưng Yên giai đoạn 2026-2030,Nghị định số 188/2025/NĐ-CP hướng dẫn Luật Bảo hiểm y tế
bhyt,159070,142830,Căn cứ,True,False,False,"Nghị quyết số 34/2022/NQ-HĐND Quy định việc hỗ trợ đóng bảo hiểm xã hội và bảo hiểm y tế cho ấp (khu) đội trưởng, người hoạt động không chuyên trách ở ấp, khu phố và người trực tiếp tham gia công việc ở ấp, khu phố trên địa bàn tỉnh Kiên Giang",
bhyt,184559,175440,Căn cứ,True,False,False,Nghị quyết số 64/2025/NQ-HĐND Quy định mức hỗ trợ đóng bảo hiểm y tế cho một số đối tượng trên địa bàn tỉnh Phú Thọ giao đoạn 2026-2030,
vien_phi,45773,10420,Căn cứ,True,False,False,"Quyết định số 1169/QĐ-UBND Về giá thu một phần viện phí, lệ phí tại các cơ sở y tế",
bhyt,58497,38018,"Quy định chi tiết, hướng dẫn thi hành",False,True,False,,Nghị định số 105/2014/NĐ-CP Quy định chi tiết và hướng dẫn thi hành một số điều của Luật Bảo hiểm y tế
"bhyt,vien_phi",144093,70807,Căn cứ,True,False,False,"Quyết định số 36/2020/QĐ-UBND Về việc bãi bỏ Quyết định số 24/2017/QĐ-UBND ngày 21/8/2017 của Ủy ban nhân dân tỉnh về việc Quy định mức giá dịch vụ khám bệnh, chữa bệnh không thuộc phạm vi thanh toán của Quỹ bảo hiểm y tế trong các cơ sở khám bệnh, chữa bệnh của Nhà nước trên địa bàn tỉnh Lạng Sơn",
bhyt,67295,30321,Căn cứ,True,False,False,"Thông tư liên tịch số 05/2015/TTLT-BTP-BCA-BYT Hướng dẫn thực hiện liên thông các thủ tục hành chính về đăng ký khai sinh, đăng ký thường trú, cấp thẻ bảo hiểm y tế cho trẻ em dưới 6 tuổi",
bhyt,165362,119084,Căn cứ,True,False,False,"Nghị quyết số 336/2022/NQ-HĐND Quy định mức hỗ trợ từ ngân sách nhà nước đóng bảo hiểm y tế cho người thuộc hộ gia đình nông nghiệp, ngư nghiệp có mức sống trung bình trên địa bàn tỉnh Hưng Yên giai đoạn 2023-2025",
bhyt,130135,70800,Căn cứ,True,False,False,Nghị quyết số 59/2018/NQ-HĐND Quy định mức hỗ trợ đóng bảo hiểm y tế từ ngân sách nhà nước cho người thuộc hộ gia đình nghèo đa chiều thiếu hụt các dịch vụ xã hội cơ bản khác (không thiếu hụt Bảo hiểm y tế) trên địa bàn tỉnh,
bhyt,183010,38018,Căn cứ,True,True,False,Nghị quyết số 31/2015/NQ-HĐND Quy định mức hỗ trợ kinh phí đóng bảo hiểm y tế cho một số đối tượng có hộ khẩu thường trú tại tỉnh Ninh Bình,Nghị định số 105/2014/NĐ-CP Quy định chi tiết và hướng dẫn thi hành một số điều của Luật Bảo hiểm y tế
bhyt,185037,184035,Căn cứ,True,False,False,"Nghị quyết số 57/2025/NQ-HĐND Quy định chính sách hỗ trợ mức đóng bảo hiểm y tế cho các nhóm đối tượng xã hội đang thường trú trên địa bàn thành phố Hải Phòng, giai đoạn 2026 - 2030",
bhyt,12325,22840,Căn cứ,True,False,False,Lệnh số 23/2008/L-CTN Về việc công bố Luật,
bhyt,185418,36793,Căn cứ,True,False,False,"Nghị quyết số 99/2025/NQ-HĐND quy định chính sách hỗ trợ kinh phí tham gia bảo hiểm xã hội tự nguyện, bảo hiểm y tế trên địa bàn tỉnh Bắc Ninh, giai đoạn 2026- 2030",
bhyt,184764,179711,Căn cứ,True,True,False,"Nghị quyết số 110/2025/NQ-HĐND Quy định mức hỗ trợ đóng bảo hiểm y tế cho người thuộc hộ gia đình cận nghèo; học sinh, sinh viên là người dân tộc thiểu số; người thuộc hộ gia đình làm nông nghiệp, lâm nghiệp, ngư nghiệp có mức sống trung bình trên địa bàn tỉnh Lai Châu giai đoạn 2026 – 2030",Nghị định số 188/2025/NĐ-CP hướng dẫn Luật Bảo hiểm y tế
bhyt,173922,170583,Căn cứ,True,False,False,"Nghị quyết số 32/2024/NQ-HĐND Quy định giá cụ thể dịch vụ khám bệnh, chữa bệnh do Quỹ bảo hiểm y tế thanh toán; giá cụ thể dịch vụ khám bệnh, chữa bệnh do ngân sách nhà nước thanh toán, giá cụ thể dịch vụ khám bệnh, chữa bệnh không thuộc danh mục do quỹ bảo hiểm y tế thanh toán mà không phải là dịch vụ khám bệnh, chữa bệnh theo yêu cầu đối với các cơ sở khám bệnh, chữa bệnh của Nhà nước trên địa bàn tỉnh Đắk Lắk",
bhyt,172923,146648,Dẫn chiếu,True,False,False,Luật Bảo hiểm y tế sửa đổi 2024 số Luật số 51/2024/QH15,
bhyt,158390,179244,Văn bản sửa đổi,False,True,False,,"Thông tư số 15/2025/TT-BYT quy định về phân cấp, phân định thẩm quyền của chính quyền địa phương 02 cấp trong lĩnh vực y, dược cổ truyền do Bộ trưởng Bộ Y tế ban hành"
bhyt,184764,176696,Căn cứ,True,False,False,"Nghị quyết số 110/2025/NQ-HĐND Quy định mức hỗ trợ đóng bảo hiểm y tế cho người thuộc hộ gia đình cận nghèo; học sinh, sinh viên là người dân tộc thiểu số; người thuộc hộ gia đình làm nông nghiệp, lâm nghiệp, ngư nghiệp có mức sống trung bình trên địa bàn tỉnh Lai Châu giai đoạn 2026 – 2030",
"bhyt,vien_phi",173621,146383,Căn cứ,True,False,False,"Nghị quyết số 40/2024/NQ-HĐND Bãi bỏ Nghị quyết số 01/2024/NQ-HĐND ngày 19 tháng 01 năm 2024 của Hội đồng nhân dân tỉnh Đồng Nai quy định giá dịch vụ khám bệnh, chữa bệnh không thuộc phạm vi thanh toán của Quỹ bảo hiểm y tế trong các cơ sở khám bệnh, chữa bệnh của Nhà nước trên địa bàn tỉnh Đồng Nai",
bhyt,54850,36793,Căn cứ,True,False,False,"Quyết định số 08/2015/QĐ-TTg Thí điểm về giao dịch điện tử trong việc thực hiện thủ tục tham gia bảo hiểm xã hội, bảo hiểm y tế, bảo hiểm thất nghiệp và đề nghị cấp sổ bảo hiểm xã hội, thẻ bảo hiểm y tế",
bhyt,104348,38018,Căn cứ,False,True,False,,Nghị định số 105/2014/NĐ-CP Quy định chi tiết và hướng dẫn thi hành một số điều của Luật Bảo hiểm y tế
bhyt,148676,132188,Căn cứ,True,False,False,Nghị quyết số 12/2021/NQ-HĐND Quy định mức hỗ trợ đóng bảo hiểm y tế cho người thuộc hộ nghèo đa chiều thiếu hụt các dịch vụ xã hội cơ bản khác và người thuộc hộ gia đình cận nghèo trên địa bàn tỉnh Lạng Sơn,
bhyt,a58d0900-6ae3-11f1-9463-4ba9a7c0cbbb,178340,Căn cứ,True,False,False,"Nghị quyết số 17/2026/NQ-HĐND Sửa đổi, bổ sung một số điều của nghị quyết số 19/2025/NQ-HĐND ngày 09 tháng 7 năm 2025 của Hội đồng nhân dân thành phố Hà Nội quy định nội dung, mức hỗ trợ đóng bảo hiểm xã hội, bảo hiểm y tế cho các đối tượng chính sách xã hội của thành phố Hà Nội",
bhyt,185524,179711,Dẫn chiếu,True,True,False,"Nghị quyết số 818/2025/NQ-HĐND Quy định mức hỗ trợ từ ngân sách nhà nước đóng bảo hiểm y tế, bảo hiểm xã hội tự nguyện cho một số đối tượng trên địa bàn tỉnh Hưng Yên",Nghị định số 188/2025/NĐ-CP hướng dẫn Luật Bảo hiểm y tế
bhyt,181930,17141,Dẫn chiếu,True,False,False,Nghị quyết số 17/2025/NQ-HĐND Ban hành Quy định mức hỗ trợ đóng bảo hiểm y tế đối với một số đối tượng trên địa bàn tỉnh Vĩnh Long,
bhyt,181625,175440,Căn cứ,True,False,False,"Nghị quyết số 09/2025/NQ-HĐND Về việc sửa đổi khoản 1 Điều 1 Nghị quyết số 13/2023/NQ-HĐND ngày 14 tháng 12 năm 2023 của Hội đồng nhân dân tỉnh quy định mức hỗ trợ đóng bảo hiểm y tế cho đối tượng hộ cận nghèo trên địa bàn tỉnh Thanh Hóa, giai đoạn 2024 - 2025",
bhyt,28013,16267,Dẫn chiếu,True,False,False,Thông tư số 178/2012/TT-BTC Hướng dẫn kế toán áp dụng cho Bảo hiểm xã hội Việt Nam,
bhyt,186050,139604,Thay thế,True,False,True,Nghị quyết số 43/2025/NQ-HĐND Quy định mức hỗ trợ đóng bảo hiểm y tế cho các đối tượng được ngân sách nhà nước hỗ trợ mức đóng trên địa bàn tỉnh Đồng Tháp,
bhyt,184708,148955,Căn cứ,True,False,False,"Nghị quyết số 57/2025/NQ-HĐND Quy định chính sách hỗ trợ mức đóng bảo hiểm y tế cho các nhóm đối tượng xã hội đang thường trú trên địa bàn thành phố Hải Phòng, giai đoạn 2026 - 2030",
"bhyt,vien_phi",172424,70800,Căn cứ,True,False,False,"Nghị quyết số 49/2024/NQ-HĐND Bãi bỏ Nghị quyết số 32/2024/NQ-HĐND ngày 19/4/2024 của HĐND tỉnh quy định mức giá dịch vụ khám bệnh, chữa bệnh không thuộc phạm vi thanh toán của Quỹ Bảo hiểm y tế (nhưng không phải là dịch vụ khám bệnh, chữa bệnh của Nhà nước thuộc tỉnh Quảng Ninh quản lý)",
bhyt,184087,172923,Căn cứ,True,True,False,Thông tư số 98/2025/TT-BQP Hướng dẫn thực hiện một số điều của Nghị định số 188/2025/NĐ-CP ngày 01 tháng 7 năm 2025 của Chính phủ quy định chi tiết và hướng dẫn thi hành một số điều của Luật Bảo hiểm y tế đối với các đối tượng thuộc phạm vi quản lý của Bộ Quốc phòng,Luật Bảo hiểm y tế sửa đổi 2024 số Luật số 51/2024/QH15
bhyt,70dddd40-84a3-11f1-8944-6df2189722a5,8619b9a0-5e55-11f1-8e5a-2929924511d6,Căn cứ,False,True,False,,"Nghị định 02/2025/NĐ-CP Sửa đổi, bổ sung một số điều của nghị định số 146/2018/NĐ-CP ngày 17 tháng 10 năm 2018 của chính phủ quy định chi tiết và hướng dẫn biện pháp thi hành luật bảo hiểm y tể, đã được sửa đổi, bổ sung một số điều tại nghị định số 75/2023/NĐ-CP ngày 19 tháng 10 năm 2023 của chính phủ"
bhyt,179711,173982,Dẫn chiếu,True,False,False,Nghị định số 188/2025/NĐ-CP hướng dẫn Luật Bảo hiểm y tế,
bhyt,49482,12326,Căn cứ,True,False,False,"Quyết định số 104/2009/QĐ-UBND Về việc phân công, phân cấp quản lý mua, cấp phát thẻ bảo hiểm y tế cho các đối tượng được Ngân sách Nhà nước đảm bảo trên địa bàn tỉnh Nghệ An",
bhyt,184708,140237,Tạm ngưng hiệu lực,True,False,False,"Nghị quyết số 57/2025/NQ-HĐND Quy định chính sách hỗ trợ mức đóng bảo hiểm y tế cho các nhóm đối tượng xã hội đang thường trú trên địa bàn thành phố Hải Phòng, giai đoạn 2026 - 2030",
"bhyt,vien_phi",173935,103581,Căn cứ,True,False,False,"Nghị quyết số 29/2024/NQ-HĐND Bãi bỏ Nghị quyết số 15/2024/NQ-HĐND ngày 11 tháng 7 năm 2024 của Hội đồng nhân dân tỉnh Ninh Thuận quy định giá dịch vụ khám bệnh, chữa bệnh không thuộc phạm vi thanh toán của Quỹ bảo hiểm y tế trong các cơ sở khám bệnh, chữa bệnh của Nhà nước trên địa bàn tỉnh Ninh Thuận",
"bhyt,vien_phi",173935,146383,Căn cứ,True,False,False,"Nghị quyết số 29/2024/NQ-HĐND Bãi bỏ Nghị quyết số 15/2024/NQ-HĐND ngày 11 tháng 7 năm 2024 của Hội đồng nhân dân tỉnh Ninh Thuận quy định giá dịch vụ khám bệnh, chữa bệnh không thuộc phạm vi thanh toán của Quỹ bảo hiểm y tế trong các cơ sở khám bệnh, chữa bệnh của Nhà nước trên địa bàn tỉnh Ninh Thuận",
bhyt,159113,153632,Căn cứ,True,False,False,Nghị quyết số 09/2022/NQ-HĐND Quy định giá dịch vụ xét nghiệm SARS-CoV-2 (chưa bao gồm chi phí sinh phẩm xét nghiệm) trong trường hợp không thuộc phạm vi thanh toán của Quỹ bảo hiểm y tế đối với các cơ sở y tế công lập trên địa bàn tỉnh Vĩnh Phúc,
bhyt,127243,117603,"Sửa đổi, bổ sung",True,False,False,"Quyết định số 52/2017/QĐ-UBND Sửa đổi, bổ sung Quyết định số 52/2016/QĐ-UBND ngày 21/12/2016 của UBND tỉnh về việc hỗ trợ kinh phí đóng bảo hiểm y tế giai đoạn 2017-2020",
bhyt,140172,12326,Căn cứ,True,False,False,Nghị quyết số 11/2019/NQ-HĐND Hỗ trợ bảo hiểm y tế cho người thuộc hộ nghèo khi mới thoát nghèo trên địa bàn tỉnh Bạc Liêu,
bhyt,185767,175440,Căn cứ,True,False,False,"Nghị quyết số 53/2025/NQ-HĐND Quy định chính sách hỗ trợ mức đóng bảo hiểm xã hội cho người tham gia bảo hiểm xã hội tự nguyện, bảo hiểm y tế trên địa bàn thành phố Huế giai đoạn 2026 - 2030",
bhyt,185767,12326,Căn cứ,True,False,False,"Nghị quyết số 53/2025/NQ-HĐND Quy định chính sách hỗ trợ mức đóng bảo hiểm xã hội cho người tham gia bảo hiểm xã hội tự nguyện, bảo hiểm y tế trên địa bàn thành phố Huế giai đoạn 2026 - 2030",
bhyt,181930,157127,Bãi bỏ,True,False,True,Nghị quyết số 17/2025/NQ-HĐND Ban hành Quy định mức hỗ trợ đóng bảo hiểm y tế đối với một số đối tượng trên địa bàn tỉnh Vĩnh Long,
bhyt,180170,175440,Căn cứ,True,False,False,"Nghị quyết số 08/2025/NQ-HĐND Quy định chính sách hỗ trợ thêm mức đóng bảo hiểm y tế cho một số đối tượng trên địa bàn tỉnh Nghệ An, giai đoạn 2026 – 2030",
bhyt,136555,92948,Căn cứ,True,False,False,"Nghị quyết số 166/2019/NQ-HĐND Quy định mức hỗ trợ đóng bảo hiểm y tế cho người thuộc hộ gia đình cận nghèo, người thuộc hộ gia đình nghèo đa chiều không thiếu hụt về bảo hiểm y tế trên địa bàn tỉnh Đồng Nai giai đoạn 2019 - 2020",
bhyt,160332,67295,Căn cứ,False,True,False,,"Thông tư liên tịch số 05/2015/TTLT-BTP-BCA-BYT Hướng dẫn thực hiện liên thông các thủ tục hành chính về đăng ký khai sinh, đăng ký thường trú, cấp thẻ bảo hiểm y tế cho trẻ em dưới 6 tuổi"
bhyt,54852,12326,Căn cứ,True,False,False,"Quyết định số 03/2015/QĐ-UBND Về việc thực hiện hỗ trợ đóng bảo hiểm xã hội tự nguyện, bảo hiểm y tế cho Công an viên thường trực cấp xã trên địa bàn tỉnh Quảng Nam",
bhyt,96394,15057,Căn cứ,True,False,False,"Nghị quyết số 42/2014/NQ-HDND Về việc phê duyệt chế độ hỗ trợ bảo hiểm xã hội tự nguyện, bảo hiểm y tế cho công an viên và thôn, ấp, khu đội trưởng được bố trí ở thôn, ấp, khu phố trên địa bàn tỉnh Bà Rịa - Vũng Tàu",
bhyt,174076,173064,Căn cứ,False,True,False,,"Nghị quyết số 31/2024/NQ-HĐND Về việc bãi bỏ Nghị quyết số 04/2024/NQ-HĐND ngày 21 tháng 5 năm 2024 của Hội đồng nhân dân tỉnh quy định giá cụ thể dịch vụ khám bệnh, chữa bệnh không thuộc danh mục do quỹ bảo hiểm y tế thanh toán mà không phải là dịch vụ khám bệnh, chữa bệnh theo yêu cầu đối với các cơ sở khám bệnh, chửa bệnh của Nhà nước trên địa bàn tỉnh Long An"
bhyt,139461,70819,Căn cứ,True,False,False,Quyết định số 39/2019/QĐ-UBND Bãi bỏ Quyết định số 52/2003/QĐ-UB ngày 09 tháng 6 năm 2003của Uỷ ban nhân dân tỉnh và Quyết định số 53/2003/QĐ-UB ngày 10 tháng 6 năm 2003 của Uỷ ban nhân dân tỉnh,
bhyt,25987,11609,Dẫn chiếu,True,False,False,"Quyết định số 87/2010/QĐ-TTg Về việc cho doanh nghiệp, người lao động thuộc Tập đoàn Công nghiệp tàu thủy Việt Nam và Tổng công ty Hàng hải Việt Nam vay để chi trả nợ tiền lương, nợ bảo hiểm xã hội, bảo hiểm y tế, bảo hiểm thất nghiệp, trợ cấp thôi việc, trợ cấp mất việc làm, tạo việc làm, học nghề",
bhyt,12326,67295,"Văn bản HD, QĐ chi tiết",False,True,False,,"Thông tư liên tịch số 05/2015/TTLT-BTP-BCA-BYT Hướng dẫn thực hiện liên thông các thủ tục hành chính về đăng ký khai sinh, đăng ký thường trú, cấp thẻ bảo hiểm y tế cho trẻ em dưới 6 tuổi"
bhyt,86840,49482,Dẫn chiếu,False,True,False,,"Quyết định số 104/2009/QĐ-UBND Về việc phân công, phân cấp quản lý mua, cấp phát thẻ bảo hiểm y tế cho các đối tượng được Ngân sách Nhà nước đảm bảo trên địa bàn tỉnh Nghệ An"
"bhyt,vien_phi",173906,168125,Căn cứ,True,False,False,"Nghị quyết số 24/2024/NQ-HĐND Bãi bỏ Nghị quyết số 280/2019/NQ-HĐND ngày 08/10/2019 của Hội đồng nhân dân Tỉnh về việc ban hành bảng giá dịch vụ khám bệnh, chữa bệnh không thuộc phạm vi thanh toán của quỹ bảo hiểm y tế trong các cơ sở khám bệnh, chữa bệnh của nhà nước trên địa bàn tỉnh Đồng Tháp",
bhyt,158050,25170,Căn cứ,True,False,False,"Nghị quyết số 61/2022/NQ-HĐND Quy định mức giá dịch vụ xét nghiệm SARS-CoV-2 không thuộc phạm vi thanh toán của Quỹ bảo hiểm y tế cho các cơ sở khám bệnh, chữa bệnh của Nhà nước trên địa bàn tỉnh Lai Châu",
"bhyt,vien_phi",126742,70819,Căn cứ,True,False,False,"Quyết định số 25/2017/QĐ-UBND Quy định mức giá dịch vụ khám bệnh, chữa bệnh không thuộc phạm vi thanh toán của quỹ bảo hiểm y tế trong cơ sở khám bệnh, chữa bệnh Nhà nước thuộc địa phương quản lý trên địa bàn tỉnh Hà Nam",
bhyt,155449,153632,Căn cứ,True,False,False,Nghị quyết số 03/2022/NQ-HĐND Quy định mức giá dịch vụ xét nghiệm SARS-CoV-2 (chưa bao gồm sinh phẩm xét nghiệm) không thuộc phạm vi thanh toán của Quỹ bảo hiểm y tế cho các cơ sở y tế công lập trên địa bàn tỉnh Đắk Lắk,
bhyt,155298,70800,Căn cứ,True,False,False,"Nghị quyết số 65/2022/NQ-HĐND Quy định mức giá dịch vụ xét nghiệm SARS-CoV-2 không thuộc phạm vi thanh toán của Quỹ bảo hiểm y tế (chưa bao gồm chi phí sinh phẩm xét nghiệm SARS-CoV-2) tại cơ sở khám bệnh, chữa bệnh của Nhà nước trên địa bàn tỉnh Hà Tĩnh",
bhyt,141799,36793,Căn cứ,True,False,False,Nghị quyết số 287/2020/NQ-HĐND Hỗ trợ kinh phí đóng bảo hiểm y tế cho người nhiễm HIV chưa có thẻ bảo hiểm y tế trên địa bàn tỉnh Kiên Giang,
bhyt,143792,18433,Căn cứ,True,False,False,Nghị quyết số 06/2014/NQ-HĐND Về chế độ hỗ trợ mua bảo hiểm y tế cho người đồng bào dân tộc thiểu số không thuộc vùng có điều kiện kinh tế - xã hội khó khăn trên địa bàn tỉnh Khánh Hòa,
bhyt,54850,14645,"Quy định chi tiết, hướng dẫn thi hành",True,False,False,"Quyết định số 08/2015/QĐ-TTg Thí điểm về giao dịch điện tử trong việc thực hiện thủ tục tham gia bảo hiểm xã hội, bảo hiểm y tế, bảo hiểm thất nghiệp và đề nghị cấp sổ bảo hiểm xã hội, thẻ bảo hiểm y tế",
bhyt,166665,179244,Văn bản sửa đổi,False,True,False,,"Thông tư số 15/2025/TT-BYT quy định về phân cấp, phân định thẩm quyền của chính quyền địa phương 02 cấp trong lĩnh vực y, dược cổ truyền do Bộ trưởng Bộ Y tế ban hành"
bhyt,139368,172977,Văn bản quy định hết hiệu lực,False,True,False,,Nghị quyết số 110/2024/NQ-HĐND Bãi bỏ các Nghị quyết của Hội đồng nhân dân tỉnh Gia Lai
bhyt,184266,178717,Căn cứ,True,False,False,"Nghị quyết số 35/2025/NQ-HĐND Quy định chính sách hỗ trợ tiền ăn thêm, tiền mua bảo hiểm y tế và chi phí sinh hoạt khác đối với một số nhóm đối tượng đang được chăm sóc, nuôi dưỡng tại các đơn vị do Sở Y tế và Sở Nội vụ quản lý",
bhyt,79219,26898,Căn cứ,True,False,False,"Quyết định số 76/2014/QĐ-UBND Ban hành Quy định quản lý, cấp phát thẻ bảo hiểm y tế cho đối tượng Ngân sách nhà nước đảm bảo toàn bộ hoặc một phần kinh phí áp dụng trên địa bàn tỉnh Hà Tĩnh",
bhyt,155319,172923,Căn cứ,False,True,False,,Luật Bảo hiểm y tế sửa đổi 2024 số Luật số 51/2024/QH15
bhyt,179797,27569,Căn cứ,True,False,False,Văn bản hợp nhất số 04/VBHN-BYT Quy định chi tiết và hướng dẫn biện pháp thi hành một số điều của luật bảo hiểm y tế,
bhyt,153016,176604,Văn bản quy định hết hiệu lực,False,True,False,,"Nghị quyết số 02/2025/NQ-HĐND Bãi bỏ Nghị quyết số 02/2022/NQ-HĐND ngày 25 tháng 02 năm 2022 của Hội đồng nhân dân tỉnh quy định mức giá dịch vụ xét nghiệm SARS-CoV-2 tại các cơ sở khám bệnh, chữa bệnh của Nhà nước không thuộc phạm vi thanh toán của Quỹ bảo hiểm y tế trên địa bàn tỉnh Bà Rịa - Vũng Tàu"
"bhyt,vien_phi",174245,70800,Căn cứ,True,False,False,"Nghị quyết số 26/2024/NQ-HĐND Bãi bỏ Nghị quyết số 04/2024/NQ-HĐND ngày 19 tháng 4 năm 2024 của Hội đồng nhân dân tỉnh An Giang quy định mức giá dịch vụ khám bệnh, chữa bệnh không thuộc phạm vi thanh toán của Quỹ bảo hiểm y tế mà không phải là đối tượng khám bệnh, chữa bệnh theo yêu cầu tạ",
"bhyt,vien_phi",126742,48478,Thay thế,True,False,True,"Quyết định số 25/2017/QĐ-UBND Quy định mức giá dịch vụ khám bệnh, chữa bệnh không thuộc phạm vi thanh toán của quỹ bảo hiểm y tế trong cơ sở khám bệnh, chữa bệnh Nhà nước thuộc địa phương quản lý trên địa bàn tỉnh Hà Nam",
"bhyt,vien_phi",179585,12326,Căn cứ,True,False,False,"Thông tư số 22/2021/TT-BYT của Bộ Y tế về quy định ngưng hiệu lực Thông tư 04/2021/TT-BYT ngày 29/4/2021 của Bộ trưởng Bộ Y tế hướng dẫn thanh toán chi phí khám bệnh, chữa bệnh bảo hiểm y tế theo định suất",
bhyt,139461,103581,Căn cứ,True,False,False,Quyết định số 39/2019/QĐ-UBND Bãi bỏ Quyết định số 52/2003/QĐ-UB ngày 09 tháng 6 năm 2003của Uỷ ban nhân dân tỉnh và Quyết định số 53/2003/QĐ-UB ngày 10 tháng 6 năm 2003 của Uỷ ban nhân dân tỉnh,
"bhyt,vien_phi",173130,167197,Căn cứ,True,False,False,"Nghị quyết số 30/2024/NQ-HĐND Bãi bỏ Nghị quyết số 15/2019/NQ-HĐND ngày 06 tháng 12 năm 2019 của Hội đồng nhân dân tỉnh Sóc Trăng quy định giá dịch vụ khám bệnh, chữa bệnh không thuộc phạm vi thanh toán của Quỹ bảo hiểm y tế trong các cơ sở khám bệnh, chữa bệnh của Nhà nước trên địa bàn tỉnh Sóc Trăng",
"bhyt,vien_phi",173768,168128,Căn cứ,True,False,False,"Nghị quyết số 114/2024/NQ-HĐND Bãi bỏ Nghị quyết số 23/2024/NQ-HĐND ngày 06 tháng 5 năm 2024 của HĐND tỉnh Bắc Giang quy định mức giá dịch vụ khám bệnh, chữa bệnh không thuộc phạm vi thanh toán của Quỹ bảo hiểm y tế trong các cơ sở khám bệnh, chữa bệnh của Nhà nước trên địa bàn tỉnh Bắc Giang",
bhyt,152757,36793,Căn cứ,True,False,False,Nghị quyết số Số: 04/2022/NQ-HĐND Quy định chính sách hỗ trợ bảo hiểm y tế đối với đồng bào dân tộc thiểu số trên địa bàn tỉnh Quảng Nam giai đoạn 2022 - 2025,
bhyt,127616,36793,Căn cứ,True,False,False,Nghị quyết số 46/2017/NQ-HĐND Quy định mức hỗ trợ đóng bảo hiểm y tế cho hộ cận nghèo năm 2018 và người thuộc hộ nghèo đa chiều thiếu hụt các dịch vụ xã hội cơ bản khác (không thiếu hụt bảo hiểm y tế) giai đoạn 2017-2018 trên địa bàn tỉnh Ninh Thuận,
bhyt,171885,170583,"Sửa đổi, bổ sung",True,False,False,"Thông tư 39/2024/TT-BYT sửa đổi Thông tư 35/2016/TT-BYT về Danh mục và tỷ lệ, điều kiện thanh toán đối với dịch vụ kỹ thuật y tế thuộc phạm vi được hưởng của người tham gia bảo hiểm y tế do Bộ trưởng Bộ Y tế ban hành",
bhyt,119949,101359,Thay thế,True,False,True,Nghị quyết số 70/2016/NQ-HĐND Quy định mức hỗ trợ đóng bảo hiểm y tế cho người thuộc hộ gia đình cận nghèo trên địa bàn tỉnh Ninh Thuận năm 2017,
bhyt,127617,12326,Căn cứ,True,False,False,Quyết định số 02/2018/QĐ-UBND Quy định mức hỗ trợ đóng bảo hiểm y tế cho hộ cận nghèo năm 2018 và người thuộc hộ nghèo đa chiều thiếu hụt các dịch vụ xã hội cơ bản khác (không thiếu hụt bảo hiểm y tế) gai đoạn 2017-2018 trên địa bàn tỉnh Ninh Thuận,
bhyt,155469,70819,Căn cứ,True,False,False,Nghị quyết số 06/2022/NQ-HĐND Quy định giá dịch vụ xét nghiệm SARS-CoV-2không thuộc phạm vi thanh toán của Quỹ bảo hiểm y tế trên địa bàn tỉnh Bến Tre,
"bhyt,vien_phi",172978,168406,Bãi bỏ,True,False,True,"Nghị quyết số 111/2024/NQ-HĐND Bãi bỏ Nghị quyết số 78/2024/NQ-HĐND ngày 10 tháng 7 năm 2024 của Hội đồng nhân dân tỉnh Gia Lai quy định giá dịch vụ khám bệnh, chữa bệnh không thuộc phạm vi thanh toán của Quỹ Bảo hiểm y tế nhưng không phải là dịch vụ khám bệnh, chữa bệnh theo yêu cầu trong các cơ sở khám bệnh, chữa bệnh của Nhà nước thuộc tỉnh Gia Lai quản lý",
bhyt,185662,179427,Căn cứ,True,False,False,Nghị quyết số 43/2025/NQ-HĐND Quy định mức hỗ trợ đóng bảo hiểm y tế cho một số đối tượng trên địa bàn tỉnh Tuyên Quang,
bhyt,185383,179711,Căn cứ,False,True,False,,Nghị định số 188/2025/NĐ-CP hướng dẫn Luật Bảo hiểm y tế
bhyt,181930,175440,Căn cứ,True,False,False,Nghị quyết số 17/2025/NQ-HĐND Ban hành Quy định mức hỗ trợ đóng bảo hiểm y tế đối với một số đối tượng trên địa bàn tỉnh Vĩnh Long,
bhyt,156969,70807,Căn cứ,True,False,False,Nghị quyết số 61/2022/NQ-HĐND Về việc Quy định hỗ trợ kinh phí đóng Bảo hiểm y tế đối với một số nhóm đối tượng có đăng ký thường trú trên địa bàn tỉnh Ninh Bình,
bhyt,153608,70819,Căn cứ,True,False,False,"Nghị quyết số 11/2022/NQ-HĐND Quy định giá dịch vụ xét nghiệm SARS-CoV-2 trong trường hợp không thuộc phạm vi thanh toán của Quỹ bảo hiểm y tế tại các cơ sở khám bệnh, chữa bệnh của Nhà nước trên địa bàn tỉnh Ninh Bình",
bhyt,152409,138627,Thay thế,True,False,True,Nghị quyết số 15/2021/NQ-HĐND Về việc hỗ trợ kinh phí đóng bảo hiểm y tế đối với trẻ em có hoàn cảnh khó khăn đang được nuôi dưỡng tại các cơ sở bảo trợ xã hội ngoài công lập trên địa bàn tỉnh Kiên Giang,
bhyt,ba301270-84ac-11f1-9627-953cfdd644c8,8619b9a0-5e55-11f1-8e5a-2929924511d6,Căn cứ,False,True,False,,"Nghị định 02/2025/NĐ-CP Sửa đổi, bổ sung một số điều của nghị định số 146/2018/NĐ-CP ngày 17 tháng 10 năm 2018 của chính phủ quy định chi tiết và hướng dẫn biện pháp thi hành luật bảo hiểm y tể, đã được sửa đổi, bổ sung một số điều tại nghị định số 75/2023/NĐ-CP ngày 19 tháng 10 năm 2023 của chính phủ"
bhyt,ee183cd0-8497-11f1-9acd-8bcf595ab2c4,8619b9a0-5e55-11f1-8e5a-2929924511d6,Căn cứ,False,True,False,,"Nghị định 02/2025/NĐ-CP Sửa đổi, bổ sung một số điều của nghị định số 146/2018/NĐ-CP ngày 17 tháng 10 năm 2018 của chính phủ quy định chi tiết và hướng dẫn biện pháp thi hành luật bảo hiểm y tể, đã được sửa đổi, bổ sung một số điều tại nghị định số 75/2023/NĐ-CP ngày 19 tháng 10 năm 2023 của chính phủ"
bhyt,171713,168128,"Quy định chi tiết, hướng dẫn thi hành",True,False,False,"Thông tư 37/2024/TT-BYT quy định nguyên tắc, tiêu chí xây dựng, cập nhật, ghi thông tin, cấu trúc danh mục và hướng dẫn thanh toán đối với thuốc hóa dược, sinh phẩm, thuốc phóng xạ và chất đánh dấu thuộc phạm vi được hưởng của người tham gia bảo hiểm y tế do Bộ trưởng Bộ Y tế ban hành",
bhyt,183011,70819,Căn cứ,True,False,False,"Nghị quyết số 26/2017/NQ-HĐND Về việc sửa đổi, bổ sung Khoản 3 Điều 1 của Nghị quyết số 31/2015/NQ-HĐND ngày 10/12/2015 của Hội đồng nhân dân tỉnh Ninh Bình về việc hỗ trợ kinh phí đóng bảo hiểm y tế cho một số đối tượng có hộ khẩu thường trú tại tỉnh Ninh Bình",
bhyt,183011,119084,Căn cứ,True,False,False,"Nghị quyết số 26/2017/NQ-HĐND Về việc sửa đổi, bổ sung Khoản 3 Điều 1 của Nghị quyết số 31/2015/NQ-HĐND ngày 10/12/2015 của Hội đồng nhân dân tỉnh Ninh Bình về việc hỗ trợ kinh phí đóng bảo hiểm y tế cho một số đối tượng có hộ khẩu thường trú tại tỉnh Ninh Bình",
"bhyt,vien_phi",157394,137243,Căn cứ,True,False,False,"Quyết định số 27/2020/QĐ-UBND Quy định giá dịch vụ khám bệnh, chữa bệnh không thuộc phạm vi thanh toán của Quỹ bảo hiểm y tế trong các cơ sở khám bệnh, chữa bệnh của Nhà nước trên địa bàn tỉnh Ninh Thuận",
"bhyt,vien_phi",169457,173935,Văn bản quy định hết hiệu lực,False,True,False,,"Nghị quyết số 29/2024/NQ-HĐND Bãi bỏ Nghị quyết số 15/2024/NQ-HĐND ngày 11 tháng 7 năm 2024 của Hội đồng nhân dân tỉnh Ninh Thuận quy định giá dịch vụ khám bệnh, chữa bệnh không thuộc phạm vi thanh toán của Quỹ bảo hiểm y tế trong các cơ sở khám bệnh, chữa bệnh của Nhà nước trên địa bàn tỉnh Ninh Thuận"
bhyt,151558,153950,Văn bản quy định hết hiệu lực,False,True,False,,Nghị quyết số 13/2022/NQ-HĐND Quy định giá dịch vụ xét nghiệm SARS-CoV-2 không thuộc phạm vi thanh toán của Quỹ bảo hiểm y tế trong các cơ sở khám chữa bệnh của Nhà nước thuộc phạm vi quản lý của tỉnh Nam Định
bhyt,8619b9a0-5e55-11f1-8e5a-2929924511d6,12326,Căn cứ,True,False,False,"Nghị định 02/2025/NĐ-CP Sửa đổi, bổ sung một số điều của nghị định số 146/2018/NĐ-CP ngày 17 tháng 10 năm 2018 của chính phủ quy định chi tiết và hướng dẫn biện pháp thi hành luật bảo hiểm y tể, đã được sửa đổi, bổ sung một số điều tại nghị định số 75/2023/NĐ-CP ngày 19 tháng 10 năm 2023 của chính phủ",
bhyt,179920,119084,Căn cứ,True,False,False,"Nghị quyết số 19/2025/NQ-HĐND Quy định nội dung, mức hỗ trợ đóng bảo hiểm xã hội tự nguyện, bảo hiểm y tế cho các đối tượng chính sách xã hội của thành phố Hà Nội (Thực hiện điểm a, điểm b khoản 3, khoản 4 Điều 27 Luật Thủ đô)",
bhyt,267ffff0-6647-11f1-b01e-8bc328b4d0e9,123376,Bãi bỏ,True,False,True,Nghị quyết số 14/2026/NQ-HĐND Nghị quyết quy định chính sách hỗ trợ an sinh xã hội cho người dân thủ đô,
"bhyt,vien_phi",174274,139878,Căn cứ,True,False,False,"Nghị quyết số 41/2024/NQ-HĐND Bãi bỏ Nghị quyết số 26/2024/NQ-HĐND ngày 31 tháng 5 năm 2024 của Hội đồng nhân dân tỉnh quy định giá dịch vụ khám bệnh, chữa bệnh không thuộc danh mục do Quỹ bảo hiểm y tế thanh toán mà không phải là dịch vụ khám bệnh, chữa bệnh theo yêu cầu đối với các cơ sở khám bệnh, chữa bệnh của Nhà nước thuộc tỉnh Thanh Hóa quản lý",
bhyt,179724,132188,Căn cứ,True,False,False,"Thông tư số 24/2025/TT-BYT sửa đổi Thông tư 04/2017/TT-BYT về Danh mục và tỷ lệ, điều kiện thanh toán đối với vật tư y tế thuộc phạm vi được hưởng của người tham gia bảo hiểm y tế do Bộ trưởng Bộ Y tế ban hành",
bhyt,54850,15066,Căn cứ,True,False,False,"Quyết định số 08/2015/QĐ-TTg Thí điểm về giao dịch điện tử trong việc thực hiện thủ tục tham gia bảo hiểm xã hội, bảo hiểm y tế, bảo hiểm thất nghiệp và đề nghị cấp sổ bảo hiểm xã hội, thẻ bảo hiểm y tế",
bhyt,61668,17855,Căn cứ,True,False,False,Quyết định số 287/2014/QĐ-UBND Về việc hỗ trợ kinh phí cho đối tượng cận nghèo mua bảo hiểm y tế,
"bhyt,vien_phi",141832,137242,Căn cứ,True,False,False,"Quyết định số 10/2020/QĐ-UBND Bãi bỏ Quyết định số 74/2017/QĐ-UBND ngày 01 tháng 9 năm 2017 của Ủy ban nhân dân tỉnh về việc quy định mức giá dịch vụ khám bệnh, chữa bệnh không thuộc phạm vi thanh toán của Quỹ bảo hiểm y tế tại các cơ sở y tế công lập thuộc tỉnh Thừa Thiên Huế",
bhyt,168803,119084,Căn cứ,True,False,False,Nghị quyết số 15/2024/NQ-HĐND Quy định chính sách hỗ trợ kinh phí đóng bảo hiểm y tế; chi phí cùng chi trả đối với thuốc kháng HIV cho người nhiễm HIV/AIDS có thẻ bảo hiểm y tế trên địa bàn tỉnh Nghệ An,
"bhyt,vien_phi",173832,170581,Căn cứ,True,False,False,"Nghị quyết số 27/2024/NQ-HĐND Quy định giá dịch vụ khám bệnh, chữa bệnh thuộc danh mục do quỹ bảo hiểm y tế thanh toán; giá dịch vụ khám bệnh, chữa bệnh do ngân sách nhà nước thanh toán; giá dịch vụ khám bệnh, chữa bệnh không thuộc danh mục do quỹ bảo hiểm y tế thanh toán mà không phải là dịch vụ khám bệnh, chữa bệnh theo yêu cầu đối với các cơ sở khám bệnh, chữa bệnh của Nhà nước trên địa bàn tỉnh Bến Tre",
"bhyt,vien_phi",179585,132188,Căn cứ,True,False,False,"Thông tư số 22/2021/TT-BYT của Bộ Y tế về quy định ngưng hiệu lực Thông tư 04/2021/TT-BYT ngày 29/4/2021 của Bộ trưởng Bộ Y tế hướng dẫn thanh toán chi phí khám bệnh, chữa bệnh bảo hiểm y tế theo định suất",
"bhyt,vien_phi",144093,137200,Căn cứ,True,False,False,"Quyết định số 36/2020/QĐ-UBND Về việc bãi bỏ Quyết định số 24/2017/QĐ-UBND ngày 21/8/2017 của Ủy ban nhân dân tỉnh về việc Quy định mức giá dịch vụ khám bệnh, chữa bệnh không thuộc phạm vi thanh toán của Quỹ bảo hiểm y tế trong các cơ sở khám bệnh, chữa bệnh của Nhà nước trên địa bàn tỉnh Lạng Sơn",
bhyt,54850,12326,"Quy định chi tiết, hướng dẫn thi hành",True,False,False,"Quyết định số 08/2015/QĐ-TTg Thí điểm về giao dịch điện tử trong việc thực hiện thủ tục tham gia bảo hiểm xã hội, bảo hiểm y tế, bảo hiểm thất nghiệp và đề nghị cấp sổ bảo hiểm xã hội, thẻ bảo hiểm y tế",
bhyt,140624,25583,"Quy định chi tiết, hướng dẫn thi hành",True,False,False,Thông tư số 30/2019/TT-BLĐTBXH Hướng dẫn lập danh sách đối tượng tham gia bảo hiểm y tế do Bộ Lao động - Thương binh và Xã hội quản lý,
bhyt,159070,139878,Căn cứ,True,False,False,"Nghị quyết số 34/2022/NQ-HĐND Quy định việc hỗ trợ đóng bảo hiểm xã hội và bảo hiểm y tế cho ấp (khu) đội trưởng, người hoạt động không chuyên trách ở ấp, khu phố và người trực tiếp tham gia công việc ở ấp, khu phố trên địa bàn tỉnh Kiên Giang",
bhyt,176604,168125,Căn cứ,True,False,False,"Nghị quyết số 02/2025/NQ-HĐND Bãi bỏ Nghị quyết số 02/2022/NQ-HĐND ngày 25 tháng 02 năm 2022 của Hội đồng nhân dân tỉnh quy định mức giá dịch vụ xét nghiệm SARS-CoV-2 tại các cơ sở khám bệnh, chữa bệnh của Nhà nước không thuộc phạm vi thanh toán của Quỹ bảo hiểm y tế trên địa bàn tỉnh Bà Rịa - Vũng Tàu",
bhyt,185306,179644,Căn cứ,True,False,False,Nghị quyết số 75/2025/NQ-HĐND Quy định mức hỗ trợ đóng bảo hiểm y tế cho người bệnh phong tại Bệnh viện Bến Sắn; trẻ em và người có hoàn cảnh khó khăn trên địa bàn Thành phố Hồ Chí Minh,
bhyt,142146,70807,Căn cứ,True,False,False,Nghị quyết số 276/2020/NQ-HĐND Quy định mức hỗ trợ từ ngân sách nhà nước đóng bảo hiểm y tế cho đối tượng người khuyết tật trên địa bàn tỉnh Hưng Yên,
bhyt,125855,65845,Căn cứ,True,False,False,Nghị quyết số 35/2017/NQ-HĐND Hỗ trợ kinh phí 30% mệnh giá mua thẻ bảo hiểm y tế cho người thuộc hộ cận nghèo trên địa bàn tỉnh Trà Vinh từ năm 2017 đến năm 2020,
bhyt,146838,139878,Căn cứ,True,False,False,"Quyết định số Số: 03/2021/QĐ-UBND Quy định mức hỗ trợ đóng bảo hiểm y tế cho người thuộc hộ gia đình cận nghèo, người thuộc hộ gia đình làm nông nghiệp, lâm nghiệp, ngư nghiệp có mức sống trung bình và học sinh, sinh viên trên địa bàn tỉnh Điện Biên",
bhyt,132188,179711,Văn bản quy định hết hiệu lực,False,True,False,,Nghị định số 188/2025/NĐ-CP hướng dẫn Luật Bảo hiểm y tế
bhyt,89902,80696,Văn bản căn cứ,True,False,False,"Quyết định 5063/QĐ-UBND về Kế hoạch thực hiện Bảo hiểm y tế toàn dân trên địa bàn Thành phố Hồ Chí Minh, giai đoạn 2012 - 2015 và giai đoạn 2016 - 2020",
bhyt,49482,24549,Căn cứ,True,False,False,"Quyết định số 104/2009/QĐ-UBND Về việc phân công, phân cấp quản lý mua, cấp phát thẻ bảo hiểm y tế cho các đối tượng được Ngân sách Nhà nước đảm bảo trên địa bàn tỉnh Nghệ An",
"bhyt,vien_phi",173463,152125,Bãi bỏ,True,False,True,"Nghị quyết số 13/2024/NQ-HĐND Về việc Bãi bỏ các Nghị quyết của Hội đồng nhân dân tỉnh quy định giá dịch vụ khám bệnh, chữa bệnh không thuộc phạm vi thanh toán của Quỹ bảo hiểm y tế trong các cơ sở khám bệnh, chữa bệnh của Nhà nước trên địa bàn tỉnh Bắc Ninh",
bhyt,168803,139878,Căn cứ,True,False,False,Nghị quyết số 15/2024/NQ-HĐND Quy định chính sách hỗ trợ kinh phí đóng bảo hiểm y tế; chi phí cùng chi trả đối với thuốc kháng HIV cho người nhiễm HIV/AIDS có thẻ bảo hiểm y tế trên địa bàn tỉnh Nghệ An,
bhyt,185356,12326,Căn cứ,True,False,False,Nghị quyết số '26/2025/NQ-HĐND Quy định mức hỗ trợ đóng bảo hiểm y tế cho một số đối tượng trên địa bàn thành phố Cần Thơ,
bhyt,185418,179711,Căn cứ,True,True,False,"Nghị quyết số 99/2025/NQ-HĐND quy định chính sách hỗ trợ kinh phí tham gia bảo hiểm xã hội tự nguyện, bảo hiểm y tế trên địa bàn tỉnh Bắc Ninh, giai đoạn 2026- 2030",Nghị định số 188/2025/NĐ-CP hướng dẫn Luật Bảo hiểm y tế
bhyt,185306,179501,Căn cứ,True,False,False,Nghị quyết số 75/2025/NQ-HĐND Quy định mức hỗ trợ đóng bảo hiểm y tế cho người bệnh phong tại Bệnh viện Bến Sắn; trẻ em và người có hoàn cảnh khó khăn trên địa bàn Thành phố Hồ Chí Minh,
bhyt,158024,36793,Căn cứ,True,False,False,Nghị quyết số 26/2022/NQ-HĐND Quy định mức hỗ trợ đóng bảo hiểm y tế cho người thuộc hộ gia đình cận nghèo giai đoạn 2023-2025 trên địa bàn tỉnh Ninh Thuận,
bhyt,156969,12326,Căn cứ,True,False,False,Nghị quyết số 61/2022/NQ-HĐND Về việc Quy định hỗ trợ kinh phí đóng Bảo hiểm y tế đối với một số nhóm đối tượng có đăng ký thường trú trên địa bàn tỉnh Ninh Bình,
bhyt,145559,139878,Căn cứ,True,False,False,Nghị quyết số 332/2020/NQ-HĐND Quy định mức hỗ trợ từ ngân sách nhà nước đóng bảo hiểm y tế cho một số đối tượng trên địa bàn tỉnh Hưng Yên giai đoạn 2021 - 2025,
bhyt,136555,70807,Căn cứ,True,False,False,"Nghị quyết số 166/2019/NQ-HĐND Quy định mức hỗ trợ đóng bảo hiểm y tế cho người thuộc hộ gia đình cận nghèo, người thuộc hộ gia đình nghèo đa chiều không thiếu hụt về bảo hiểm y tế trên địa bàn tỉnh Đồng Nai giai đoạn 2019 - 2020",
bhyt,127617,70819,Căn cứ,True,False,False,Quyết định số 02/2018/QĐ-UBND Quy định mức hỗ trợ đóng bảo hiểm y tế cho hộ cận nghèo năm 2018 và người thuộc hộ nghèo đa chiều thiếu hụt các dịch vụ xã hội cơ bản khác (không thiếu hụt bảo hiểm y tế) gai đoạn 2017-2018 trên địa bàn tỉnh Ninh Thuận,
bhyt,48905,20068,Căn cứ,True,False,False,"Quyết định số 37/2014/QĐ-UBND Ban hành Quy chế phối hợp trong công tác thực hiện pháp luật về bảo hiểm xã hội, bảo hiểm y tế, bảo hiểm thất nghiệp trên địa bàn tỉnh Hà Nam",
"bhyt,vien_phi",172424,170583,Căn cứ,True,False,False,"Nghị quyết số 49/2024/NQ-HĐND Bãi bỏ Nghị quyết số 32/2024/NQ-HĐND ngày 19/4/2024 của HĐND tỉnh quy định mức giá dịch vụ khám bệnh, chữa bệnh không thuộc phạm vi thanh toán của Quỹ Bảo hiểm y tế (nhưng không phải là dịch vụ khám bệnh, chữa bệnh của Nhà nước thuộc tỉnh Quảng Ninh quản lý)",
"bhyt,vien_phi",173517,168814,Bãi bỏ,True,False,True,"Nghị quyết số 83/2024/NQ-HĐND Bãi bỏ Nghị quyết số 25/2024/NQ-HĐND ngày 17 tháng 7 năm 2024 của Hội đồng nhân dân tỉnh Lai Châu Quy định giá dịch vụ khám bệnh, chữa bệnh không thuộc phạm vi thanh toán của Quỹ bảo hiểm y tế trong các cơ sở khám bệnh, chữa bệnh của nhà nước thuộc tỉnh Lai Châu quản lý",
"bhyt,vien_phi",173283,165940,Bãi bỏ,True,False,True,"Nghị quyết số 30/2024/NQ-HĐND Bãi bỏ Nghị quyết số 39/2023/NQ-HĐND ngày 08 tháng 12 năm 2023 của Hội đồng nhân dân Thành phố quy định giá dịch vụ khám bệnh, chữa bệnh không thuộc phạm vi thanh toán của Quỹ Bảo hiểm y tế trong các cơ sở khám bệnh, chữa bệnh của Nhà nước thuộc Thành phố Hồ Chí Minh quản lý và mức giá dịch vụ khám bệnh, chữa bệnh trong một số trường hợp",
bhyt,88622,31779,Dẫn chiếu,True,True,False,"Quyết định 3651/QĐ-UBND ban hành Kế hoạch Chương trình hành động 32-CTrHĐ/TU thực hiện Nghị quyết 21-NQ/TW về tăng cường sự lãnh đạo của Đảng đối với công tác bảo hiểm xã hội, bảo hiểm y tế giai đoạn 2012 - 2020 do thành phố Hồ Chí Minh ban hành","Nghị quyết số 21-NQ/TW Về tăng cường sự lãnh đạo của Đảng đối với công tác bảo hiểm xã hội, y tế giai đoạn 2012 – 2020"
"bhyt,vien_phi",141832,142529,Căn cứ,True,False,False,"Quyết định số 10/2020/QĐ-UBND Bãi bỏ Quyết định số 74/2017/QĐ-UBND ngày 01 tháng 9 năm 2017 của Ủy ban nhân dân tỉnh về việc quy định mức giá dịch vụ khám bệnh, chữa bệnh không thuộc phạm vi thanh toán của Quỹ bảo hiểm y tế tại các cơ sở y tế công lập thuộc tỉnh Thừa Thiên Huế",
vien_phi,119060,24213,"Quy định chi tiết, hướng dẫn thi hành",True,False,False,Quyết định số 2340/2007/QĐ-UBND Về việc Ban hành mức giá thu một phần viện phí và các dịch vụ y tế áp dụng tại các cơ sở khám chữa bệnh trong hệ thống y tế nhà nước thuộc tỉnh Thái Nguyên quản lý,
bhyt,175447,70807,Căn cứ,True,False,False,Nghị quyết số 05/2025/NQ-HĐND Quy định chính sách hỗ trợ 100% mức đóng bảo hiểm y tế theo hộ gia đình đối với người từ đủ 60 tuổi đến dưới 75 tuổi thuộc hộ cận nghèo và hộ có mức sống trung bình theo chuẩn thành phố trên địa bàn thành phố Đà Nẵng,
"bhyt,vien_phi",126742,123478,Căn cứ,True,False,False,"Quyết định số 25/2017/QĐ-UBND Quy định mức giá dịch vụ khám bệnh, chữa bệnh không thuộc phạm vi thanh toán của quỹ bảo hiểm y tế trong cơ sở khám bệnh, chữa bệnh Nhà nước thuộc địa phương quản lý trên địa bàn tỉnh Hà Nam",
bhyt,40977,40971,"Văn bản được HD, QĐ chi tiết",True,False,False,"Quyết định số 82/QĐ-BHXH Ban hành quy định về tổ chức thực hiện hợp đồng khám chữa bệnh, giám định chi trả chi phí khám, chữa bệnh, quản lý và sử dụng quỹ bảo hiểm ý tế",
"bhyt,vien_phi",167117,175354,Văn bản quy định hết hiệu lực,False,True,False,,"Nghị quyết số 10/2025/NQ-HĐND Bãi bỏ Nghị quyết số 32/2024/NQ-HĐND ngày 10 tháng 05 năm 2024 của Hội đồng nhân dân tỉnh Quy định giá dịch vụ khám bệnh, chữa bệnh không thuộc phạm vi thanh toán của Quỹ Bảo hiểm y tế mà không phải là dịch vụ khám bệnh, chữa bệnh theo yêu cầu trong các cơ sở khám bệnh, chữa bệnh của Nhà nước trên địa bàn tỉnh Quảng Trị"
bhyt,185038,179711,Căn cứ,True,True,False,Nghị quyết số 15/2025/NQ-HĐND Quy định mức hỗ trợ đóng bảo hiểm y tế cho một số đối tượng trên địa bàn tỉnh Cà Mau,Nghị định số 188/2025/NĐ-CP hướng dẫn Luật Bảo hiểm y tế
bhyt,184799,161436,Bãi bỏ,True,False,True,"Nghị quyết số 23/2025/NQ-HĐND Quy định mức hỗ trợ đóng bảo hiểm y tế đối với người thuộc hộ cận nghèo, người cao tuổi từ đủ 60 tuổi đến dưới 75 tuổi, người dân tộc thiểu số có khó khăn đặc thù trên địa bàn tỉnh Lào Cai",
"bhyt,vien_phi",168588,32610,Căn cứ,True,False,False,"Nghị quyết số 26/2024/NQ-HĐND Quy định giá dịch vụ khám bệnh, chữa bệnh không thuộc danh mục do Quỹ bảo hiểm y tế thanh toán mà không phải là dịch vụ khám bệnh, chữa bệnh theo yêu cầu đối với các cơ sở khám bệnh, chữa bệnh của Nhà nước thuộc tỉnh Thanh Hóa quản lý",
bhyt,48242,11735,Căn cứ,True,False,False,"Quyết định số 05/2015/QĐ-UBND Về việc thực hiện chế độ hỗ trợ bảo hiểm xã hội tự nguyện, bảo hiểm y tế cho công an viên và thôn, ấp, khu đội trưởng được bố trí ở thôn, ấp, khu phố trên địa bàn tỉnh Bà Rịa - Vũng Tàu",
bhyt,156310,166391,Căn cứ,True,False,False,"Nghị quyết số 11/2022/NQ-HĐND Quy định giá dịch vụ xét nghiệm SARS-CoV-2 không thuộc phạm vi thanh toán của Quỹ bảo hiểm y tế trong các cơ sở khám bệnh, chữa bệnh của Nhà nước trên địa bàn tỉnh Trà Vinh",
bhyt,184799,176696,Căn cứ,True,False,False,"Nghị quyết số 23/2025/NQ-HĐND Quy định mức hỗ trợ đóng bảo hiểm y tế đối với người thuộc hộ cận nghèo, người cao tuổi từ đủ 60 tuổi đến dưới 75 tuổi, người dân tộc thiểu số có khó khăn đặc thù trên địa bàn tỉnh Lào Cai",
bhyt,61668,18433,Căn cứ,True,False,False,Quyết định số 287/2014/QĐ-UBND Về việc hỗ trợ kinh phí cho đối tượng cận nghèo mua bảo hiểm y tế,
bhyt,48242,23777,Căn cứ,True,False,False,"Quyết định số 05/2015/QĐ-UBND Về việc thực hiện chế độ hỗ trợ bảo hiểm xã hội tự nguyện, bảo hiểm y tế cho công an viên và thôn, ấp, khu đội trưởng được bố trí ở thôn, ấp, khu phố trên địa bàn tỉnh Bà Rịa - Vũng Tàu",
"bhyt,vien_phi",173283,70819,Căn cứ,True,False,False,"Nghị quyết số 30/2024/NQ-HĐND Bãi bỏ Nghị quyết số 39/2023/NQ-HĐND ngày 08 tháng 12 năm 2023 của Hội đồng nhân dân Thành phố quy định giá dịch vụ khám bệnh, chữa bệnh không thuộc phạm vi thanh toán của Quỹ Bảo hiểm y tế trong các cơ sở khám bệnh, chữa bệnh của Nhà nước thuộc Thành phố Hồ Chí Minh quản lý và mức giá dịch vụ khám bệnh, chữa bệnh trong một số trường hợp",
bhyt,187533,179711,Căn cứ,True,True,False,Nghị quyết số 09/2026/NQ-HĐND Quy định mức hỗ trợ đóng bảo hiểm y tế cho một số đối tượng trên địa bàn tỉnh Điện Biên,Nghị định số 188/2025/NĐ-CP hướng dẫn Luật Bảo hiểm y tế
bhyt,8846bd40-80fb-11f1-8beb-4b8750743642,12326,Căn cứ,True,False,False,Nghị quyết số 16/2026/NQ-HĐND Quy định hỗ trợ mức đóng bảo hiểm y tế đối với người thuộc hộ thoát nghèo trên địa bàn tỉnh Hưng Yên giai đoạn 2026-2030,
bhyt,100267,12326,Căn cứ,True,False,False,"Quyết định số 25/2015/QĐ-UBND Ban hành Quy định đăng ký khám bệnh, chữa bệnh ban đầu và chuyển tuyến khám bệnh, chữa bệnh bảo hiểm y tế trên địa bàn tỉnh Ninh Thuận",
"bhyt,vien_phi",168588,70819,Căn cứ,True,False,False,"Nghị quyết số 26/2024/NQ-HĐND Quy định giá dịch vụ khám bệnh, chữa bệnh không thuộc danh mục do Quỹ bảo hiểm y tế thanh toán mà không phải là dịch vụ khám bệnh, chữa bệnh theo yêu cầu đối với các cơ sở khám bệnh, chữa bệnh của Nhà nước thuộc tỉnh Thanh Hóa quản lý",
bhyt,172977,167197,Căn cứ,True,False,False,Nghị quyết số 110/2024/NQ-HĐND Bãi bỏ các Nghị quyết của Hội đồng nhân dân tỉnh Gia Lai,
bhyt,186050,178340,Căn cứ,True,False,False,Nghị quyết số 43/2025/NQ-HĐND Quy định mức hỗ trợ đóng bảo hiểm y tế cho các đối tượng được ngân sách nhà nước hỗ trợ mức đóng trên địa bàn tỉnh Đồng Tháp,
bhyt,8063f9c0-8192-11f1-a7b4-31acaf5a5932,12326,Căn cứ,True,False,False,Nghị quyết số 25/2026/NQ-HĐND Quy định hỗ trợ mức đóng bảo hiểm y tế và hỗ trợ chi phí cùng chi trả đối với thuốc kháng vi rút HIV cho người nhiễm HIV/AIDS trên địa bàn tỉnh Hưng Yên giai đoạn 2026-2030,
bhyt,161822,36793,Căn cứ,True,False,False,"Quyết định số 38/2023/QĐ-UBND Sửa đổi, bổ sung một số điều của Quyết định số 36/2018/QĐ-UBND ngày 13/6/2018 của Ủy ban nhân dân tỉnh Thừa Thiên Huế quy định mức hỗ trợ kinh phí đóng bảo hiểm y tế và chi phí cùng chi trả đối với thuốc kháng vi rút HIV (ARV) cho người nhiễm HIV/AIDS trên địa bàn tỉnh Thừa Thiên Huế",
bhyt,172977,103581,Căn cứ,True,False,False,Nghị quyết số 110/2024/NQ-HĐND Bãi bỏ các Nghị quyết của Hội đồng nhân dân tỉnh Gia Lai,
"bhyt,vien_phi",173283,167197,Căn cứ,True,False,False,"Nghị quyết số 30/2024/NQ-HĐND Bãi bỏ Nghị quyết số 39/2023/NQ-HĐND ngày 08 tháng 12 năm 2023 của Hội đồng nhân dân Thành phố quy định giá dịch vụ khám bệnh, chữa bệnh không thuộc phạm vi thanh toán của Quỹ Bảo hiểm y tế trong các cơ sở khám bệnh, chữa bệnh của Nhà nước thuộc Thành phố Hồ Chí Minh quản lý và mức giá dịch vụ khám bệnh, chữa bệnh trong một số trường hợp",
bhyt,161822,146648,Căn cứ,True,False,False,"Quyết định số 38/2023/QĐ-UBND Sửa đổi, bổ sung một số điều của Quyết định số 36/2018/QĐ-UBND ngày 13/6/2018 của Ủy ban nhân dân tỉnh Thừa Thiên Huế quy định mức hỗ trợ kinh phí đóng bảo hiểm y tế và chi phí cùng chi trả đối với thuốc kháng vi rút HIV (ARV) cho người nhiễm HIV/AIDS trên địa bàn tỉnh Thừa Thiên Huế",
"bhyt,vien_phi",172835,166698,Bãi bỏ,True,False,True,"Nghị quyết số 25/2024/NQ-HĐND Bãi bỏ Nghị quyết số 03/2024/NQ-HĐND ngày 28/3/2024 của Hội đồng nhân dân tỉnh Bắc Kạn quy định giá dịch vụ khám bệnh, chữa bệnh không thuộc phạm vi thanh toán của Quỹ Bảo hiểm y tế trong các cơ sở khám bệnh, chữa bệnh của nhà nước thuộc tỉnh Bắc Kạn quản lý và mức giá dịch vụ khám bệnh, chữa bệnh trong một số trường hợp",
bhyt,154152,70800,Căn cứ,True,False,False,Nghị quyết số 04/2022/NQ-HĐND Quy định giá dịch vụ xét nghiệm SARS-CoV-2 không thuộc phạm vi thanh toán của Quỹ Bảo hiểm y tế áp dụng cho các cơ sở y tế công lập thuộc tỉnh Phú Thọ quản lý,
bhyt,36f5c720-453b-11f1-acd6-db04b8fc4659,179711,Căn cứ,True,True,False,"Thông tư 06/2026/TT-BYT QUY ĐỊNH VỀ MÃ HÓA BỆNH TẬT, NGUYÊN NHÂN TỬ VONG THEO ICD-10",Nghị định số 188/2025/NĐ-CP hướng dẫn Luật Bảo hiểm y tế
vien_phi,65855,16518,Căn cứ,True,False,False,Quyết định số 2758/QĐ-UBND V/v bổ sung danh mục và mức giá thu một phần viện phí Đo mật độ xương tại các cơ sở khám chữa bênh trên đia bàn tỉnh,
"bhyt,vien_phi",173906,70819,Căn cứ,True,False,False,"Nghị quyết số 24/2024/NQ-HĐND Bãi bỏ Nghị quyết số 280/2019/NQ-HĐND ngày 08/10/2019 của Hội đồng nhân dân Tỉnh về việc ban hành bảng giá dịch vụ khám bệnh, chữa bệnh không thuộc phạm vi thanh toán của quỹ bảo hiểm y tế trong các cơ sở khám bệnh, chữa bệnh của nhà nước trên địa bàn tỉnh Đồng Tháp",
bhyt,3c7280b0-58e8-11f1-8ac3-d768273af8f0,175027,Căn cứ,True,False,False,"Thông tư 09/2026/TT-BTC Quy định về việc tạo lập sổ bảo hiểm xã hội, thẻ bảo hiểm y tế bản điện tử",
bhyt,49760,24549,Dẫn chiếu,True,False,False,"Chỉ thị số 29/2012/CT-UBND Về việc tăng cường trách nhiệm trong sử dụng, quản lý quỹ Bảo hiểm y tế",
bhyt,88756,80867,Văn bản dẫn chiếu,True,False,False,Chỉ thị 04/2011/CT-UBND về tăng cường thực hiện Luật Bảo hiểm xã hội và Luật Bảo hiểm y tế trên địa bàn huyện Hóc Môn do Ủy ban nhân dân huyện Hóc Môn ban hành,
vien_phi,45773,45771,Văn bản hết hiệu lực,True,False,False,"Quyết định số 1169/QĐ-UBND Về giá thu một phần viện phí, lệ phí tại các cơ sở y tế",
bhyt,40977,24549,Căn cứ,True,False,False,"Quyết định số 82/QĐ-BHXH Ban hành quy định về tổ chức thực hiện hợp đồng khám chữa bệnh, giám định chi trả chi phí khám, chữa bệnh, quản lý và sử dụng quỹ bảo hiểm ý tế",
"bhyt,vien_phi",174415,139878,Căn cứ,True,False,False,"Nghị quyết số 01/2025/NQ-HĐND Bãi bỏ Nghị quyết số 12/2024/NQ-HĐND ngày 17 tháng 6 năm 2024 của Hội đồng nhân dân tỉnh quy định giá dịch vụ khám bệnh, chữa bệnh không thuộc phạm vi thanh toán của Quỹ Bảo hiểm y tế nhưng không phải là đối tượng khám bệnh, chữa bệnh theo yêu cầu tại các cơ sở khám bệnh, chữa bệnh công lập thuộc tỉnh Thừa Thiên Huế",
"bhyt,vien_phi",175644,166391,Căn cứ,True,False,False,"Nghị quyết số 01/2025/NQ-HĐND bãi bỏ Nghị quyết số 01/2024/NQ-HĐND ngày 31 tháng 01 năm 2024 của HĐND tỉnh Ninh Bình quy định mức giá dịch vụ khám bệnh, chữa bệnh không thuộc phạm vi thanh toán của quỹ Bảo hiểm y tế trong các cơ sở khám bệnh, chữa bệnh của Nhà nước trên địa bàn tỉnh Ninh Bình",
bhyt,156429,166391,Căn cứ,True,False,False,Nghị quyết số 13/2022/NQ-HĐND.loi Về việc Quy định mức giá dịch vụ xét nghiệm SARS-CoV-2 không thuộc phạm vi thanh toán của Quỹ bảo hiểm y tế tại các cơ sở y tế của Nhà nước thuộc tỉnh Thừa Thiên Huế,
bhyt,142146,132188,Căn cứ,True,False,False,Nghị quyết số 276/2020/NQ-HĐND Quy định mức hỗ trợ từ ngân sách nhà nước đóng bảo hiểm y tế cho đối tượng người khuyết tật trên địa bàn tỉnh Hưng Yên,
"bhyt,vien_phi",168478,70819,Căn cứ,True,False,False,"NGHỊ QUYẾT SỐ Số: 6/2019/NQ-HĐND QUY ĐỊNH VỀ GIÁ DỊCH VỤ KHÁM BỆNH, CHỮA BỆNH KHÔNG THUỘC PHẠM VI THANH TOÁN CỦA QUỸ BẢO HIỂM Y TẾ TRONG CÁC CƠ SỞ KHÁM BỆNH, CHỮA BỆNH CỦA NHÀ NƯỚC TRÊN ĐỊA BÀN TỈNH BÌNH PHƯỚC",
bhyt,179736,171713,Dẫn chiếu,True,True,False,"Thông tư số 27/2025/TT-BYT quy định nguyên tắc, tiêu chí xây dựng, cập nhật, ghi thông tin, cấu trúc danh mục và hướng dẫn thanh toán đối với thuốc dược liệu, thuốc có kết hợp dược chất với các dược liệu, thuốc cổ truyền, dược liệu thuộc phạm vi được hưởng của người tham gia bảo hiểm y tế do Bộ trưởng Bộ Y tế ban hành","Thông tư 37/2024/TT-BYT quy định nguyên tắc, tiêu chí xây dựng, cập nhật, ghi thông tin, cấu trúc danh mục và hướng dẫn thanh toán đối với thuốc hóa dược, sinh phẩm, thuốc phóng xạ và chất đánh dấu thuộc phạm vi được hưởng của người tham gia bảo hiểm y tế do Bộ trưởng Bộ Y tế ban hành"
bhyt,120088,38018,Căn cứ,False,True,False,,Nghị định số 105/2014/NĐ-CP Quy định chi tiết và hướng dẫn thi hành một số điều của Luật Bảo hiểm y tế
"bhyt,vien_phi",143848,137630,Thay thế,True,False,True,"Quyết định số 28/2020/QĐ-UBND Quy định giá dịch vụ khám bệnh, chữa bệnh không thuộc phạm vi thanh toán của Quỹ bảo hiểm y tế trong các cơ sở khám bệnh, chữa bệnh của Nhà nước trên địa bàn tỉnh Ninh Thuận.",
bhyt,132858,12326,Căn cứ,True,False,False,"Quyết định số 51/2018/QĐ-TTg Về chi phí quản lý bảo hiểm xã hội, bảo hiểm thất nghiệp, bảo hiểm y tế giai đoạn 2019 - 2021",
bhyt,129162,92948,Căn cứ,True,False,False,Nghị quyết số 57/2018/NQ-HĐND Hỗ trợ kinh phí 30% mệnh giá mua thẻ bảo hiểm y tế cho người thuộc hộ nghèo đa chiều thiếu hụt các dịch vụ xã hội cơ bản khác (không bị thiếu hụt bảo hiểm y tế) trên địa bàn tỉnh Trà Vinh từ năm 2018 đến năm 2020,
bhyt,114423,38018,Căn cứ,False,True,False,,Nghị định số 105/2014/NĐ-CP Quy định chi tiết và hướng dẫn thi hành một số điều của Luật Bảo hiểm y tế
"bhyt,vien_phi",143848,137200,Căn cứ,True,False,False,"Quyết định số 28/2020/QĐ-UBND Quy định giá dịch vụ khám bệnh, chữa bệnh không thuộc phạm vi thanh toán của Quỹ bảo hiểm y tế trong các cơ sở khám bệnh, chữa bệnh của Nhà nước trên địa bàn tỉnh Ninh Thuận.",
bhyt,152410,151301,Văn bản căn cứ,True,False,False,"Nghị quyết số 16/2021/NQ-HĐND Quy định mức hỗ trợ đóng bảo hiểm y tế từ ngân sách địa phương đối với người thuộc hộ gia đình làm nông nghiệp, lâm nghiệp, ngư nghiệp có mức sống trung bình và học sinh, sinh viên trên địa bàn tỉnh Kiên Giang",
bhyt,148053,159113,Văn bản quy định hết hiệu lực,False,True,False,,Nghị quyết số 09/2022/NQ-HĐND Quy định giá dịch vụ xét nghiệm SARS-CoV-2 (chưa bao gồm chi phí sinh phẩm xét nghiệm) trong trường hợp không thuộc phạm vi thanh toán của Quỹ bảo hiểm y tế đối với các cơ sở y tế công lập trên địa bàn tỉnh Vĩnh Phúc
"bhyt,vien_phi",173768,167565,Căn cứ,True,False,False,"Nghị quyết số 114/2024/NQ-HĐND Bãi bỏ Nghị quyết số 23/2024/NQ-HĐND ngày 06 tháng 5 năm 2024 của HĐND tỉnh Bắc Giang quy định mức giá dịch vụ khám bệnh, chữa bệnh không thuộc phạm vi thanh toán của Quỹ bảo hiểm y tế trong các cơ sở khám bệnh, chữa bệnh của Nhà nước trên địa bàn tỉnh Bắc Giang",
bhyt,166928,37417,Căn cứ,True,False,False,Nghị quyết số 288/2022/NQ-HĐND Quy định mức giá dịch vụ xét nghiệm SARS-CoV-2 (chưa bao gồm sinh phẩm xét nghiệm phản ứng) do cơ sở y tế của Nhà nước thực hiện không thuộc phạm vi thanh toán của Quỹ bảo hiểm y tế trên địa bàn tỉnh Thanh Hoá,
bhyt,156562,70800,Căn cứ,True,False,False,Nghị quyết số 13/2022/NQ-HĐND Về việc Quy định giá dịch vụ xét nghiệm SARS-CoV-2 không thuộc phạm vi thanh toán của Quỹ bảo hiểm y tế tại các cơ sở y tế của Nhà nước thuộc tỉnh Thừa Thiên Huế,
bhyt,154152,115469,Căn cứ,True,False,False,Nghị quyết số 04/2022/NQ-HĐND Quy định giá dịch vụ xét nghiệm SARS-CoV-2 không thuộc phạm vi thanh toán của Quỹ Bảo hiểm y tế áp dụng cho các cơ sở y tế công lập thuộc tỉnh Phú Thọ quản lý,
bhyt,c93e93d0-743b-11f1-99ea-512ccc105793,8619b9a0-5e55-11f1-8e5a-2929924511d6,Căn cứ,False,True,False,,"Nghị định 02/2025/NĐ-CP Sửa đổi, bổ sung một số điều của nghị định số 146/2018/NĐ-CP ngày 17 tháng 10 năm 2018 của chính phủ quy định chi tiết và hướng dẫn biện pháp thi hành luật bảo hiểm y tể, đã được sửa đổi, bổ sung một số điều tại nghị định số 75/2023/NĐ-CP ngày 19 tháng 10 năm 2023 của chính phủ"
bhyt,171885,160130,Dẫn chiếu,True,False,False,"Thông tư 39/2024/TT-BYT sửa đổi Thông tư 35/2016/TT-BYT về Danh mục và tỷ lệ, điều kiện thanh toán đối với dịch vụ kỹ thuật y tế thuộc phạm vi được hưởng của người tham gia bảo hiểm y tế do Bộ trưởng Bộ Y tế ban hành",
bhyt,60564,40940,Dẫn chiếu,False,True,False,,"Quyết định số 1111/QĐ-BHXH Về việc ban hành Quy định quản lý thu bảo hiểm xã hội, bảo hiểm y tế; quản lý sổ bảo hiểm xã hội, thẻ bảo hiểm y tế"
bhyt,173888,146383,Căn cứ,True,False,False,Quyết định số 134/2024/QĐ-UBND Bãi bỏ Quyết định số 51/2015/QĐ-UBND ngày 13 tháng 11 năm 2015 của Ủy ban nhân dân Thành phố Hồ Chí Minh về ban hành quy trình thực hiện cấp thẻ Bảo hiểm y tế cho các đối tượng bảo trợ xã hội tại cộng đồng trên địa bàn Thành phố Hồ Chí Minh,
bhyt,31779,15057,Dẫn chiếu,True,False,False,"Nghị quyết số 21-NQ/TW Về tăng cường sự lãnh đạo của Đảng đối với công tác bảo hiểm xã hội, y tế giai đoạn 2012 – 2020",
vien_phi,49919,49916,Văn bản hết hiệu lực,True,False,False,"Quyết định số 72/2012/QĐ-UBND Về việc quy định đơn giá dịch vụ khám bệnh, chữa bệnh tại các cơ sở khám bệnh, chữa bệnh của nhà nước trên địa bàn tỉnh Nghệ An",
bhyt,185038,179711,Dẫn chiếu,True,True,False,Nghị quyết số 15/2025/NQ-HĐND Quy định mức hỗ trợ đóng bảo hiểm y tế cho một số đối tượng trên địa bàn tỉnh Cà Mau,Nghị định số 188/2025/NĐ-CP hướng dẫn Luật Bảo hiểm y tế
bhyt,177892,177785,Căn cứ,True,False,False,"Nghị quyết số 03/2025/NQ-HĐND Quy định mức hỗ trợ đóng bảo hiểm y tế đối với học sinh, sinh viên đang học tại các trường công lập thuộc tỉnh quản lý",
bhyt,4508b790-6869-11f1-896d-1f64195cf782,175440,Căn cứ,True,False,False,"Nghị quyết số 09/2026/NQ-HĐND Quy định mức hỗ trợ đóng bảo hiểm y tế cho đối tượng hộ cận nghèo trên địa bàn tỉnh Thanh Hóa, giai đoạn 2026 - 2030",
bhyt,185419,172923,Căn cứ,False,True,False,,Luật Bảo hiểm y tế sửa đổi 2024 số Luật số 51/2024/QH15
"bhyt,vien_phi",141428,25170,"Quy định chi tiết, hướng dẫn thi hành",True,False,False,"Nghị quyết số 08/2019/NQ-HĐND Quy định giá dịch vụ khám bệnh, chữa bệnh không thuộc phạm vi thanh toán của Quỹ bảo hiểm y tế tại các cơ sở khám bệnh, chữa bệnh của Nhà nước do địa phương quản lý",
bhyt,120801,65845,Căn cứ,True,False,False,"Quyết định số 04/2017/QĐ-UBND Quy định mức hỗ trợ đóng bảo hiểm y tế từ ngân sách địa phương cho đối tượng là người thuộc hộ gia đình làm nông nghiệp, lâm nghiệp, ngư nghiệp, diêm nghiệp có mức sống trung bình trên địa bàn tỉnh Nam Định",
bhyt,155469,166391,Căn cứ,True,False,False,Nghị quyết số 06/2022/NQ-HĐND Quy định giá dịch vụ xét nghiệm SARS-CoV-2không thuộc phạm vi thanh toán của Quỹ bảo hiểm y tế trên địa bàn tỉnh Bến Tre,
bhyt,187259,178717,Căn cứ,True,False,False,Nghị quyết số 27/2026/NQ-HĐND Quy định mức hỗ trợ đóng bảo hiểm y tế trên địa bàn tỉnh giai đoạn 2026 - 2030.,
"bhyt,vien_phi",172810,70819,Căn cứ,True,False,False,"Nghị quyết số 26/2024/NQ-HĐND bãi bỏ Nghị quyết số 02/2024/NQ-HĐND ngày 26/02/2024 của HĐND tỉnh Quy định giá dịch vụ khám bệnh, chữa bệnh không thuộc phạm vi thanh toán của Quỹ Bảo hiểm y tế trong các cơ sở khám bệnh, chữa bệnh của Nhà nước trên địa bàn tỉnh Trà Vinh",
bhyt,157873,36793,Căn cứ,True,False,False,Nghị quyết số 93/2022/NQ-HĐND Quy định chính sách hỗ trợ mua thẻ bảo hiểm y tế cho một số đối tượng tham gia bảo hiểm y tế trên địa bàn tỉnh Cao Bằng giai đoạn 2023-2025,
bhyt,138637,27624,Căn cứ,True,False,False,Nghị quyết số 15/2019/NQ-HĐND Về việc quy định mức giá dịch vụ khám chữa bệnh không thuộc phạm vi thanh toán của Quỹ Bảo hiểm y tế trên địa bàn tỉnh Bến Tre,
bhyt,127110,51054,Bãi bỏ,True,False,True,"Nghị quyết số 50/2017/NQ-HĐND Về bãi bỏ Khoản 1, Khoản 2, Khoản 3 Mục II Điều 1 Nghị quyết số 155/2009/NQ-HĐND ngày 10 tháng 12 năm 2009 của Hội đồng nhân dân tỉnh về mức hỗ trợ đóng bảo hiểm xã hội tự nguyện, bảo hiểm y tế cho cán bộ không chuyên trách xã, phường, thị trấn",
bhyt,21013,19723,Dẫn chiếu,True,False,False,"Lệnh số 07/2003/L-CTN Về việc công bố Pháp lệnh Hành nghề y, dược tư nhân",
"bhyt,vien_phi",141832,70819,Căn cứ,True,False,False,"Quyết định số 10/2020/QĐ-UBND Bãi bỏ Quyết định số 74/2017/QĐ-UBND ngày 01 tháng 9 năm 2017 của Ủy ban nhân dân tỉnh về việc quy định mức giá dịch vụ khám bệnh, chữa bệnh không thuộc phạm vi thanh toán của Quỹ bảo hiểm y tế tại các cơ sở y tế công lập thuộc tỉnh Thừa Thiên Huế",
bhyt,40940,40336,Thay thế,True,False,True,"Quyết định số 1111/QĐ-BHXH Về việc ban hành Quy định quản lý thu bảo hiểm xã hội, bảo hiểm y tế; quản lý sổ bảo hiểm xã hội, thẻ bảo hiểm y tế",
"bhyt,vien_phi",172675,168128,Căn cứ,True,False,False,"Nghị quyết số 21/2024/NQ-HĐND Bãi bỏ Nghị quyết số 124/2019/NQ-HĐND ngày 13 tháng 12 năm 2019 của Hội đồng nhân dân tỉnh Quy định mức giá dịch vụ khám bệnh, chữa bệnh tại các cơ sở khám bệnh, chữa bệnh của Nhà nước trên địa bàn tỉnh Bà Rịa - Vũng Tàu không thuộc phạm vi thanh toán của Quỹ bảo hiểm y tế và nguyên tắc áp dụng giá khám bệnh, chữa bệnh trong một số trường hợp",
bhyt,157873,70800,Căn cứ,True,False,False,Nghị quyết số 93/2022/NQ-HĐND Quy định chính sách hỗ trợ mua thẻ bảo hiểm y tế cho một số đối tượng tham gia bảo hiểm y tế trên địa bàn tỉnh Cao Bằng giai đoạn 2023-2025,
bhyt,30353,18127,"Quy định chi tiết, hướng dẫn thi hành",True,False,False,Thông tư số 06/2013/TT-BYT Hướng dẫn thực hiện thí điểm quản lý giá thuốc bằng phương pháp thặng số bán buôn tối đa toàn chặng đối với thuốc do ngân sách nhà nước và bảo hiểm y tế chi trả,
"bhyt,vien_phi",169332,152081,Văn bản căn cứ,True,False,False,"Nghị quyết số 06/2024/NQ-HĐND Về việc ban hành mức giá dịch vụ khám bệnh, chữa bệnh không thuộc phạm vi thanh toán của Quỹ bảo hiểm y tế mà không phải là dịch vụ khám bệnh, chữa bệnh theo yêu cầu tại các cơ sở khám bệnh, chữa bệnh của Nhà nước trên địa bàn tỉnh Khánh Hòa",
bhyt,178011,12326,Căn cứ,True,False,False,Nghị quyết số 09/2025/NQ-HĐND Quy định mức hỗ trợ đóng bảo hiểm y tế cho một số đối tượng trên địa bàn tỉnh An Giang,
bhyt,88622,13036,Dẫn chiếu,True,False,False,"Quyết định 3651/QĐ-UBND ban hành Kế hoạch Chương trình hành động 32-CTrHĐ/TU thực hiện Nghị quyết 21-NQ/TW về tăng cường sự lãnh đạo của Đảng đối với công tác bảo hiểm xã hội, bảo hiểm y tế giai đoạn 2012 - 2020 do thành phố Hồ Chí Minh ban hành",
bhyt,1ae37070-768f-11f1-9478-a32d42492b41,43822,Căn cứ,True,False,False,"Quy định số lượng và mức phụ cấp hàng tháng đối với cộng tác viên công tác xã hội xã, phường trên địa bàn tỉnh Vĩnh Long",
"bhyt,vien_phi",184589,12326,Căn cứ,True,False,False,"Nghị quyết số 68/2025/NQ-HĐND Quy định mức hỗ trợ đóng bảo hiểm y tế cho các đối tượng cao hơn mức hỗ trợ tối thiểu; đối tượng được hỗ trợ và mức hỗ trợ cùng chi trả chi phí khám bệnh, chữa bệnh bảo hiểm y tế cho người tham gia bảo hiểm y tế khi đi khám bệnh, chữa bệnh trên địa bàn tỉnh Lâm Đồng",
bhyt,186006,179711,Căn cứ,False,True,False,,Nghị định số 188/2025/NĐ-CP hướng dẫn Luật Bảo hiểm y tế
bhyt,138637,70819,Căn cứ,True,False,False,Nghị quyết số 15/2019/NQ-HĐND Về việc quy định mức giá dịch vụ khám chữa bệnh không thuộc phạm vi thanh toán của Quỹ Bảo hiểm y tế trên địa bàn tỉnh Bến Tre,
bhyt,169585,159334,Căn cứ,True,False,False,Thông tư 08/2024/TT-BYT bãi bỏ một phần các văn bản quy phạm pháp luật do Bộ trưởng Bộ Y tế ban hành,
bhyt,156261,132982,Căn cứ,True,False,False,"Quyết định số 19/2022/QĐ-TTg Về chi phí quản lý bảo hiểm xã hội, bảo hiểm thất nghiệp, bảo hiểm y tế giai đoạn 2022 - 2024",
vien_phi,49919,9909,Căn cứ,True,False,False,"Quyết định số 72/2012/QĐ-UBND Về việc quy định đơn giá dịch vụ khám bệnh, chữa bệnh tại các cơ sở khám bệnh, chữa bệnh của nhà nước trên địa bàn tỉnh Nghệ An",
bhyt,140624,86942,"Quy định chi tiết, hướng dẫn thi hành",True,False,False,Thông tư số 30/2019/TT-BLĐTBXH Hướng dẫn lập danh sách đối tượng tham gia bảo hiểm y tế do Bộ Lao động - Thương binh và Xã hội quản lý,
vien_phi,65855,17348,Căn cứ,True,False,False,Quyết định số 2758/QĐ-UBND V/v bổ sung danh mục và mức giá thu một phần viện phí Đo mật độ xương tại các cơ sở khám chữa bênh trên đia bàn tỉnh,
bhyt,54852,12969,Căn cứ,True,False,False,"Quyết định số 03/2015/QĐ-UBND Về việc thực hiện hỗ trợ đóng bảo hiểm xã hội tự nguyện, bảo hiểm y tế cho Công an viên thường trực cấp xã trên địa bàn tỉnh Quảng Nam",
bhyt,58291,vbpqta_1486,Căn cứ,True,False,False,Quyết định số 76/2001/QĐ-UB Về việc điều chỉnh mức đóng Bảo hiểm y tế học sinh và y tế trường học tự nguyện,
bhyt,40940,14461,"Quy định chi tiết, hướng dẫn thi hành",True,False,False,"Quyết định số 1111/QĐ-BHXH Về việc ban hành Quy định quản lý thu bảo hiểm xã hội, bảo hiểm y tế; quản lý sổ bảo hiểm xã hội, thẻ bảo hiểm y tế",
bhyt,184764,161512,Thay thế,True,False,True,"Nghị quyết số 110/2025/NQ-HĐND Quy định mức hỗ trợ đóng bảo hiểm y tế cho người thuộc hộ gia đình cận nghèo; học sinh, sinh viên là người dân tộc thiểu số; người thuộc hộ gia đình làm nông nghiệp, lâm nghiệp, ngư nghiệp có mức sống trung bình trên địa bàn tỉnh Lai Châu giai đoạn 2026 – 2030",
bhyt,154152,153632,Căn cứ,True,False,False,Nghị quyết số 04/2022/NQ-HĐND Quy định giá dịch vụ xét nghiệm SARS-CoV-2 không thuộc phạm vi thanh toán của Quỹ Bảo hiểm y tế áp dụng cho các cơ sở y tế công lập thuộc tỉnh Phú Thọ quản lý,
bhyt,11809,11802,"Quy định chi tiết, hướng dẫn thi hành",False,True,False,,Quyết định số 170/2008/QĐ-TTg Về chế độ bảo hiểm y tế và trợ cấp mai táng đối với thanh niên xung phong thời kỳ kháng chiến chống Pháp
bhyt,179711,132188,Thay thế,True,False,True,Nghị định số 188/2025/NĐ-CP hướng dẫn Luật Bảo hiểm y tế,
"bhyt,vien_phi",144093,70819,Căn cứ,True,False,False,"Quyết định số 36/2020/QĐ-UBND Về việc bãi bỏ Quyết định số 24/2017/QĐ-UBND ngày 21/8/2017 của Ủy ban nhân dân tỉnh về việc Quy định mức giá dịch vụ khám bệnh, chữa bệnh không thuộc phạm vi thanh toán của Quỹ bảo hiểm y tế trong các cơ sở khám bệnh, chữa bệnh của Nhà nước trên địa bàn tỉnh Lạng Sơn",
bhyt,127519,38018,Căn cứ,True,True,False,Quyết định số Số: 10/2018/QĐ-UBND Quy định mức hỗ trợ đóng bảo hiểm y tế cho người thuộc hộ gia đình nghèo đa chiều thiếu hụt dịch vụ xã hội cơ bản khác (không bị thiếu hụt bảo hiểm y tế) trên địa bàn tỉnh Điện Biên,Nghị định số 105/2014/NĐ-CP Quy định chi tiết và hướng dẫn thi hành một số điều của Luật Bảo hiểm y tế
bhyt,184890,36793,Căn cứ,True,False,False,Nghị quyết số 35/2025/NQ-HĐND Quy định mức hỗ trợ kinh phí đóng bảo hiểm y tế cho một số đối tượng trên địa bàn tỉnh Gia Lai,
bhyt,40977,11735,"Quy định chi tiết, hướng dẫn thi hành",True,False,False,"Quyết định số 82/QĐ-BHXH Ban hành quy định về tổ chức thực hiện hợp đồng khám chữa bệnh, giám định chi trả chi phí khám, chữa bệnh, quản lý và sử dụng quỹ bảo hiểm ý tế",
bhyt,148676,119084,Căn cứ,True,False,False,Nghị quyết số 12/2021/NQ-HĐND Quy định mức hỗ trợ đóng bảo hiểm y tế cho người thuộc hộ nghèo đa chiều thiếu hụt các dịch vụ xã hội cơ bản khác và người thuộc hộ gia đình cận nghèo trên địa bàn tỉnh Lạng Sơn,
bhyt,40272,14804,Căn cứ,True,False,False,Quyết định số 2559/QĐ-BHXH Ban hành quy định về tổ chức thực hiện chế độ khám chữa bệnh bảo hiểm y tế,
bhyt,185356,168950,Bãi bỏ,True,False,True,Nghị quyết số '26/2025/NQ-HĐND Quy định mức hỗ trợ đóng bảo hiểm y tế cho một số đối tượng trên địa bàn thành phố Cần Thơ,
bhyt,144205,115653,"Sửa đổi, bổ sung",True,False,False,"Thông tư số 13/2020/TT-BYTT Sửa đổi, bổ sung một số điều của Thông tư số 35/2016/TT-BYT ngày 28 tháng 9 năm 2016 của Bộ trưởng Bộ Y tế ban hành Danh mục và tỷ lệ, điều kiện thanh toán đối với dịch vụ kỹ thuật y tế thuộc phạm vi được hưởng của người tham gia bảo hiểm y tế",
bhyt,79219,44420,Văn bản căn cứ,True,False,False,"Quyết định số 76/2014/QĐ-UBND Ban hành Quy định quản lý, cấp phát thẻ bảo hiểm y tế cho đối tượng Ngân sách nhà nước đảm bảo toàn bộ hoặc một phần kinh phí áp dụng trên địa bàn tỉnh Hà Tĩnh",
bhyt,155317,184909,Văn bản quy định hết hiệu lực,False,True,False,,Nghị quyết số 36/2025/NQ-HĐND quy định mức hỗ trợ đóng bảo hiểm y tế cho một số đối tượng trên địa bàn tỉnh Đồng Nai giai đoạn 2026 - 2030
bhyt,157778,132188,"Quy định chi tiết, hướng dẫn thi hành",True,False,False,Nghị quyết số 105/2022/NQ-HĐND Quy định mức hỗ trợ đóng bảo hiểm y tế cho nhóm đối tượng trên địa bàn tỉnh Nam Định,
bhyt,140624,14902,"Quy định chi tiết, hướng dẫn thi hành",True,False,False,Thông tư số 30/2019/TT-BLĐTBXH Hướng dẫn lập danh sách đối tượng tham gia bảo hiểm y tế do Bộ Lao động - Thương binh và Xã hội quản lý,
vien_phi,119060,10274,Căn cứ,True,False,False,Quyết định số 2340/2007/QĐ-UBND Về việc Ban hành mức giá thu một phần viện phí và các dịch vụ y tế áp dụng tại các cơ sở khám chữa bệnh trong hệ thống y tế nhà nước thuộc tỉnh Thái Nguyên quản lý,
vien_phi,45204,45773,Dẫn chiếu,False,True,False,,"Quyết định số 1169/QĐ-UBND Về giá thu một phần viện phí, lệ phí tại các cơ sở y tế"
bhyt,127815,70807,Căn cứ,True,False,False,Nghị quyết số 65/2017/NQ-HĐND Quy định mức hỗ trợ đóng bảo hiểm y tế cho một số đối tượng tham gia bảo hiểm y tế do ngân sách địa phương bảo đảm trên địa bàn tỉnh Lâm Đồng,
bhyt,184559,160024,Tạm ngưng hiệu lực,True,False,False,Nghị quyết số 64/2025/NQ-HĐND Quy định mức hỗ trợ đóng bảo hiểm y tế cho một số đối tượng trên địa bàn tỉnh Phú Thọ giao đoạn 2026-2030,
bhyt,a58d0900-6ae3-11f1-9463-4ba9a7c0cbbb,179920,"Sửa đổi, bổ sung",True,True,False,"Nghị quyết số 17/2026/NQ-HĐND Sửa đổi, bổ sung một số điều của nghị quyết số 19/2025/NQ-HĐND ngày 09 tháng 7 năm 2025 của Hội đồng nhân dân thành phố Hà Nội quy định nội dung, mức hỗ trợ đóng bảo hiểm xã hội, bảo hiểm y tế cho các đối tượng chính sách xã hội của thành phố Hà Nội","Nghị quyết số 19/2025/NQ-HĐND Quy định nội dung, mức hỗ trợ đóng bảo hiểm xã hội tự nguyện, bảo hiểm y tế cho các đối tượng chính sách xã hội của thành phố Hà Nội (Thực hiện điểm a, điểm b khoản 3, khoản 4 Điều 27 Luật Thủ đô)"
bhyt,187782,172923,Căn cứ,True,True,False,"Thông tư số 107/2025/TT-BTC Hướng dẫn kế toán quỹ bảo hiểm xã hội, quỹ bảo hiểm y tế, quỹ bảo hiểm thất nghiệp",Luật Bảo hiểm y tế sửa đổi 2024 số Luật số 51/2024/QH15
bhyt,185306,178340,Căn cứ,True,False,False,Nghị quyết số 75/2025/NQ-HĐND Quy định mức hỗ trợ đóng bảo hiểm y tế cho người bệnh phong tại Bệnh viện Bến Sắn; trẻ em và người có hoàn cảnh khó khăn trên địa bàn Thành phố Hồ Chí Minh,
"bhyt,vien_phi",175644,146383,Căn cứ,True,False,False,"Nghị quyết số 01/2025/NQ-HĐND bãi bỏ Nghị quyết số 01/2024/NQ-HĐND ngày 31 tháng 01 năm 2024 của HĐND tỉnh Ninh Bình quy định mức giá dịch vụ khám bệnh, chữa bệnh không thuộc phạm vi thanh toán của quỹ Bảo hiểm y tế trong các cơ sở khám bệnh, chữa bệnh của Nhà nước trên địa bàn tỉnh Ninh Bình",
bhyt,181847,70811,Căn cứ,True,False,False,"Nghị định số 233/2025/NĐ-CP Quy định cơ chế tài chính về bảo hiểm xã hội, bảo hiểm thất nghiệp, bảo hiểm y tế; chi tổ chức và hoạt động bảo hiểm xã hội, bảo hiểm thất nghiệp, bảo hiểm y tế",
bhyt,185356,172710,Thay thế,True,False,True,Nghị quyết số '26/2025/NQ-HĐND Quy định mức hỗ trợ đóng bảo hiểm y tế cho một số đối tượng trên địa bàn thành phố Cần Thơ,
"bhyt,vien_phi",174245,170583,Căn cứ,True,False,False,"Nghị quyết số 26/2024/NQ-HĐND Bãi bỏ Nghị quyết số 04/2024/NQ-HĐND ngày 19 tháng 4 năm 2024 của Hội đồng nhân dân tỉnh An Giang quy định mức giá dịch vụ khám bệnh, chữa bệnh không thuộc phạm vi thanh toán của Quỹ bảo hiểm y tế mà không phải là đối tượng khám bệnh, chữa bệnh theo yêu cầu tạ",
bhyt,157873,139878,Căn cứ,True,False,False,Nghị quyết số 93/2022/NQ-HĐND Quy định chính sách hỗ trợ mua thẻ bảo hiểm y tế cho một số đối tượng tham gia bảo hiểm y tế trên địa bàn tỉnh Cao Bằng giai đoạn 2023-2025,
"bhyt,vien_phi",142680,125042,Bãi bỏ,True,False,True,"Quyết định số 12/2020/QĐ-UBND Bãi bỏ Quyết định số 51/2017/QĐ-UBND ngày 21/8/2017 của UBND tỉnh Quảng Ngãi Quy định mức giá dịch vụ khám bệnh, chữa bệnh không thuộc phạm vi thanh toán của Quỹ bảo hiểm y tế trong các cơ sở khám bệnh, chữa bệnh của Nhà nước thuộc tỉnh Quảng Ngãi quản lý",
bhyt,36f5c720-453b-11f1-acd6-db04b8fc4659,176042,Căn cứ,True,False,False,"Thông tư 06/2026/TT-BYT QUY ĐỊNH VỀ MÃ HÓA BỆNH TẬT, NGUYÊN NHÂN TỬ VONG THEO ICD-10",
bhyt,155147,38036,Căn cứ,True,False,False,"Quyết định số 18/2022/QĐ-UBND Ban hành Quy định đăng ký khám bệnh, chữa bệnh bảo hiểm y tế ban đầu và chuyển tuyến khám bệnh, chữa bệnh bảo hiểm y tế trên địa bàn tỉnh Ninh Thuận",
"bhyt,vien_phi",173343,167565,Căn cứ,True,False,False,"Nghị quyết số 30/2024/NQ-HĐND Bãi bỏ Nghị quyết số 16/2019/NQ-HĐND ngày 04 tháng 10 năm 2019 của Hội đồng nhân dân tỉnh Hậu Giang quy định mức giá dịch vụ khám bệnh, chữa bệnh không thuộc phạm vi thanh toán của quỹ bảo hiểm y tế trong các cơ sở khám bệnh, chữa bệnh của Nhà nước trên địa bàn tỉnh Hậu Giang",
vien_phi,119060,22443,Căn cứ,True,False,False,Quyết định số 2340/2007/QĐ-UBND Về việc Ban hành mức giá thu một phần viện phí và các dịch vụ y tế áp dụng tại các cơ sở khám chữa bệnh trong hệ thống y tế nhà nước thuộc tỉnh Thái Nguyên quản lý,
bhyt,156404,151168,Căn cứ,True,False,False,"Quyết định số 49/2022/QĐ-UBND Quy định mức giá dịch vụ xét nghiệm SARS-CoV-2 trong trường hợp không thuộc phạm vi thanh toán của Quỹ bảo hiểm y tế tại các cơ sở khám bệnh, chữa bệnh công lập thuộc tỉnh Ninh Thuận",
bhyt,115653,169565,Văn bản sửa đổi,False,True,False,,"Thông tư 13/2020/TT-BYT sửa đổi Thông tư 35/2016/TT-BYT về Danh mục và tỷ lệ, điều kiện thanh toán đối với dịch vụ kỹ thuật y tế thuộc phạm vi được hưởng của người tham gia bảo hiểm y tế do Bộ trưởng Bộ Y tế ban hành"
bhyt,48242,20068,Căn cứ,True,False,False,"Quyết định số 05/2015/QĐ-UBND Về việc thực hiện chế độ hỗ trợ bảo hiểm xã hội tự nguyện, bảo hiểm y tế cho công an viên và thôn, ấp, khu đội trưởng được bố trí ở thôn, ấp, khu phố trên địa bàn tỉnh Bà Rịa - Vũng Tàu",
bhyt,88138,32349,Căn cứ,True,False,False,"Quyết định 11862/QĐ-UBND năm 2014 bãi bỏ Quyết định 02/2013/QĐ-UBND về Quy chế thực hiện cơ chế một cửa liên thông nhóm thủ tục hành chính thuộc lĩnh vực hộ tịch, bảo hiểm y tế và đăng ký, quản lý cư trú trên địa bàn Quận Bình Tân, thành phố Hồ Chí Minh",
bhyt,185859,179711,Căn cứ,False,True,False,,Nghị định số 188/2025/NĐ-CP hướng dẫn Luật Bảo hiểm y tế
bhyt,184708,173641,Căn cứ,True,False,False,"Nghị quyết số 57/2025/NQ-HĐND Quy định chính sách hỗ trợ mức đóng bảo hiểm y tế cho các nhóm đối tượng xã hội đang thường trú trên địa bàn thành phố Hải Phòng, giai đoạn 2026 - 2030",
"bhyt,vien_phi",174421,168125,Căn cứ,True,False,False,"Nghị quyết số 30/2024/NQ-HĐND Bãi bỏ Nghị quyết số 09/2019/NQ-HĐND ngày 06 tháng 12 năm 2019 của Hội đồng nhân dân tỉnh “về việc quy định mức giá dịch vụ khám bệnh, chữa bệnh không thuộc phạm vi thanh toán của Quỹ bảo hiểm y tế trong các cơ sở khám bệnh, chữa bệnh của Nhà nước trên địa bàn tỉnh Bạc Liêu”",
bhyt,130006,38018,Căn cứ,True,True,False,Nghị quyết số 154/2018/NQ-HĐND Quy định mức hỗ trợ và nguồn kinh phí đóng bảo hiểm y tế cho Tổ phó Tổ dân phố và Phó Trưởng thôn trên địa bàn thành phố Đà Nẵng,Nghị định số 105/2014/NĐ-CP Quy định chi tiết và hướng dẫn thi hành một số điều của Luật Bảo hiểm y tế
"bhyt,vien_phi",27f12c90-58e8-11f1-a671-8bd8cc508176,168128,Căn cứ,True,False,False,"Thông tư 12/2026/TT-BTC Quy định trình tự, thủ tục giám định chi phí khám bệnh, chữa bệnh bảo hiểm y tế, biểu mẫu tổng hợp thanh toán, quyết toán và biện pháp thi hành Nghị định số 188/2025/NĐ-CP ngày 01 tháng 7 năm 2025 của Chính phủ quy định chi tiết và hướng dẫn thi hành một số điều của Luật Bảo hiểm y tế",
bhyt,98445,38018,"Quy định chi tiết, hướng dẫn thi hành",False,True,False,,Nghị định số 105/2014/NĐ-CP Quy định chi tiết và hướng dẫn thi hành một số điều của Luật Bảo hiểm y tế
bhyt,185662,146648,Căn cứ,True,False,False,Nghị quyết số 43/2025/NQ-HĐND Quy định mức hỗ trợ đóng bảo hiểm y tế cho một số đối tượng trên địa bàn tỉnh Tuyên Quang,
bhyt,184731,12326,Căn cứ,True,False,False,Nghị quyết số 23/2025/NQ-HĐND Về việc quy định mức hỗ trợ đóng bảo hiểm y tế cho các đối tượng không được hưởng mức hỗ trợ từ ngân sách nhà nước đối với Thanh niên thi hành nghĩa vụ Kinh tế - Quốc phòng của tỉnh Tây Ninh và Đoàn xây dựng kinh tế Thanh niên trên địa bàn tỉnh Tây Ninh,
bhyt,173743,70800,Căn cứ,True,False,False,"Nghị quyết số 118/2024/NQ-HĐND Bãi bỏ Nghị quyết số 32/2024/NQ-HĐND ngày 11 tháng 7 năm 2024 của Hội đồng nhân dân tỉnh quy định giá cụ thể dịch vụ khám bệnh, chữa bệnh không thuộc phạm vi thanh toán của Quỹ bảo hiểm y tế nhưng không phải là đối tượng khám chữa bệnh theo yêu cầu trong các cơ sở khám bệnh, chữa bệnh của Nhà nước trên địa bàn tỉnh Kon Tum",
"bhyt,vien_phi",173398,168125,"Quy định chi tiết, hướng dẫn thi hành",True,False,False,"Nghị quyết số 09/2024/NQ-HĐND Bãi bỏ Nghị quyết số 19/2023/NQ-HĐND ngày 12 tháng 12 năm 2023 của Hội đồng nhân dân tỉnh quy định mức giá dịch vụ khám bệnh, chữa bệnh không thuộc phạm vi thanh toán của Quỹ bảo hiểm y tế mà không phải dịch vụ khám bệnh chữa bệnh theo yêu cầu tại các cơ sở khám bệnh, chữa bệnh của Nhà nước thuộc tỉnh Phú Thọ quản lý",
bhyt,165362,139878,Căn cứ,True,False,False,"Nghị quyết số 336/2022/NQ-HĐND Quy định mức hỗ trợ từ ngân sách nhà nước đóng bảo hiểm y tế cho người thuộc hộ gia đình nông nghiệp, ngư nghiệp có mức sống trung bình trên địa bàn tỉnh Hưng Yên giai đoạn 2023-2025",
bhyt,169565,115653,"Sửa đổi, bổ sung",True,False,False,"Thông tư 13/2020/TT-BYT sửa đổi Thông tư 35/2016/TT-BYT về Danh mục và tỷ lệ, điều kiện thanh toán đối với dịch vụ kỹ thuật y tế thuộc phạm vi được hưởng của người tham gia bảo hiểm y tế do Bộ trưởng Bộ Y tế ban hành",
bhyt,120801,12326,Căn cứ,True,False,False,"Quyết định số 04/2017/QĐ-UBND Quy định mức hỗ trợ đóng bảo hiểm y tế từ ngân sách địa phương cho đối tượng là người thuộc hộ gia đình làm nông nghiệp, lâm nghiệp, ngư nghiệp, diêm nghiệp có mức sống trung bình trên địa bàn tỉnh Nam Định",
bhyt,36793,54850,"Văn bản HD, QĐ chi tiết",False,True,False,,"Quyết định số 08/2015/QĐ-TTg Thí điểm về giao dịch điện tử trong việc thực hiện thủ tục tham gia bảo hiểm xã hội, bảo hiểm y tế, bảo hiểm thất nghiệp và đề nghị cấp sổ bảo hiểm xã hội, thẻ bảo hiểm y tế"
bhyt,140624,27066,"Quy định chi tiết, hướng dẫn thi hành",True,False,False,Thông tư số 30/2019/TT-BLĐTBXH Hướng dẫn lập danh sách đối tượng tham gia bảo hiểm y tế do Bộ Lao động - Thương binh và Xã hội quản lý,
bhyt,88138,180107,Căn cứ,True,False,False,"Quyết định 11862/QĐ-UBND năm 2014 bãi bỏ Quyết định 02/2013/QĐ-UBND về Quy chế thực hiện cơ chế một cửa liên thông nhóm thủ tục hành chính thuộc lĩnh vực hộ tịch, bảo hiểm y tế và đăng ký, quản lý cư trú trên địa bàn Quận Bình Tân, thành phố Hồ Chí Minh",
"bhyt,vien_phi",172810,70800,Căn cứ,True,False,False,"Nghị quyết số 26/2024/NQ-HĐND bãi bỏ Nghị quyết số 02/2024/NQ-HĐND ngày 26/02/2024 của HĐND tỉnh Quy định giá dịch vụ khám bệnh, chữa bệnh không thuộc phạm vi thanh toán của Quỹ Bảo hiểm y tế trong các cơ sở khám bệnh, chữa bệnh của Nhà nước trên địa bàn tỉnh Trà Vinh",
bhyt,92858,38018,Căn cứ,False,True,False,,Nghị định số 105/2014/NĐ-CP Quy định chi tiết và hướng dẫn thi hành một số điều của Luật Bảo hiểm y tế
"bhyt,vien_phi",179585,166391,Căn cứ,True,False,False,"Thông tư số 22/2021/TT-BYT của Bộ Y tế về quy định ngưng hiệu lực Thông tư 04/2021/TT-BYT ngày 29/4/2021 của Bộ trưởng Bộ Y tế hướng dẫn thanh toán chi phí khám bệnh, chữa bệnh bảo hiểm y tế theo định suất",
bhyt,67295,36793,Căn cứ,True,False,False,"Thông tư liên tịch số 05/2015/TTLT-BTP-BCA-BYT Hướng dẫn thực hiện liên thông các thủ tục hành chính về đăng ký khai sinh, đăng ký thường trú, cấp thẻ bảo hiểm y tế cho trẻ em dưới 6 tuổi",
bhyt,86158,38018,Căn cứ,False,True,False,,Nghị định số 105/2014/NĐ-CP Quy định chi tiết và hướng dẫn thi hành một số điều của Luật Bảo hiểm y tế
bhyt,184087,179610,Văn bản căn cứ,True,False,False,Thông tư số 98/2025/TT-BQP Hướng dẫn thực hiện một số điều của Nghị định số 188/2025/NĐ-CP ngày 01 tháng 7 năm 2025 của Chính phủ quy định chi tiết và hướng dẫn thi hành một số điều của Luật Bảo hiểm y tế đối với các đối tượng thuộc phạm vi quản lý của Bộ Quốc phòng,
bhyt,40977,40971,Văn bản căn cứ,True,False,False,"Quyết định số 82/QĐ-BHXH Ban hành quy định về tổ chức thực hiện hợp đồng khám chữa bệnh, giám định chi trả chi phí khám, chữa bệnh, quản lý và sử dụng quỹ bảo hiểm ý tế",
bhyt,140624,25583,Dẫn chiếu,True,False,False,Thông tư số 30/2019/TT-BLĐTBXH Hướng dẫn lập danh sách đối tượng tham gia bảo hiểm y tế do Bộ Lao động - Thương binh và Xã hội quản lý,
bhyt,176604,168128,Căn cứ,True,False,False,"Nghị quyết số 02/2025/NQ-HĐND Bãi bỏ Nghị quyết số 02/2022/NQ-HĐND ngày 25 tháng 02 năm 2022 của Hội đồng nhân dân tỉnh quy định mức giá dịch vụ xét nghiệm SARS-CoV-2 tại các cơ sở khám bệnh, chữa bệnh của Nhà nước không thuộc phạm vi thanh toán của Quỹ bảo hiểm y tế trên địa bàn tỉnh Bà Rịa - Vũng Tàu",
bhyt,184559,143290,Tạm ngưng hiệu lực,True,False,False,Nghị quyết số 64/2025/NQ-HĐND Quy định mức hỗ trợ đóng bảo hiểm y tế cho một số đối tượng trên địa bàn tỉnh Phú Thọ giao đoạn 2026-2030,
bhyt,14f0b5c0-7247-11f1-aaef-99b11ccf23c0,179711,Căn cứ,False,True,False,,Nghị định số 188/2025/NĐ-CP hướng dẫn Luật Bảo hiểm y tế
bhyt,ba6c12d0-8424-11f1-a50d-8fec4546f7b0,8619b9a0-5e55-11f1-8e5a-2929924511d6,Căn cứ,False,True,False,,"Nghị định 02/2025/NĐ-CP Sửa đổi, bổ sung một số điều của nghị định số 146/2018/NĐ-CP ngày 17 tháng 10 năm 2018 của chính phủ quy định chi tiết và hướng dẫn biện pháp thi hành luật bảo hiểm y tể, đã được sửa đổi, bổ sung một số điều tại nghị định số 75/2023/NĐ-CP ngày 19 tháng 10 năm 2023 của chính phủ"
bhyt,143792,17855,Căn cứ,True,False,False,Nghị quyết số 06/2014/NQ-HĐND Về chế độ hỗ trợ mua bảo hiểm y tế cho người đồng bào dân tộc thiểu số không thuộc vùng có điều kiện kinh tế - xã hội khó khăn trên địa bàn tỉnh Khánh Hòa,
bhyt,156261,142305,Văn bản căn cứ,True,False,False,"Quyết định số 19/2022/QĐ-TTg Về chi phí quản lý bảo hiểm xã hội, bảo hiểm thất nghiệp, bảo hiểm y tế giai đoạn 2022 - 2024",
bhyt,8063f9c0-8192-11f1-a7b4-31acaf5a5932,146648,Căn cứ,True,False,False,Nghị quyết số 25/2026/NQ-HĐND Quy định hỗ trợ mức đóng bảo hiểm y tế và hỗ trợ chi phí cùng chi trả đối với thuốc kháng vi rút HIV cho người nhiễm HIV/AIDS trên địa bàn tỉnh Hưng Yên giai đoạn 2026-2030,
bhyt,100267,38018,Căn cứ,True,True,False,"Quyết định số 25/2015/QĐ-UBND Ban hành Quy định đăng ký khám bệnh, chữa bệnh ban đầu và chuyển tuyến khám bệnh, chữa bệnh bảo hiểm y tế trên địa bàn tỉnh Ninh Thuận",Nghị định số 105/2014/NĐ-CP Quy định chi tiết và hướng dẫn thi hành một số điều của Luật Bảo hiểm y tế
bhyt,88622,20068,Căn cứ,True,False,False,"Quyết định 3651/QĐ-UBND ban hành Kế hoạch Chương trình hành động 32-CTrHĐ/TU thực hiện Nghị quyết 21-NQ/TW về tăng cường sự lãnh đạo của Đảng đối với công tác bảo hiểm xã hội, bảo hiểm y tế giai đoạn 2012 - 2020 do thành phố Hồ Chí Minh ban hành",
"bhyt,vien_phi",173343,139780,Bãi bỏ,True,False,True,"Nghị quyết số 30/2024/NQ-HĐND Bãi bỏ Nghị quyết số 16/2019/NQ-HĐND ngày 04 tháng 10 năm 2019 của Hội đồng nhân dân tỉnh Hậu Giang quy định mức giá dịch vụ khám bệnh, chữa bệnh không thuộc phạm vi thanh toán của quỹ bảo hiểm y tế trong các cơ sở khám bệnh, chữa bệnh của Nhà nước trên địa bàn tỉnh Hậu Giang",
bhyt,157778,132188,Căn cứ,True,False,False,Nghị quyết số 105/2022/NQ-HĐND Quy định mức hỗ trợ đóng bảo hiểm y tế cho nhóm đối tượng trên địa bàn tỉnh Nam Định,
bhyt,100267,25170,Căn cứ,True,False,False,"Quyết định số 25/2015/QĐ-UBND Ban hành Quy định đăng ký khám bệnh, chữa bệnh ban đầu và chuyển tuyến khám bệnh, chữa bệnh bảo hiểm y tế trên địa bàn tỉnh Ninh Thuận",
bhyt,40357,14804,Căn cứ,True,False,False,Quyết định số 1005/QĐ-BHXH Về việc sửa đổi bổ sung một số điểm tại quy định về tổ chức thực hiện chế độ KCB bảo hiểm y tế ban hành kèm theo Quyết định số 2559/QĐ-BHXH ngày 27/9/2005 Của Tổng Giám đốc Bảo hiểm xã hội Việt Nam,
bhyt,187406,179711,Căn cứ,False,True,False,,Nghị định số 188/2025/NĐ-CP hướng dẫn Luật Bảo hiểm y tế
bhyt,114686,38018,Căn cứ,False,True,False,,Nghị định số 105/2014/NĐ-CP Quy định chi tiết và hướng dẫn thi hành một số điều của Luật Bảo hiểm y tế
bhyt,104787,38018,Dẫn chiếu,False,True,False,,Nghị định số 105/2014/NĐ-CP Quy định chi tiết và hướng dẫn thi hành một số điều của Luật Bảo hiểm y tế
bhyt,55070,32514,Căn cứ,True,False,False,"Quyết định số 53/2014/QĐ-UBND Ban hành Quy chế phối hợp trong việc thực hiện liên thông các thủ tục hành chính về đăng ký khai sinh, đăng ký thường trú, cấp thẻ bảo hiểm y tế cho trẻ em dưới 6 tuổi trên địa bàn tỉnh Hà Nam",
bhyt,55070,16858,Căn cứ,True,False,False,"Quyết định số 53/2014/QĐ-UBND Ban hành Quy chế phối hợp trong việc thực hiện liên thông các thủ tục hành chính về đăng ký khai sinh, đăng ký thường trú, cấp thẻ bảo hiểm y tế cho trẻ em dưới 6 tuổi trên địa bàn tỉnh Hà Nam",
bhyt,99173,38018,Căn cứ,False,True,False,,Nghị định số 105/2014/NĐ-CP Quy định chi tiết và hướng dẫn thi hành một số điều của Luật Bảo hiểm y tế
bhyt,100267,47035,Căn cứ,True,False,False,"Quyết định số 25/2015/QĐ-UBND Ban hành Quy định đăng ký khám bệnh, chữa bệnh ban đầu và chuyển tuyến khám bệnh, chữa bệnh bảo hiểm y tế trên địa bàn tỉnh Ninh Thuận",
bhyt,99210,38018,Căn cứ,False,True,False,,Nghị định số 105/2014/NĐ-CP Quy định chi tiết và hướng dẫn thi hành một số điều của Luật Bảo hiểm y tế
bhyt,267ffff0-6647-11f1-b01e-8bc328b4d0e9,70811,Căn cứ,True,False,False,Nghị quyết số 14/2026/NQ-HĐND Nghị quyết quy định chính sách hỗ trợ an sinh xã hội cho người dân thủ đô,
bhyt,184970,179427,Căn cứ,True,False,False,Nghị quyết số 29/2025/NQ-HĐND Quy định mức hỗ trợ đóng bảo hiểm y tế cho một số đối tượng tham gia bảo hiểm y tế trên địa bàn tỉnh Cao Bằng giai đoạn 2026 - 2030,
"bhyt,vien_phi",173176,168128,Căn cứ,True,False,False,"Nghị quyết số 68/2024/NQ-HĐND Quy định giá dịch vụ khám bệnh, chữa bệnh thuộc danh mục thanh toán của Quỹ bảo hiểm y tế, giá dịch vụ khám bệnh, chữa bệnh do ngân sách nhà nước thanh toán và giá dịch vụ khám bệnh, chữa bệnh không thuộc danh mục thanh toán của Quỹ bảo hiểm y tế mà không phải là dịch vụ khám bệnh, chữa bệnh theo yêu cầu tại các cơ sở khám bệnh, chữa bệnh công lập thuộc thành phố Đà Nẵng",
bhyt,179244,175258,Căn cứ,True,False,False,"Thông tư số 15/2025/TT-BYT quy định về phân cấp, phân định thẩm quyền của chính quyền địa phương 02 cấp trong lĩnh vực y, dược cổ truyền do Bộ trưởng Bộ Y tế ban hành",
bhyt,156404,166391,Căn cứ,True,False,False,"Quyết định số 49/2022/QĐ-UBND Quy định mức giá dịch vụ xét nghiệm SARS-CoV-2 trong trường hợp không thuộc phạm vi thanh toán của Quỹ bảo hiểm y tế tại các cơ sở khám bệnh, chữa bệnh công lập thuộc tỉnh Ninh Thuận",
bhyt,62144,36169,Văn bản căn cứ,True,False,False,"Nghị quyết số 79/2002/NQ-HĐND Về việc thực hiện chế độ bảo hiểm xã hội, bảo hiểm y tế và chế độ thôi việc đối với giáo viên mầm non dân lập",
bhyt,40940,40360,Bãi bỏ,True,False,True,"Quyết định số 1111/QĐ-BHXH Về việc ban hành Quy định quản lý thu bảo hiểm xã hội, bảo hiểm y tế; quản lý sổ bảo hiểm xã hội, thẻ bảo hiểm y tế",
bhyt,184909,168764,Thay thế,True,False,True,Nghị quyết số 36/2025/NQ-HĐND quy định mức hỗ trợ đóng bảo hiểm y tế cho một số đối tượng trên địa bàn tỉnh Đồng Nai giai đoạn 2026 - 2030,
bhyt,179724,172923,Căn cứ,True,True,False,"Thông tư số 24/2025/TT-BYT sửa đổi Thông tư 04/2017/TT-BYT về Danh mục và tỷ lệ, điều kiện thanh toán đối với vật tư y tế thuộc phạm vi được hưởng của người tham gia bảo hiểm y tế do Bộ trưởng Bộ Y tế ban hành",Luật Bảo hiểm y tế sửa đổi 2024 số Luật số 51/2024/QH15
bhyt,177832,168128,Căn cứ,True,False,False,"Thông tư số 99/2024/TT-BCA Quy định đăng ký khám bệnh, chữa bệnh bảo hiểm y tế ban đầu và chuyển người bệnh giữa các cơ sở khám bệnh, chữa bệnh thuộc Bộ Công an",
"bhyt,vien_phi",144093,25170,Căn cứ,True,False,False,"Quyết định số 36/2020/QĐ-UBND Về việc bãi bỏ Quyết định số 24/2017/QĐ-UBND ngày 21/8/2017 của Ủy ban nhân dân tỉnh về việc Quy định mức giá dịch vụ khám bệnh, chữa bệnh không thuộc phạm vi thanh toán của Quỹ bảo hiểm y tế trong các cơ sở khám bệnh, chữa bệnh của Nhà nước trên địa bàn tỉnh Lạng Sơn",
bhyt,14804,40357,"Văn bản HD, QĐ chi tiết",False,True,False,,Quyết định số 1005/QĐ-BHXH Về việc sửa đổi bổ sung một số điểm tại quy định về tổ chức thực hiện chế độ KCB bảo hiểm y tế ban hành kèm theo Quyết định số 2559/QĐ-BHXH ngày 27/9/2005 Của Tổng Giám đốc Bảo hiểm xã hội Việt Nam
bhyt,157577,70819,Căn cứ,True,False,False,Nghị quyết số 304/2022/NQ-HĐND Quy định mức hỗ trợ đóng bảo hiểm y tế cho đối tượng thuộc hộ cận nghèo trên địa bàn tỉnh Thanh Hóa quý IV năm 2022,
bhyt,128759,127110,Căn cứ,True,True,False,"Quyết định số 02/2018/QĐ-UBND Bãi bỏ các quy định về thực hiện mức hỗ trợ đóng bảo hiểm xã hội tự nguyện, bảo hiểm y tế cho cán bộ không chuyên trách xã, phường, thị trấn trên địa bàn tỉnh Quảng Nam theo Quyết định số 02/2010/QĐ-UBND ngày 19/01/2010 của UBND tỉnh Quảng Nam","Nghị quyết số 50/2017/NQ-HĐND Về bãi bỏ Khoản 1, Khoản 2, Khoản 3 Mục II Điều 1 Nghị quyết số 155/2009/NQ-HĐND ngày 10 tháng 12 năm 2009 của Hội đồng nhân dân tỉnh về mức hỗ trợ đóng bảo hiểm xã hội tự nguyện, bảo hiểm y tế cho cán bộ không chuyên trách xã, phường, thị trấn"
bhyt,173380,12326,Căn cứ,True,False,False,"Nghị quyết số 20/2024/NQ-HĐND Về việc quy định mức hỗ trợ đóng bảo hiểm y tế cho người dân tộc thiểu số tại các thôn, tổ dân phố, xã không thuộc vùng có điều kiện kinh tế - xã hội khó khăn, đặc biệt khó khăn trên địa bàn tỉnh Khánh Hòa",
bhyt,136555,70819,Căn cứ,True,False,False,"Nghị quyết số 166/2019/NQ-HĐND Quy định mức hỗ trợ đóng bảo hiểm y tế cho người thuộc hộ gia đình cận nghèo, người thuộc hộ gia đình nghèo đa chiều không thiếu hụt về bảo hiểm y tế trên địa bàn tỉnh Đồng Nai giai đoạn 2019 - 2020",
bhyt,3c7280b0-58e8-11f1-8ac3-d768273af8f0,179711,Căn cứ,True,True,False,"Thông tư 09/2026/TT-BTC Quy định về việc tạo lập sổ bảo hiểm xã hội, thẻ bảo hiểm y tế bản điện tử",Nghị định số 188/2025/NĐ-CP hướng dẫn Luật Bảo hiểm y tế
bhyt,172923,27327,Dẫn chiếu,True,False,False,Luật Bảo hiểm y tế sửa đổi 2024 số Luật số 51/2024/QH15,
bhyt,179711,36793,Căn cứ,True,False,False,Nghị định số 188/2025/NĐ-CP hướng dẫn Luật Bảo hiểm y tế,
bhyt,156404,27624,Căn cứ,True,False,False,"Quyết định số 49/2022/QĐ-UBND Quy định mức giá dịch vụ xét nghiệm SARS-CoV-2 trong trường hợp không thuộc phạm vi thanh toán của Quỹ bảo hiểm y tế tại các cơ sở khám bệnh, chữa bệnh công lập thuộc tỉnh Ninh Thuận",
bhyt,67295,27159,"Quy định chi tiết, hướng dẫn thi hành",True,False,False,"Thông tư liên tịch số 05/2015/TTLT-BTP-BCA-BYT Hướng dẫn thực hiện liên thông các thủ tục hành chính về đăng ký khai sinh, đăng ký thường trú, cấp thẻ bảo hiểm y tế cho trẻ em dưới 6 tuổi",
"bhyt,vien_phi",167892,174415,Văn bản quy định hết hiệu lực,False,True,False,,"Nghị quyết số 01/2025/NQ-HĐND Bãi bỏ Nghị quyết số 12/2024/NQ-HĐND ngày 17 tháng 6 năm 2024 của Hội đồng nhân dân tỉnh quy định giá dịch vụ khám bệnh, chữa bệnh không thuộc phạm vi thanh toán của Quỹ Bảo hiểm y tế nhưng không phải là đối tượng khám bệnh, chữa bệnh theo yêu cầu tại các cơ sở khám bệnh, chữa bệnh công lập thuộc tỉnh Thừa Thiên Huế"
bhyt,172923,176707,"Văn bản HD, QĐ chi tiết",True,True,False,Luật Bảo hiểm y tế sửa đổi 2024 số Luật số 51/2024/QH15,"Nghị định số 74/2025/NĐ-CP Sửa đổi, bổ sung một số điều của Nghị định số 70/2015/NĐ-CP ngày 01 tháng 09 năm 2015 của Chính phủ quy định chi tiết và hướng dẫn thi hành một số điều của Luật Bảo hiểm y tế đói với Quân đội nhân dân, công an nhân dân và người làm công tác cơ yếu"
bhyt,29217,20068,Căn cứ,True,False,False,Quyết định số 77/2006/QĐ-UBND Về việc phê duyệt đối tượng mua Bảo hiểm y tế người nghèo tinh Lào Cai năm 2006,
bhyt,40940,14840,Căn cứ,True,False,False,"Quyết định số 1111/QĐ-BHXH Về việc ban hành Quy định quản lý thu bảo hiểm xã hội, bảo hiểm y tế; quản lý sổ bảo hiểm xã hội, thẻ bảo hiểm y tế",
bhyt,173743,103581,Căn cứ,True,False,False,"Nghị quyết số 118/2024/NQ-HĐND Bãi bỏ Nghị quyết số 32/2024/NQ-HĐND ngày 11 tháng 7 năm 2024 của Hội đồng nhân dân tỉnh quy định giá cụ thể dịch vụ khám bệnh, chữa bệnh không thuộc phạm vi thanh toán của Quỹ bảo hiểm y tế nhưng không phải là đối tượng khám chữa bệnh theo yêu cầu trong các cơ sở khám bệnh, chữa bệnh của Nhà nước trên địa bàn tỉnh Kon Tum",
bhyt,153950,115469,Căn cứ,True,False,False,Nghị quyết số 13/2022/NQ-HĐND Quy định giá dịch vụ xét nghiệm SARS-CoV-2 không thuộc phạm vi thanh toán của Quỹ bảo hiểm y tế trong các cơ sở khám chữa bệnh của Nhà nước thuộc phạm vi quản lý của tỉnh Nam Định,
bhyt,54850,27117,"Quy định chi tiết, hướng dẫn thi hành",True,False,False,"Quyết định số 08/2015/QĐ-TTg Thí điểm về giao dịch điện tử trong việc thực hiện thủ tục tham gia bảo hiểm xã hội, bảo hiểm y tế, bảo hiểm thất nghiệp và đề nghị cấp sổ bảo hiểm xã hội, thẻ bảo hiểm y tế",
bhyt,158729,36793,Căn cứ,True,False,False,Quyết định số 81/2022/QĐ-UBND Quy định mức hỗ trợ đóng bảo hiểm y tế cho người thuộc hộ gia đình cận nghèo giai đoạn 2023-2025 trên địa bàn tỉnh Ninh Thuận,
bhyt,62144,7342,Căn cứ,True,False,False,"Nghị quyết số 79/2002/NQ-HĐND Về việc thực hiện chế độ bảo hiểm xã hội, bảo hiểm y tế và chế độ thôi việc đối với giáo viên mầm non dân lập",
bhyt,40272,18312,"Quy định chi tiết, hướng dẫn thi hành",True,False,False,Quyết định số 2559/QĐ-BHXH Ban hành quy định về tổ chức thực hiện chế độ khám chữa bệnh bảo hiểm y tế,
bhyt,185356,178340,Căn cứ,True,False,False,Nghị quyết số '26/2025/NQ-HĐND Quy định mức hỗ trợ đóng bảo hiểm y tế cho một số đối tượng trên địa bàn thành phố Cần Thơ,
bhyt,163811,139878,Căn cứ,True,False,False,Nghị quyết số 32/2023/NQ-HĐND Quy định hỗ trợ mức đóng bảo hiểm y tế cho hộ thoát nghèo và hộ thoát cận nghèo trên địa bàn tỉnh Cà Mau đến năm 2025,
bhyt,163811,36793,Căn cứ,True,False,False,Nghị quyết số 32/2023/NQ-HĐND Quy định hỗ trợ mức đóng bảo hiểm y tế cho hộ thoát nghèo và hộ thoát cận nghèo trên địa bàn tỉnh Cà Mau đến năm 2025,
bhyt,172923,12326,"Sửa đổi, bổ sung",True,False,False,Luật Bảo hiểm y tế sửa đổi 2024 số Luật số 51/2024/QH15,
vien_phi,108357,7543,Căn cứ,True,False,False,Thông tư liên tịch số 05/1999/TTLT/BLÐTBXH-BYT-BTC Thông tư hướng dẫn việc thực hiện khám chữa bệnh được miễn nộp một phần viện phí đối với người thuộc diện quá nghèo quy định tại Nghị định 95/CP ngày 27/8/1994 của Chính phủ,
"bhyt,vien_phi",126175,124653,Dẫn chiếu,True,False,False,"Quyết định số 23/2017/QĐ-UBND Triển khai thực hiện Nghị quyết số 08/2017/NQ-HĐND Ngày 14 tháng 7 năm 2017 của Hội đồng nhân dân tỉnh Bạc Liêu về việc quy định mức giá dịch vụ khám bệnh, chữa bệnh không thuộc phạm vi thanh toán của Quỹ bảo hiểm y tế trong các cơ sở khám bệnh, chữa bệnh của Nhà nước trên địa bàn tỉnh Bạc Liêu",
bhyt,20996,28013,"Văn bản HD, QĐ chi tiết",False,True,False,,Thông tư số 178/2012/TT-BTC Hướng dẫn kế toán áp dụng cho Bảo hiểm xã hội Việt Nam
"bhyt,vien_phi",166924,168588,Văn bản quy định hết hiệu lực,False,True,False,,"Nghị quyết số 26/2024/NQ-HĐND Quy định giá dịch vụ khám bệnh, chữa bệnh không thuộc danh mục do Quỹ bảo hiểm y tế thanh toán mà không phải là dịch vụ khám bệnh, chữa bệnh theo yêu cầu đối với các cơ sở khám bệnh, chữa bệnh của Nhà nước thuộc tỉnh Thanh Hóa quản lý"
"bhyt,vien_phi",173343,70800,Căn cứ,True,False,False,"Nghị quyết số 30/2024/NQ-HĐND Bãi bỏ Nghị quyết số 16/2019/NQ-HĐND ngày 04 tháng 10 năm 2019 của Hội đồng nhân dân tỉnh Hậu Giang quy định mức giá dịch vụ khám bệnh, chữa bệnh không thuộc phạm vi thanh toán của quỹ bảo hiểm y tế trong các cơ sở khám bệnh, chữa bệnh của Nhà nước trên địa bàn tỉnh Hậu Giang",
bhyt,187259,178340,Căn cứ,True,False,False,Nghị quyết số 27/2026/NQ-HĐND Quy định mức hỗ trợ đóng bảo hiểm y tế trên địa bàn tỉnh giai đoạn 2026 - 2030.,
bhyt,174449,135466,Căn cứ,False,True,False,,"Thông tư số 27/2018/TT-BYT Hướng dẫn thực hiện bảo hiểm y tế và khám bệnh, chữa bệnh liên quan đến HIV/AIDS"
bhyt,dbc1a020-80e2-11f1-b5dd-c1a50ca8fa9c,101886,Căn cứ,True,False,False,"Thông tư Quy định thực hiện chương trình hỗ trợ thuốc miễn phí cho cơ sở khám bệnh, chữa bệnh để điều trị cho người bệnh",
bhyt,129005,123256,Căn cứ,True,False,False,Thông tư số 56/2017/TT-BYT quy định chi tiết thi hành Luật bảo hiểm xã hội và Luật an toàn vệ sinh lao động thuộc lĩnh vực y tế,
bhyt,179711,96119,Dẫn chiếu,True,False,False,Nghị định số 188/2025/NĐ-CP hướng dẫn Luật Bảo hiểm y tế,
bhyt,88622,86816,Văn bản dẫn chiếu,True,False,False,"Quyết định 3651/QĐ-UBND ban hành Kế hoạch Chương trình hành động 32-CTrHĐ/TU thực hiện Nghị quyết 21-NQ/TW về tăng cường sự lãnh đạo của Đảng đối với công tác bảo hiểm xã hội, bảo hiểm y tế giai đoạn 2012 - 2020 do thành phố Hồ Chí Minh ban hành",
bhyt,187259,179711,Căn cứ,True,True,False,Nghị quyết số 27/2026/NQ-HĐND Quy định mức hỗ trợ đóng bảo hiểm y tế trên địa bàn tỉnh giai đoạn 2026 - 2030.,Nghị định số 188/2025/NĐ-CP hướng dẫn Luật Bảo hiểm y tế
bhyt,184708,25702,Căn cứ,True,False,False,"Nghị quyết số 57/2025/NQ-HĐND Quy định chính sách hỗ trợ mức đóng bảo hiểm y tế cho các nhóm đối tượng xã hội đang thường trú trên địa bàn thành phố Hải Phòng, giai đoạn 2026 - 2030",
bhyt,185204,179644,Căn cứ,True,False,False,"Nghị quyết số 91/2025/NQ-HĐND Quy định chính sách hỗ trợ đóng bảo hiểm y tế cho một số nhóm đối tượng trên địa bàn tỉnh Quảng Ninh, giai đoạn 2026-2030",
bhyt,89902,80764,Văn bản dẫn chiếu,True,False,False,"Quyết định 5063/QĐ-UBND về Kế hoạch thực hiện Bảo hiểm y tế toàn dân trên địa bàn Thành phố Hồ Chí Minh, giai đoạn 2012 - 2015 và giai đoạn 2016 - 2020",
bhyt,88138,20068,Căn cứ,True,False,False,"Quyết định 11862/QĐ-UBND năm 2014 bãi bỏ Quyết định 02/2013/QĐ-UBND về Quy chế thực hiện cơ chế một cửa liên thông nhóm thủ tục hành chính thuộc lĩnh vực hộ tịch, bảo hiểm y tế và đăng ký, quản lý cư trú trên địa bàn Quận Bình Tân, thành phố Hồ Chí Minh",
bhyt,184708,172923,Căn cứ,True,True,False,"Nghị quyết số 57/2025/NQ-HĐND Quy định chính sách hỗ trợ mức đóng bảo hiểm y tế cho các nhóm đối tượng xã hội đang thường trú trên địa bàn thành phố Hải Phòng, giai đoạn 2026 - 2030",Luật Bảo hiểm y tế sửa đổi 2024 số Luật số 51/2024/QH15
bhyt,177832,168125,Căn cứ,True,False,False,"Thông tư số 99/2024/TT-BCA Quy định đăng ký khám bệnh, chữa bệnh bảo hiểm y tế ban đầu và chuyển người bệnh giữa các cơ sở khám bệnh, chữa bệnh thuộc Bộ Công an",
bhyt,117674,27186,"Quy định chi tiết, hướng dẫn thi hành",True,False,False,"Nghị định số 21/2016/NĐ-CP Quy định việc thực hiện chức năng thanh tra chuyên ngành về đóng bảo hiểm xã hội, bảo hiểm thất nghiệp, bảo hiểm y tế của cơ quan bảo hiểm xã hội",
bhyt,158729,70819,Căn cứ,True,False,False,Quyết định số 81/2022/QĐ-UBND Quy định mức hỗ trợ đóng bảo hiểm y tế cho người thuộc hộ gia đình cận nghèo giai đoạn 2023-2025 trên địa bàn tỉnh Ninh Thuận,
bhyt,34367,2313,Căn cứ,True,False,False,Quyết định số 1231/QĐ-TCCQ Về việc thành lập Hội đồng quản trị Bảo hiểm y tế thành phố Hải Phòng,
"bhyt,vien_phi",173176,70819,Căn cứ,True,False,False,"Nghị quyết số 68/2024/NQ-HĐND Quy định giá dịch vụ khám bệnh, chữa bệnh thuộc danh mục thanh toán của Quỹ bảo hiểm y tế, giá dịch vụ khám bệnh, chữa bệnh do ngân sách nhà nước thanh toán và giá dịch vụ khám bệnh, chữa bệnh không thuộc danh mục thanh toán của Quỹ bảo hiểm y tế mà không phải là dịch vụ khám bệnh, chữa bệnh theo yêu cầu tại các cơ sở khám bệnh, chữa bệnh công lập thuộc thành phố Đà Nẵng",
bhyt,156969,166391,Căn cứ,True,False,False,Nghị quyết số 61/2022/NQ-HĐND Về việc Quy định hỗ trợ kinh phí đóng Bảo hiểm y tế đối với một số nhóm đối tượng có đăng ký thường trú trên địa bàn tỉnh Ninh Bình,
bhyt,145237,139878,Căn cứ,True,False,False,Nghị quyết số 18/2020/NQ-HĐND Quy định mức hỗ trợ 30% mức đóng bảo hiểm y tế cho người thuộc hộ gia đình nghèo đa chiều và người thuộc hộ gia đình cận nghèo trên địa bàn tỉnh An Giang,
bhyt,155449,27624,Căn cứ,True,False,False,Nghị quyết số 03/2022/NQ-HĐND Quy định mức giá dịch vụ xét nghiệm SARS-CoV-2 (chưa bao gồm sinh phẩm xét nghiệm) không thuộc phạm vi thanh toán của Quỹ bảo hiểm y tế cho các cơ sở y tế công lập trên địa bàn tỉnh Đắk Lắk,
bhyt,155147,132188,Căn cứ,True,False,False,"Quyết định số 18/2022/QĐ-UBND Ban hành Quy định đăng ký khám bệnh, chữa bệnh bảo hiểm y tế ban đầu và chuyển tuyến khám bệnh, chữa bệnh bảo hiểm y tế trên địa bàn tỉnh Ninh Thuận",
bhyt,169914,38018,Dẫn chiếu,False,True,False,,Nghị định số 105/2014/NĐ-CP Quy định chi tiết và hướng dẫn thi hành một số điều của Luật Bảo hiểm y tế
bhyt,13349,10420,Căn cứ,True,False,False,"Quyết định số 119/2001/QĐ-UB về việc thực hiện chế độ bảo hiểm xã hội, bảo hiểm y tế đối với cán bộ y tế cơ sở",
bhyt,140624,36793,Căn cứ,True,False,False,Thông tư số 30/2019/TT-BLĐTBXH Hướng dẫn lập danh sách đối tượng tham gia bảo hiểm y tế do Bộ Lao động - Thương binh và Xã hội quản lý,
"bhyt,vien_phi",173463,167565,Căn cứ,True,False,False,"Nghị quyết số 13/2024/NQ-HĐND Về việc Bãi bỏ các Nghị quyết của Hội đồng nhân dân tỉnh quy định giá dịch vụ khám bệnh, chữa bệnh không thuộc phạm vi thanh toán của Quỹ bảo hiểm y tế trong các cơ sở khám bệnh, chữa bệnh của Nhà nước trên địa bàn tỉnh Bắc Ninh",
bhyt,125165,21002,Căn cứ,True,False,False,"Nghị quyết số 68/2013/QH13 Đẩy mạnh thực hiện chính sách, pháp luật về bảo hiểm y tế, tiến tới bảo hiểm y tế toàn dân",
bhyt,1d556c60-6c7f-11f1-b91c-27b446b9fd99,179711,Căn cứ,False,True,False,,Nghị định số 188/2025/NĐ-CP hướng dẫn Luật Bảo hiểm y tế
bhyt,155449,32610,Căn cứ,True,False,False,Nghị quyết số 03/2022/NQ-HĐND Quy định mức giá dịch vụ xét nghiệm SARS-CoV-2 (chưa bao gồm sinh phẩm xét nghiệm) không thuộc phạm vi thanh toán của Quỹ bảo hiểm y tế cho các cơ sở y tế công lập trên địa bàn tỉnh Đắk Lắk,
bhyt,156562,25170,Căn cứ,True,False,False,Nghị quyết số 13/2022/NQ-HĐND Về việc Quy định giá dịch vụ xét nghiệm SARS-CoV-2 không thuộc phạm vi thanh toán của Quỹ bảo hiểm y tế tại các cơ sở y tế của Nhà nước thuộc tỉnh Thừa Thiên Huế,
bhyt,28013,12326,"Quy định chi tiết, hướng dẫn thi hành",True,False,False,Thông tư số 178/2012/TT-BTC Hướng dẫn kế toán áp dụng cho Bảo hiểm xã hội Việt Nam,
bhyt,170853,146606,Căn cứ,True,False,False,"Nghị định số 63/2024/NĐ-CP Quy định việc thực hiện liên thông điện tử 02 nhóm thủ tục hành chính: Đăng ký khai sinh, đăng ký thường trú, cấp thẻ bảo hiểm y tế cho trẻ em dưới 6 tuổi; đăng ký khai tử, xóa đăng ký thường trú, giải quyết mai táng phí, tử tuất",
bhyt,181847,93200,"Quy định chi tiết, hướng dẫn thi hành",True,False,False,"Nghị định số 233/2025/NĐ-CP Quy định cơ chế tài chính về bảo hiểm xã hội, bảo hiểm thất nghiệp, bảo hiểm y tế; chi tổ chức và hoạt động bảo hiểm xã hội, bảo hiểm thất nghiệp, bảo hiểm y tế",
bhyt,67295,14834,"Quy định chi tiết, hướng dẫn thi hành",True,False,False,"Thông tư liên tịch số 05/2015/TTLT-BTP-BCA-BYT Hướng dẫn thực hiện liên thông các thủ tục hành chính về đăng ký khai sinh, đăng ký thường trú, cấp thẻ bảo hiểm y tế cho trẻ em dưới 6 tuổi",
bhyt,173064,168125,Căn cứ,True,False,False,"Nghị quyết số 31/2024/NQ-HĐND Về việc bãi bỏ Nghị quyết số 04/2024/NQ-HĐND ngày 21 tháng 5 năm 2024 của Hội đồng nhân dân tỉnh quy định giá cụ thể dịch vụ khám bệnh, chữa bệnh không thuộc danh mục do quỹ bảo hiểm y tế thanh toán mà không phải là dịch vụ khám bệnh, chữa bệnh theo yêu cầu đối với các cơ sở khám bệnh, chửa bệnh của Nhà nước trên địa bàn tỉnh Long An",
bhyt,159070,166391,Căn cứ,True,False,False,"Nghị quyết số 34/2022/NQ-HĐND Quy định việc hỗ trợ đóng bảo hiểm xã hội và bảo hiểm y tế cho ấp (khu) đội trưởng, người hoạt động không chuyên trách ở ấp, khu phố và người trực tiếp tham gia công việc ở ấp, khu phố trên địa bàn tỉnh Kiên Giang",
bhyt,0682b030-84d3-11f1-8e08-0594f352574d,179427,Căn cứ,True,False,False,Nghị quyết số 60/2026/NQ-HĐND Quy định mức hỗ trợ đóng bảo hiểm y tế trên địa bàn tỉnh Quảng Ngãi,
bhyt,185662,36793,Căn cứ,True,False,False,Nghị quyết số 43/2025/NQ-HĐND Quy định mức hỗ trợ đóng bảo hiểm y tế cho một số đối tượng trên địa bàn tỉnh Tuyên Quang,
"bhyt,vien_phi",186215,175440,Căn cứ,True,False,False,"Nghị quyết số 36/2025/NQ-HĐND Bãi bỏ Nghị quyết số 29/2024/NQ-HĐND ngày 30 tháng 12 năm 2024 của Hội đồng nhân dân tỉnh Bạc Liêu quy định giá dịch vụ khám bệnh, chữa bệnh do quỹ bảo hiểm y tế thanh toán; giá dịch vụ khám bệnh, chữa bệnh do Ngân sách nhà nước thanh toán; giá dịch vụ khám bệnh, chữa bệnh không thuộc danh mục do quỹ bảo hiểm y tế thanh toán mà không phải là dịch vụ khám bệnh, chữa bệnh theo yêu cầu đối với các cơ sở khám bệnh, chữa bệnh của Nhà nước trên địa bàn tỉnh Bạc Liêu",
bhyt,184708,163881,Tạm ngưng hiệu lực,True,False,False,"Nghị quyết số 57/2025/NQ-HĐND Quy định chính sách hỗ trợ mức đóng bảo hiểm y tế cho các nhóm đối tượng xã hội đang thường trú trên địa bàn thành phố Hải Phòng, giai đoạn 2026 - 2030",
bhyt,176101,154030,Thay thế,True,False,True,"Nghị quyết số 28/2024/NQ-HĐND Quy định giá cụ thể dịch vụ khám bệnh, chữa bệnh thuộc danh mục do quỹ bảo hiểm y tế thanh toán, giá cụ thể dịch vụ khám bệnh, chữa bệnh do ngân sách nhà nước thanh toán, giá cụ thể dịch vụ khám bệnh, chữa bệnh không thuộc danh mục do quỹ bảo hiểm y tế thanh toán mà không phải là dịch vụ khám bệnh, chữa bệnh theo yêu cầu đối với các cơ sở khám bệnh, chữa bệnh của Nhà nước trên địa bàn tỉnh Hà Nam quản lý thuộc phạm vi được phân quyền",
bhyt,c55da810-6b93-11f1-ae50-93204d3d31ff,179501,Căn cứ,True,False,False,"Thông tư số 116/2025/TT-BTC Hướng dẫn thực hiện cơ chế tài chính về bảo hiểm xã hội, bảo hiểm thất nghiệp, bảo hiểm y tế; chi tổ chức và hoạt động bảo hiểm xã hội, bảo hiểm thất nghiệp, bảo hiểm y tế",
bhyt,127519,70800,Căn cứ,True,False,False,Quyết định số Số: 10/2018/QĐ-UBND Quy định mức hỗ trợ đóng bảo hiểm y tế cho người thuộc hộ gia đình nghèo đa chiều thiếu hụt dịch vụ xã hội cơ bản khác (không bị thiếu hụt bảo hiểm y tế) trên địa bàn tỉnh Điện Biên,
bhyt,185164,172923,Căn cứ,False,True,False,,Luật Bảo hiểm y tế sửa đổi 2024 số Luật số 51/2024/QH15
bhyt,147221,179736,Văn bản quy định hết hiệu lực,False,True,False,,"Thông tư số 27/2025/TT-BYT quy định nguyên tắc, tiêu chí xây dựng, cập nhật, ghi thông tin, cấu trúc danh mục và hướng dẫn thanh toán đối với thuốc dược liệu, thuốc có kết hợp dược chất với các dược liệu, thuốc cổ truyền, dược liệu thuộc phạm vi được hưởng của người tham gia bảo hiểm y tế do Bộ trưởng Bộ Y tế ban hành"
bhyt,150222,103581,Căn cứ,True,False,False,"Quyết định số 29/2021/QĐ-UBND Bãi bỏ Quyết định số 1202/2008/QĐ-UBND ngày 14 tháng 7 năm 2008 của Ủy ban nhân dân tỉnh Cao Bằng ban hành Quy định về chế độ tiền công, chế độ bảo hiểm xã hội, bảo hiểm y tế, chế độ bồi thường tai nạn lao động, chế độ tiền thưởng đối với huấn luyện viên, vận động viên thể thao của tỉnh Cao Bằng",
bhyt,185306,165935,Bãi bỏ,True,False,True,Nghị quyết số 75/2025/NQ-HĐND Quy định mức hỗ trợ đóng bảo hiểm y tế cho người bệnh phong tại Bệnh viện Bến Sắn; trẻ em và người có hoàn cảnh khó khăn trên địa bàn Thành phố Hồ Chí Minh,
bhyt,175447,166456,Căn cứ,True,False,False,Nghị quyết số 05/2025/NQ-HĐND Quy định chính sách hỗ trợ 100% mức đóng bảo hiểm y tế theo hộ gia đình đối với người từ đủ 60 tuổi đến dưới 75 tuổi thuộc hộ cận nghèo và hộ có mức sống trung bình theo chuẩn thành phố trên địa bàn thành phố Đà Nẵng,
bhyt,155764,70807,Căn cứ,True,False,False,Nghị quyết số 07/2022/NQ-HĐND Về việc quy định mức hỗ trợ kinh phí mua thẻ bảo hiểm y tế cho người thuộc hộ cận nghèo trên địa bàn tỉnh Khánh Hòa giai đoạn 2022-2025,
bhyt,c55da810-6b93-11f1-ae50-93204d3d31ff,110946,Bãi bỏ,True,False,True,"Thông tư số 116/2025/TT-BTC Hướng dẫn thực hiện cơ chế tài chính về bảo hiểm xã hội, bảo hiểm thất nghiệp, bảo hiểm y tế; chi tổ chức và hoạt động bảo hiểm xã hội, bảo hiểm thất nghiệp, bảo hiểm y tế",
bhyt,129005,70811,"Quy định chi tiết, hướng dẫn thi hành",True,False,False,Thông tư số 56/2017/TT-BYT quy định chi tiết thi hành Luật bảo hiểm xã hội và Luật an toàn vệ sinh lao động thuộc lĩnh vực y tế,
bhyt,17873,18312,Căn cứ,True,False,False,Quyết định số 196/2005/QĐ-TTg Về việc thành lập Vụ Bảo hiểm y tế thuộc Bộ Y tế,
bhyt,173888,70800,Căn cứ,True,False,False,Quyết định số 134/2024/QĐ-UBND Bãi bỏ Quyết định số 51/2015/QĐ-UBND ngày 13 tháng 11 năm 2015 của Ủy ban nhân dân Thành phố Hồ Chí Minh về ban hành quy trình thực hiện cấp thẻ Bảo hiểm y tế cho các đối tượng bảo trợ xã hội tại cộng đồng trên địa bàn Thành phố Hồ Chí Minh,
bhyt,161822,70819,Căn cứ,True,False,False,"Quyết định số 38/2023/QĐ-UBND Sửa đổi, bổ sung một số điều của Quyết định số 36/2018/QĐ-UBND ngày 13/6/2018 của Ủy ban nhân dân tỉnh Thừa Thiên Huế quy định mức hỗ trợ kinh phí đóng bảo hiểm y tế và chi phí cùng chi trả đối với thuốc kháng vi rút HIV (ARV) cho người nhiễm HIV/AIDS trên địa bàn tỉnh Thừa Thiên Huế",
bhyt,140624,92948,Dẫn chiếu,True,False,False,Thông tư số 30/2019/TT-BLĐTBXH Hướng dẫn lập danh sách đối tượng tham gia bảo hiểm y tế do Bộ Lao động - Thương binh và Xã hội quản lý,
bhyt,185356,126246,Thay thế,True,False,True,Nghị quyết số '26/2025/NQ-HĐND Quy định mức hỗ trợ đóng bảo hiểm y tế cho một số đối tượng trên địa bàn thành phố Cần Thơ,
bhyt,167934,135466,Căn cứ,False,True,False,,"Thông tư số 27/2018/TT-BYT Hướng dẫn thực hiện bảo hiểm y tế và khám bệnh, chữa bệnh liên quan đến HIV/AIDS"
bhyt,171885,132188,Căn cứ,True,False,False,"Thông tư 39/2024/TT-BYT sửa đổi Thông tư 35/2016/TT-BYT về Danh mục và tỷ lệ, điều kiện thanh toán đối với dịch vụ kỹ thuật y tế thuộc phạm vi được hưởng của người tham gia bảo hiểm y tế do Bộ trưởng Bộ Y tế ban hành",
bhyt,156404,156169,Căn cứ,True,True,False,"Quyết định số 49/2022/QĐ-UBND Quy định mức giá dịch vụ xét nghiệm SARS-CoV-2 trong trường hợp không thuộc phạm vi thanh toán của Quỹ bảo hiểm y tế tại các cơ sở khám bệnh, chữa bệnh công lập thuộc tỉnh Ninh Thuận","Nghị quyết số 12/2022/NQ-HĐND Quy định mức giá dịch vụ xét nghiệm SARS-CoV-2 trong trường hợp không thuộc phạm vi thanh toán của Quỹ bảo hiểm y tế tại các cơ sở khám bệnh, chữa bệnh công lập thuộc tỉnh Ninh Thuận"
bhyt,121610,92948,Căn cứ,True,False,False,Quyết định số 06/2017/QĐ-UBND Quy định mức hỗ trợ đóng bảo hiểm y tế cho người thuộc hộ gia đình cận nghèo trên địa bàn tỉnh Ninh Thuận năm 2017,
bhyt,38018,92520,"Văn bản HD, QĐ chi tiết",True,False,False,Nghị định số 105/2014/NĐ-CP Quy định chi tiết và hướng dẫn thi hành một số điều của Luật Bảo hiểm y tế,
"bhyt,vien_phi",166698,172835,Văn bản quy định hết hiệu lực,False,True,False,,"Nghị quyết số 25/2024/NQ-HĐND Bãi bỏ Nghị quyết số 03/2024/NQ-HĐND ngày 28/3/2024 của Hội đồng nhân dân tỉnh Bắc Kạn quy định giá dịch vụ khám bệnh, chữa bệnh không thuộc phạm vi thanh toán của Quỹ Bảo hiểm y tế trong các cơ sở khám bệnh, chữa bệnh của nhà nước thuộc tỉnh Bắc Kạn quản lý và mức giá dịch vụ khám bệnh, chữa bệnh trong một số trường hợp"
bhyt,40357,14804,"Quy định chi tiết, hướng dẫn thi hành",True,False,False,Quyết định số 1005/QĐ-BHXH Về việc sửa đổi bổ sung một số điểm tại quy định về tổ chức thực hiện chế độ KCB bảo hiểm y tế ban hành kèm theo Quyết định số 2559/QĐ-BHXH ngày 27/9/2005 Của Tổng Giám đốc Bảo hiểm xã hội Việt Nam,
bhyt,143761,70819,Căn cứ,True,False,False,"Quyết định số 37/2020/QĐ-UBND Về việc bãi bỏ Quyết định số 28/2013/QĐ-UBND ngày 26/7/2013 của UBND tỉnh ban hành quy định phối hợp giải quyết thủ tục hành chính về đăng ký khai sinh, khai tử, bảo hiểm y tế và đăng ký thường trú trên địa bàn tỉnh và Quyết định số 23/2015/QĐ-UBND ngày 01/6/2015 về việc sửa đổi, bổ sung Quyết định số 28/2013/QĐ-UBND ngày 26/7/2013 của UBND tỉnh",
bhyt,a58d0900-6ae3-11f1-9463-4ba9a7c0cbbb,179711,Căn cứ,True,True,False,"Nghị quyết số 17/2026/NQ-HĐND Sửa đổi, bổ sung một số điều của nghị quyết số 19/2025/NQ-HĐND ngày 09 tháng 7 năm 2025 của Hội đồng nhân dân thành phố Hà Nội quy định nội dung, mức hỗ trợ đóng bảo hiểm xã hội, bảo hiểm y tế cho các đối tượng chính sách xã hội của thành phố Hà Nội",Nghị định số 188/2025/NĐ-CP hướng dẫn Luật Bảo hiểm y tế
bhyt,12325,11234,Căn cứ,True,False,False,Lệnh số 23/2008/L-CTN Về việc công bố Luật,
bhyt,177933,177785,Căn cứ,True,False,False,"Nghị quyết số 04/2025/NQ-HĐND Hỗ trợ mức đóng bảo hiểm y tế và chi phí cùng chi trả đối với thuốc kháng vi-rút HIV cho người nhiễm HIV/AIDS đang điều trị tại các cơ sở khám, chữa bệnh công lập thuộc mạng lưới phòng, chống HIV/AIDS của tỉnh Khánh Hòa",
bhyt,166928,139878,Căn cứ,True,False,False,Nghị quyết số 288/2022/NQ-HĐND Quy định mức giá dịch vụ xét nghiệm SARS-CoV-2 (chưa bao gồm sinh phẩm xét nghiệm phản ứng) do cơ sở y tế của Nhà nước thực hiện không thuộc phạm vi thanh toán của Quỹ bảo hiểm y tế trên địa bàn tỉnh Thanh Hoá,
bhyt,6538c270-83f9-11f1-bdde-91b39b676347,8619b9a0-5e55-11f1-8e5a-2929924511d6,Căn cứ,False,True,False,,"Nghị định 02/2025/NĐ-CP Sửa đổi, bổ sung một số điều của nghị định số 146/2018/NĐ-CP ngày 17 tháng 10 năm 2018 của chính phủ quy định chi tiết và hướng dẫn biện pháp thi hành luật bảo hiểm y tể, đã được sửa đổi, bổ sung một số điều tại nghị định số 75/2023/NĐ-CP ngày 19 tháng 10 năm 2023 của chính phủ"
bhyt,106782,38018,Căn cứ,False,True,False,,Nghị định số 105/2014/NĐ-CP Quy định chi tiết và hướng dẫn thi hành một số điều của Luật Bảo hiểm y tế
bhyt,123501,38018,Căn cứ,False,True,False,,Nghị định số 105/2014/NĐ-CP Quy định chi tiết và hướng dẫn thi hành một số điều của Luật Bảo hiểm y tế
bhyt,185037,148955,Căn cứ,True,False,False,"Nghị quyết số 57/2025/NQ-HĐND Quy định chính sách hỗ trợ mức đóng bảo hiểm y tế cho các nhóm đối tượng xã hội đang thường trú trên địa bàn thành phố Hải Phòng, giai đoạn 2026 - 2030",
vien_phi,45773,108433,Căn cứ,True,False,False,"Quyết định số 1169/QĐ-UBND Về giá thu một phần viện phí, lệ phí tại các cơ sở y tế",
bhyt,156562,153632,Căn cứ,True,False,False,Nghị quyết số 13/2022/NQ-HĐND Về việc Quy định giá dịch vụ xét nghiệm SARS-CoV-2 không thuộc phạm vi thanh toán của Quỹ bảo hiểm y tế tại các cơ sở y tế của Nhà nước thuộc tỉnh Thừa Thiên Huế,
bhyt,37028,47690,Dẫn chiếu,False,True,False,,Thông tư liên tịch số 21/2005/TTLT-BYT-BTC Thông tư hướng dẫn thực hiện bảo hiểm y tế bắt buộc
bhyt,152409,151301,Văn bản căn cứ,True,False,False,Nghị quyết số 15/2021/NQ-HĐND Về việc hỗ trợ kinh phí đóng bảo hiểm y tế đối với trẻ em có hoàn cảnh khó khăn đang được nuôi dưỡng tại các cơ sở bảo trợ xã hội ngoài công lập trên địa bàn tỉnh Kiên Giang,
bhyt,184266,173331,Căn cứ,True,False,False,"Nghị quyết số 35/2025/NQ-HĐND Quy định chính sách hỗ trợ tiền ăn thêm, tiền mua bảo hiểm y tế và chi phí sinh hoạt khác đối với một số nhóm đối tượng đang được chăm sóc, nuôi dưỡng tại các đơn vị do Sở Y tế và Sở Nội vụ quản lý",
bhyt,49829,12029,Dẫn chiếu,True,False,False,"Quyết định số 24/2014/QĐ-UBND Ban hành Quy chế phối hợp công tác trong thực hiện pháp luật về bảo hiểm xã hội, bảo hiểm y tế, bảo hiểm thất nghiệp trên địa bàn tỉnh",
bhyt,153741,139878,Căn cứ,True,False,False,"Nghị quyết số 88/2022/NQ-HĐND về ban hành giá dịch vụ xét nghiệm SARC-CoV-2 không thuộc phạm vi thanh toán của quỹ bảo hiểm y tế trong các cơ sở khám bệnh, chữa bệnh của Nhà nước do tỉnh Quảng Ninh quản lý",
bhyt,179736,152960,Dẫn chiếu,True,False,False,"Thông tư số 27/2025/TT-BYT quy định nguyên tắc, tiêu chí xây dựng, cập nhật, ghi thông tin, cấu trúc danh mục và hướng dẫn thanh toán đối với thuốc dược liệu, thuốc có kết hợp dược chất với các dược liệu, thuốc cổ truyền, dược liệu thuộc phạm vi được hưởng của người tham gia bảo hiểm y tế do Bộ trưởng Bộ Y tế ban hành",
bhyt,171885,166456,Căn cứ,True,False,False,"Thông tư 39/2024/TT-BYT sửa đổi Thông tư 35/2016/TT-BYT về Danh mục và tỷ lệ, điều kiện thanh toán đối với dịch vụ kỹ thuật y tế thuộc phạm vi được hưởng của người tham gia bảo hiểm y tế do Bộ trưởng Bộ Y tế ban hành",
bhyt,115018,146838,Văn bản quy định hết hiệu lực,False,True,False,,"Quyết định số Số: 03/2021/QĐ-UBND Quy định mức hỗ trợ đóng bảo hiểm y tế cho người thuộc hộ gia đình cận nghèo, người thuộc hộ gia đình làm nông nghiệp, lâm nghiệp, ngư nghiệp có mức sống trung bình và học sinh, sinh viên trên địa bàn tỉnh Điện Biên"
bhyt,25987,26100,Văn bản bổ sung,True,True,False,"Quyết định số 87/2010/QĐ-TTg Về việc cho doanh nghiệp, người lao động thuộc Tập đoàn Công nghiệp tàu thủy Việt Nam và Tổng công ty Hàng hải Việt Nam vay để chi trả nợ tiền lương, nợ bảo hiểm xã hội, bảo hiểm y tế, bảo hiểm thất nghiệp, trợ cấp thôi việc, trợ cấp mất việc làm, tạo việc làm, học nghề","Quyết định số 02/2011/QĐ-TTg Sửa đổi khoản 1 điều 4 Quyết định số 87/2010/QĐ-TTg ngày 24 tháng 12 năm 2010 của Thủ tướng Chính phủ về việc cho doanh nghiệp, người lao động thuộc Tập đoàn Công nghiệp tàu thủy Việt Nam và Tổng công ty Hàng hải Việt Nam vay để chi trả nợ tiền lương, nợ bảo hiểm xã hội, bảo hiểm y tế, bảo hiểm thất nghiệp, trợ cấp thôi việc, trợ cấp mất việc làm, tạo việc làm, học nghề"
bhyt,149120,150654,Văn bản căn cứ,True,False,False,"Quyết định số 27/2021/QĐ-UBND Bãi bỏ Quyết định số 46/2014/QĐ-UBND ngày 26 tháng 11 năm 2014 của Ủy ban nhân dân tỉnh về việc ban hành Quy chế thực hiện liên thông nhóm thủ tục hành chính thuộc lĩnh vực hộ tịch, bảo hiểm y tế và đăng ký, quản lý cư trú cho trẻ em dưới 6 tuổi của tỉnh Phú Yên",
bhyt,182087,158149,Thay thế,True,False,True,"Thông tư số 81/2025/TT-BCA Quy định biện pháp thực hiện bảo hiểm y tế đối với sĩ quan, hạ sĩ quan, chiến sĩ và học viên Công an nhân dân",
"bhyt,vien_phi",172835,70800,Căn cứ,True,False,False,"Nghị quyết số 25/2024/NQ-HĐND Bãi bỏ Nghị quyết số 03/2024/NQ-HĐND ngày 28/3/2024 của Hội đồng nhân dân tỉnh Bắc Kạn quy định giá dịch vụ khám bệnh, chữa bệnh không thuộc phạm vi thanh toán của Quỹ Bảo hiểm y tế trong các cơ sở khám bệnh, chữa bệnh của nhà nước thuộc tỉnh Bắc Kạn quản lý và mức giá dịch vụ khám bệnh, chữa bệnh trong một số trường hợp",
bhyt,127478,38018,Căn cứ,False,True,False,,Nghị định số 105/2014/NĐ-CP Quy định chi tiết và hướng dẫn thi hành một số điều của Luật Bảo hiểm y tế
bhyt,125855,38018,Căn cứ,True,True,False,Nghị quyết số 35/2017/NQ-HĐND Hỗ trợ kinh phí 30% mệnh giá mua thẻ bảo hiểm y tế cho người thuộc hộ cận nghèo trên địa bàn tỉnh Trà Vinh từ năm 2017 đến năm 2020,Nghị định số 105/2014/NĐ-CP Quy định chi tiết và hướng dẫn thi hành một số điều của Luật Bảo hiểm y tế
bhyt,22796,22843,Căn cứ,True,False,False,Quyết định số 20/2002/QĐ-TTg Về việc chuyển Bảo hiểm Y tế Việt Nam sang Bảo hiểm Xã hội Việt Nam.,
bhyt,175447,147385,Căn cứ,True,False,False,Nghị quyết số 05/2025/NQ-HĐND Quy định chính sách hỗ trợ 100% mức đóng bảo hiểm y tế theo hộ gia đình đối với người từ đủ 60 tuổi đến dưới 75 tuổi thuộc hộ cận nghèo và hộ có mức sống trung bình theo chuẩn thành phố trên địa bàn thành phố Đà Nẵng,
"bhyt,vien_phi",174245,167197,Căn cứ,True,False,False,"Nghị quyết số 26/2024/NQ-HĐND Bãi bỏ Nghị quyết số 04/2024/NQ-HĐND ngày 19 tháng 4 năm 2024 của Hội đồng nhân dân tỉnh An Giang quy định mức giá dịch vụ khám bệnh, chữa bệnh không thuộc phạm vi thanh toán của Quỹ bảo hiểm y tế mà không phải là đối tượng khám bệnh, chữa bệnh theo yêu cầu tạ",
bhyt,51097,23777,"Quy định chi tiết, hướng dẫn thi hành",True,False,False,"Nghị quyết số 52/2012/NQ-HĐND Về quy định mức trợ cấp ngày công lao động, hỗ trợ tiền ăn cho lực lượng dân quân khi thực hiện nhiệm vụ và chế độ bảo hiểm y tế cho lực lượng dân quân thường trực trên địa bàn tỉnh Quảng Nam",
bhyt,57553,56633,Dẫn chiếu,True,False,False,Chỉ thị số 30/2005/CT-UBND Về việc tăng cường thực hiện Bảo hiểm Y tế tự nguyện,
bhyt,79102,179772,"Văn bản HD, QĐ chi tiết",False,True,False,,"Thông tư số 63/2025/TT-BQP Quy định, hướng dẫn thực hiện một số điều của Nghị định số 70/2015/NĐ-CP ngày 01 tháng 9 năm 2015 của Chính phủ quy định chi tiết và hướng dẫn thi hành một số điều của Luật Bảo hiểm y tế đối với quân đội nhân dân, công an nhân dân và người làm công tác cơ yếu; Nghị định số 74/2025/NĐ-CP ngày 31 tháng 3 năm 2025 sửa đổi, bổ sung một số điều của Nghị định số 70/2015/NĐ-CP ngày 01 tháng 9 năm 2015 của Chính phủ"
bhyt,40977,24549,"Quy định chi tiết, hướng dẫn thi hành",True,False,False,"Quyết định số 82/QĐ-BHXH Ban hành quy định về tổ chức thực hiện hợp đồng khám chữa bệnh, giám định chi trả chi phí khám, chữa bệnh, quản lý và sử dụng quỹ bảo hiểm ý tế",
bhyt,84439,18433,Dẫn chiếu,True,False,False,"Quyết định số 30/2014/QĐ-UBND Ban hành quy định việc quản lý, cấp phát thẻ Bảo hiểm y tế cho các đối tượng được ngân sách Nhà nước đóng, hỗ trợ tiền đóng Bảo hiểm y tế trên địa bàn tỉnh Bình Thuận",
bhyt,157778,166391,Căn cứ,True,False,False,Nghị quyết số 105/2022/NQ-HĐND Quy định mức hỗ trợ đóng bảo hiểm y tế cho nhóm đối tượng trên địa bàn tỉnh Nam Định,
bhyt,13349,9972,Căn cứ,True,False,False,"Quyết định số 119/2001/QĐ-UB về việc thực hiện chế độ bảo hiểm xã hội, bảo hiểm y tế đối với cán bộ y tế cơ sở",
bhyt,49482,11802,Dẫn chiếu,True,True,False,"Quyết định số 104/2009/QĐ-UBND Về việc phân công, phân cấp quản lý mua, cấp phát thẻ bảo hiểm y tế cho các đối tượng được Ngân sách Nhà nước đảm bảo trên địa bàn tỉnh Nghệ An",Quyết định số 170/2008/QĐ-TTg Về chế độ bảo hiểm y tế và trợ cấp mai táng đối với thanh niên xung phong thời kỳ kháng chiến chống Pháp
bhyt,173723,172923,Căn cứ,False,True,False,,Luật Bảo hiểm y tế sửa đổi 2024 số Luật số 51/2024/QH15
bhyt,100267,101948,Thay thế,True,False,True,"Quyết định số 25/2015/QĐ-UBND Ban hành Quy định đăng ký khám bệnh, chữa bệnh ban đầu và chuyển tuyến khám bệnh, chữa bệnh bảo hiểm y tế trên địa bàn tỉnh Ninh Thuận",
bhyt,84439,11735,Căn cứ,True,False,False,"Quyết định số 30/2014/QĐ-UBND Ban hành quy định việc quản lý, cấp phát thẻ Bảo hiểm y tế cho các đối tượng được ngân sách Nhà nước đóng, hỗ trợ tiền đóng Bảo hiểm y tế trên địa bàn tỉnh Bình Thuận",
bhyt,187533,176730,Căn cứ,True,False,False,Nghị quyết số 09/2026/NQ-HĐND Quy định mức hỗ trợ đóng bảo hiểm y tế cho một số đối tượng trên địa bàn tỉnh Điện Biên,
bhyt,184266,166311,Thay thế,True,False,True,"Nghị quyết số 35/2025/NQ-HĐND Quy định chính sách hỗ trợ tiền ăn thêm, tiền mua bảo hiểm y tế và chi phí sinh hoạt khác đối với một số nhóm đối tượng đang được chăm sóc, nuôi dưỡng tại các đơn vị do Sở Y tế và Sở Nội vụ quản lý",
bhyt,114192,38018,Căn cứ,False,True,False,,Nghị định số 105/2014/NĐ-CP Quy định chi tiết và hướng dẫn thi hành một số điều của Luật Bảo hiểm y tế
bhyt,172977,70800,Căn cứ,True,False,False,Nghị quyết số 110/2024/NQ-HĐND Bãi bỏ các Nghị quyết của Hội đồng nhân dân tỉnh Gia Lai,
bhyt,81695,12326,Căn cứ,True,False,False,Quyết định số 28/2015/QĐ-UBND Về việc hỗ trợ mua bảo hiểm y tế cho cộng tác viên Dân số - Kế hoạch hóa gia đình giai đoạn 2016 - 2020 trên địa bàn tỉnh Bình Dương,
bhyt,52541,20068,Căn cứ,True,False,False,"Quyết định số 3929/2005/QĐ-UBND V/v ban hành kế hoạch thực hiện "" Lộ trình tiến tới bảo hiểm y tế toàn dân vào năm 2010""",
bhyt,83c773d0-64b9-11f1-9b44-bbe6b0239ff6,179427,Căn cứ,True,False,False,Nghị quyết số 08/2026/NQ-HĐND Quy định mức hỗ trợ đóng bảo hiểm y tế cho người có uy tín trong đồng bào dân tộc thiểu số không thuộc đối tượng đã được ngân sách nhà nước đóng và hỗ trợ đóng bảo hiểm y tế trên địa bàn tỉnh An Giang,
"bhyt,vien_phi",144093,132181,Căn cứ,True,False,False,"Quyết định số 36/2020/QĐ-UBND Về việc bãi bỏ Quyết định số 24/2017/QĐ-UBND ngày 21/8/2017 của Ủy ban nhân dân tỉnh về việc Quy định mức giá dịch vụ khám bệnh, chữa bệnh không thuộc phạm vi thanh toán của Quỹ bảo hiểm y tế trong các cơ sở khám bệnh, chữa bệnh của Nhà nước trên địa bàn tỉnh Lạng Sơn",
bhyt,aab8d490-6543-11f1-9a32-d1e78b0240e4,179427,Căn cứ,True,False,False,Quy định hỗ trợ đóng bảo hiểm y tế và chính sách hỗ trợ một phần kinh phí phục vụ công tác thông tin tuyên truyền cho người có uy tín trong đồng bào dân tộc thiểu số trên địa bàn tỉnh Vĩnh Long,
bhyt,185204,179711,Căn cứ,True,True,False,"Nghị quyết số 91/2025/NQ-HĐND Quy định chính sách hỗ trợ đóng bảo hiểm y tế cho một số nhóm đối tượng trên địa bàn tỉnh Quảng Ninh, giai đoạn 2026-2030",Nghị định số 188/2025/NĐ-CP hướng dẫn Luật Bảo hiểm y tế
"bhyt,vien_phi",167742,168125,Căn cứ,True,False,False,"Nghị quyết số số 11/2024/NQ-HĐND Quy định mức giá dịch vụ khám bệnh, chữa bệnh không thuộc phạm vi thanh toán của Quỹ bảo hiểm y tế nhưng không phải là dịch vụ khám bệnh, chữa bệnh theo yêu cầu trong các cơ sở khám bệnh, chữa bệnh của Nhà nước thuộc tỉnh Quảng Nam",
bhyt,177832,137283,Căn cứ,True,False,False,"Thông tư số 99/2024/TT-BCA Quy định đăng ký khám bệnh, chữa bệnh bảo hiểm y tế ban đầu và chuyển người bệnh giữa các cơ sở khám bệnh, chữa bệnh thuộc Bộ Công an",
bhyt,51097,20068,Căn cứ,True,False,False,"Nghị quyết số 52/2012/NQ-HĐND Về quy định mức trợ cấp ngày công lao động, hỗ trợ tiền ăn cho lực lượng dân quân khi thực hiện nhiệm vụ và chế độ bảo hiểm y tế cho lực lượng dân quân thường trực trên địa bàn tỉnh Quảng Nam",
bhyt,49760,49759,Dẫn chiếu,True,False,False,"Chỉ thị số 29/2012/CT-UBND Về việc tăng cường trách nhiệm trong sử dụng, quản lý quỹ Bảo hiểm y tế",
vien_phi,65855,22443,Căn cứ,True,False,False,Quyết định số 2758/QĐ-UBND V/v bổ sung danh mục và mức giá thu một phần viện phí Đo mật độ xương tại các cơ sở khám chữa bênh trên đia bàn tỉnh,
"bhyt,vien_phi",174245,139878,Căn cứ,True,False,False,"Nghị quyết số 26/2024/NQ-HĐND Bãi bỏ Nghị quyết số 04/2024/NQ-HĐND ngày 19 tháng 4 năm 2024 của Hội đồng nhân dân tỉnh An Giang quy định mức giá dịch vụ khám bệnh, chữa bệnh không thuộc phạm vi thanh toán của Quỹ bảo hiểm y tế mà không phải là đối tượng khám bệnh, chữa bệnh theo yêu cầu tạ",
bhyt,153608,151987,Bãi bỏ,True,False,True,"Nghị quyết số 11/2022/NQ-HĐND Quy định giá dịch vụ xét nghiệm SARS-CoV-2 trong trường hợp không thuộc phạm vi thanh toán của Quỹ bảo hiểm y tế tại các cơ sở khám bệnh, chữa bệnh của Nhà nước trên địa bàn tỉnh Ninh Bình",
bhyt,34367,35491,Văn bản căn cứ,True,False,False,Quyết định số 1231/QĐ-TCCQ Về việc thành lập Hội đồng quản trị Bảo hiểm y tế thành phố Hải Phòng,
bhyt,172923,179711,"Văn bản HD, QĐ chi tiết",True,True,False,Luật Bảo hiểm y tế sửa đổi 2024 số Luật số 51/2024/QH15,Nghị định số 188/2025/NĐ-CP hướng dẫn Luật Bảo hiểm y tế
bhyt,267ffff0-6647-11f1-b01e-8bc328b4d0e9,168125,Căn cứ,True,False,False,Nghị quyết số 14/2026/NQ-HĐND Nghị quyết quy định chính sách hỗ trợ an sinh xã hội cho người dân thủ đô,
bhyt,2056a200-7691-11f1-8e36-d556180f97e7,179711,Căn cứ,False,True,False,,Nghị định số 188/2025/NĐ-CP hướng dẫn Luật Bảo hiểm y tế
"bhyt,vien_phi",184589,179427,Căn cứ,True,False,False,"Nghị quyết số 68/2025/NQ-HĐND Quy định mức hỗ trợ đóng bảo hiểm y tế cho các đối tượng cao hơn mức hỗ trợ tối thiểu; đối tượng được hỗ trợ và mức hỗ trợ cùng chi trả chi phí khám bệnh, chữa bệnh bảo hiểm y tế cho người tham gia bảo hiểm y tế khi đi khám bệnh, chữa bệnh trên địa bàn tỉnh Lâm Đồng",
"bhyt,vien_phi",173176,166391,Căn cứ,True,False,False,"Nghị quyết số 68/2024/NQ-HĐND Quy định giá dịch vụ khám bệnh, chữa bệnh thuộc danh mục thanh toán của Quỹ bảo hiểm y tế, giá dịch vụ khám bệnh, chữa bệnh do ngân sách nhà nước thanh toán và giá dịch vụ khám bệnh, chữa bệnh không thuộc danh mục thanh toán của Quỹ bảo hiểm y tế mà không phải là dịch vụ khám bệnh, chữa bệnh theo yêu cầu tại các cơ sở khám bệnh, chữa bệnh công lập thuộc thành phố Đà Nẵng",
"bhyt,vien_phi",173621,168128,Căn cứ,True,False,False,"Nghị quyết số 40/2024/NQ-HĐND Bãi bỏ Nghị quyết số 01/2024/NQ-HĐND ngày 19 tháng 01 năm 2024 của Hội đồng nhân dân tỉnh Đồng Nai quy định giá dịch vụ khám bệnh, chữa bệnh không thuộc phạm vi thanh toán của Quỹ bảo hiểm y tế trong các cơ sở khám bệnh, chữa bệnh của Nhà nước trên địa bàn tỉnh Đồng Nai",
bhyt,155518,32610,Căn cứ,True,False,False,Nghị quyết số 10/2022/NQ-HĐND Quy định mức giá dịch vụ xét nghiệm SARS-CoV-2 bao gồm chi phí trực tiếp và chi phí tiền lương (chưa bao gồm sinh phẩm xét nghiệm phản ứng) trong trường hợp không thuộc phạm vi thanh toán của Quỹ bảo hiểm y tế trên địa bàn tỉnh An Giang,
bhyt,127519,124961,Dẫn chiếu,True,False,False,Quyết định số Số: 10/2018/QĐ-UBND Quy định mức hỗ trợ đóng bảo hiểm y tế cho người thuộc hộ gia đình nghèo đa chiều thiếu hụt dịch vụ xã hội cơ bản khác (không bị thiếu hụt bảo hiểm y tế) trên địa bàn tỉnh Điện Biên,
bhyt,12326,172923,Văn bản bổ sung,False,True,False,,Luật Bảo hiểm y tế sửa đổi 2024 số Luật số 51/2024/QH15
bhyt,137956,171885,Văn bản bổ sung,False,True,False,,"Thông tư 39/2024/TT-BYT sửa đổi Thông tư 35/2016/TT-BYT về Danh mục và tỷ lệ, điều kiện thanh toán đối với dịch vụ kỹ thuật y tế thuộc phạm vi được hưởng của người tham gia bảo hiểm y tế do Bộ trưởng Bộ Y tế ban hành"
"bhyt,vien_phi",165940,173283,Văn bản quy định hết hiệu lực,False,True,False,,"Nghị quyết số 30/2024/NQ-HĐND Bãi bỏ Nghị quyết số 39/2023/NQ-HĐND ngày 08 tháng 12 năm 2023 của Hội đồng nhân dân Thành phố quy định giá dịch vụ khám bệnh, chữa bệnh không thuộc phạm vi thanh toán của Quỹ Bảo hiểm y tế trong các cơ sở khám bệnh, chữa bệnh của Nhà nước thuộc Thành phố Hồ Chí Minh quản lý và mức giá dịch vụ khám bệnh, chữa bệnh trong một số trường hợp"
bhyt,185767,179427,Căn cứ,True,False,False,"Nghị quyết số 53/2025/NQ-HĐND Quy định chính sách hỗ trợ mức đóng bảo hiểm xã hội cho người tham gia bảo hiểm xã hội tự nguyện, bảo hiểm y tế trên địa bàn thành phố Huế giai đoạn 2026 - 2030",
bhyt,83c773d0-64b9-11f1-9b44-bbe6b0239ff6,182511,Căn cứ,True,False,False,Nghị quyết số 08/2026/NQ-HĐND Quy định mức hỗ trợ đóng bảo hiểm y tế cho người có uy tín trong đồng bào dân tộc thiểu số không thuộc đối tượng đã được ngân sách nhà nước đóng và hỗ trợ đóng bảo hiểm y tế trên địa bàn tỉnh An Giang,
bhyt,187290,172923,Căn cứ,False,True,False,,Luật Bảo hiểm y tế sửa đổi 2024 số Luật số 51/2024/QH15
bhyt,155298,103581,Căn cứ,True,False,False,"Nghị quyết số 65/2022/NQ-HĐND Quy định mức giá dịch vụ xét nghiệm SARS-CoV-2 không thuộc phạm vi thanh toán của Quỹ bảo hiểm y tế (chưa bao gồm chi phí sinh phẩm xét nghiệm SARS-CoV-2) tại cơ sở khám bệnh, chữa bệnh của Nhà nước trên địa bàn tỉnh Hà Tĩnh",
bhyt,145559,36793,Căn cứ,True,False,False,Nghị quyết số 332/2020/NQ-HĐND Quy định mức hỗ trợ từ ngân sách nhà nước đóng bảo hiểm y tế cho một số đối tượng trên địa bàn tỉnh Hưng Yên giai đoạn 2021 - 2025,
bhyt,172923,166269,Dẫn chiếu,True,False,False,Luật Bảo hiểm y tế sửa đổi 2024 số Luật số 51/2024/QH15,
bhyt,181847,140564,"Quy định chi tiết, hướng dẫn thi hành",True,False,False,"Nghị định số 233/2025/NĐ-CP Quy định cơ chế tài chính về bảo hiểm xã hội, bảo hiểm thất nghiệp, bảo hiểm y tế; chi tổ chức và hoạt động bảo hiểm xã hội, bảo hiểm thất nghiệp, bảo hiểm y tế",
bhyt,152609,173389,Văn bản quy định hết hiệu lực,False,True,False,,Nghị quyết số 42/2024/NQ-HĐND Về hỗ trợ chi phí mua thẻ bảo hiểm y tế cho người nhiễm HIV/AIDS và hỗ trợ chi phí cùng chi trả thuốc kháng vi rút HIV cho người nhiễm HIV/AIDS có thẻ bảo hiểm y tế trên địa bàn Thành phố Hồ Chí Minh
bhyt,38018,98445,"Văn bản HD, QĐ chi tiết",True,False,False,Nghị định số 105/2014/NĐ-CP Quy định chi tiết và hướng dẫn thi hành một số điều của Luật Bảo hiểm y tế,
bhyt,179920,177785,Căn cứ,True,False,False,"Nghị quyết số 19/2025/NQ-HĐND Quy định nội dung, mức hỗ trợ đóng bảo hiểm xã hội tự nguyện, bảo hiểm y tế cho các đối tượng chính sách xã hội của thành phố Hà Nội (Thực hiện điểm a, điểm b khoản 3, khoản 4 Điều 27 Luật Thủ đô)",
bhyt,184708,178340,Căn cứ,True,False,False,"Nghị quyết số 57/2025/NQ-HĐND Quy định chính sách hỗ trợ mức đóng bảo hiểm y tế cho các nhóm đối tượng xã hội đang thường trú trên địa bàn thành phố Hải Phòng, giai đoạn 2026 - 2030",
bhyt,175447,103581,Căn cứ,True,False,False,Nghị quyết số 05/2025/NQ-HĐND Quy định chính sách hỗ trợ 100% mức đóng bảo hiểm y tế theo hộ gia đình đối với người từ đủ 60 tuổi đến dưới 75 tuổi thuộc hộ cận nghèo và hộ có mức sống trung bình theo chuẩn thành phố trên địa bàn thành phố Đà Nẵng,
bhyt,156562,27624,Căn cứ,True,False,False,Nghị quyết số 13/2022/NQ-HĐND Về việc Quy định giá dịch vụ xét nghiệm SARS-CoV-2 không thuộc phạm vi thanh toán của Quỹ bảo hiểm y tế tại các cơ sở y tế của Nhà nước thuộc tỉnh Thừa Thiên Huế,
"bhyt,vien_phi",141428,27863,"Quy định chi tiết, hướng dẫn thi hành",True,False,False,"Nghị quyết số 08/2019/NQ-HĐND Quy định giá dịch vụ khám bệnh, chữa bệnh không thuộc phạm vi thanh toán của Quỹ bảo hiểm y tế tại các cơ sở khám bệnh, chữa bệnh của Nhà nước do địa phương quản lý",
bhyt,c55da810-6b93-11f1-ae50-93204d3d31ff,142537,Bãi bỏ,True,False,True,"Thông tư số 116/2025/TT-BTC Hướng dẫn thực hiện cơ chế tài chính về bảo hiểm xã hội, bảo hiểm thất nghiệp, bảo hiểm y tế; chi tổ chức và hoạt động bảo hiểm xã hội, bảo hiểm thất nghiệp, bảo hiểm y tế",
bhyt,147940,103581,Căn cứ,True,False,False,"Quyết định số Số: 09/2021/QĐ-UBND Bãi bỏ Quyết định số 03/2016/QĐ-UBND ngày 28 tháng 3 năm 2016 của Uỷ ban nhân dân tỉnh ban hành Quy chế phối hợp thực hiện đăng ký khai sinh, đăng ký thường trú, cấp thẻ bảo hiểm y tế cho trẻ em dưới 6 tuổi trên địa bàn tỉnh Điện Biên",
bhyt,36793,179711,"Văn bản HD, QĐ chi tiết",False,True,False,,Nghị định số 188/2025/NĐ-CP hướng dẫn Luật Bảo hiểm y tế
bhyt,11735,38018,Văn bản quy định hết hiệu lực,False,True,False,,Nghị định số 105/2014/NĐ-CP Quy định chi tiết và hướng dẫn thi hành một số điều của Luật Bảo hiểm y tế
bhyt,70042,139461,Văn bản quy định hết hiệu lực,False,True,False,,Quyết định số 39/2019/QĐ-UBND Bãi bỏ Quyết định số 52/2003/QĐ-UB ngày 09 tháng 6 năm 2003của Uỷ ban nhân dân tỉnh và Quyết định số 53/2003/QĐ-UB ngày 10 tháng 6 năm 2003 của Uỷ ban nhân dân tỉnh
bhyt,175447,70819,Căn cứ,True,False,False,Nghị quyết số 05/2025/NQ-HĐND Quy định chính sách hỗ trợ 100% mức đóng bảo hiểm y tế theo hộ gia đình đối với người từ đủ 60 tuổi đến dưới 75 tuổi thuộc hộ cận nghèo và hộ có mức sống trung bình theo chuẩn thành phố trên địa bàn thành phố Đà Nẵng,
bhyt,156969,132188,Căn cứ,True,False,False,Nghị quyết số 61/2022/NQ-HĐND Về việc Quy định hỗ trợ kinh phí đóng Bảo hiểm y tế đối với một số nhóm đối tượng có đăng ký thường trú trên địa bàn tỉnh Ninh Bình,
"bhyt,vien_phi",27f12c90-58e8-11f1-a671-8bd8cc508176,12326,Căn cứ,True,False,False,"Thông tư 12/2026/TT-BTC Quy định trình tự, thủ tục giám định chi phí khám bệnh, chữa bệnh bảo hiểm y tế, biểu mẫu tổng hợp thanh toán, quyết toán và biện pháp thi hành Nghị định số 188/2025/NĐ-CP ngày 01 tháng 7 năm 2025 của Chính phủ quy định chi tiết và hướng dẫn thi hành một số điều của Luật Bảo hiểm y tế",
bhyt,169585,147194,Bãi bỏ,True,False,True,Thông tư 08/2024/TT-BYT bãi bỏ một phần các văn bản quy phạm pháp luật do Bộ trưởng Bộ Y tế ban hành,
bhyt,187392,36793,Căn cứ,True,False,False,Quyết định số 32/2026/QĐ-UBND triển khai Nghị quyết số 23/2025/NQ-HĐND ngày 10 tháng 12 năm 2025 của Hội đồng nhân dân tỉnh về việc quy định mức hỗ trợ đóng bảo hiểm y tế cho các đối tượng không được hưởng mức hỗ trợ từ ngân sách nhà nước đối với Thanh niên thi hành nghĩa vụ Kinh tế - Quốc phòng của tỉnh Tây Ninh và Đoàn xây dựng kinh tế Thanh niên trên địa bàn tỉnh Tây Ninh,
bhyt,132858,70821,Căn cứ,True,False,False,"Quyết định số 51/2018/QĐ-TTg Về chi phí quản lý bảo hiểm xã hội, bảo hiểm thất nghiệp, bảo hiểm y tế giai đoạn 2019 - 2021",
bhyt,185767,179149,Căn cứ,True,False,False,"Nghị quyết số 53/2025/NQ-HĐND Quy định chính sách hỗ trợ mức đóng bảo hiểm xã hội cho người tham gia bảo hiểm xã hội tự nguyện, bảo hiểm y tế trên địa bàn thành phố Huế giai đoạn 2026 - 2030",
bhyt,83c773d0-64b9-11f1-9b44-bbe6b0239ff6,175440,Căn cứ,True,False,False,Nghị quyết số 08/2026/NQ-HĐND Quy định mức hỗ trợ đóng bảo hiểm y tế cho người có uy tín trong đồng bào dân tộc thiểu số không thuộc đối tượng đã được ngân sách nhà nước đóng và hỗ trợ đóng bảo hiểm y tế trên địa bàn tỉnh An Giang,
"bhyt,vien_phi",173101,168125,Căn cứ,True,False,False,"Nghị quyết số 22/2024/NQ-HĐND Bãi bỏ Nghị quyết số 07/2020/NQ-HĐND ngày 11 tháng 6 năm 2020 của Hội đồng nhân dân tỉnh Quy định giá dịch vụ khám bệnh, chữa bệnh không thuộc phạm vi thanh toán của Quỹ bảo hiểm y tế trong các cơ sở khám bệnh, chữa bệnh công lập trên địa bàn tỉnh",
bhyt,156429,153632,Căn cứ,True,False,False,Nghị quyết số 13/2022/NQ-HĐND.loi Về việc Quy định mức giá dịch vụ xét nghiệm SARS-CoV-2 không thuộc phạm vi thanh toán của Quỹ bảo hiểm y tế tại các cơ sở y tế của Nhà nước thuộc tỉnh Thừa Thiên Huế,
bhyt,179724,176042,Căn cứ,True,False,False,"Thông tư số 24/2025/TT-BYT sửa đổi Thông tư 04/2017/TT-BYT về Danh mục và tỷ lệ, điều kiện thanh toán đối với vật tư y tế thuộc phạm vi được hưởng của người tham gia bảo hiểm y tế do Bộ trưởng Bộ Y tế ban hành",
bhyt,118506,11802,Dẫn chiếu,False,True,False,,Quyết định số 170/2008/QĐ-TTg Về chế độ bảo hiểm y tế và trợ cấp mai táng đối với thanh niên xung phong thời kỳ kháng chiến chống Pháp
bhyt,159070,70819,Căn cứ,True,False,False,"Nghị quyết số 34/2022/NQ-HĐND Quy định việc hỗ trợ đóng bảo hiểm xã hội và bảo hiểm y tế cho ấp (khu) đội trưởng, người hoạt động không chuyên trách ở ấp, khu phố và người trực tiếp tham gia công việc ở ấp, khu phố trên địa bàn tỉnh Kiên Giang",
bhyt,177892,166456,Căn cứ,True,False,False,"Nghị quyết số 03/2025/NQ-HĐND Quy định mức hỗ trợ đóng bảo hiểm y tế đối với học sinh, sinh viên đang học tại các trường công lập thuộc tỉnh quản lý",
bhyt,184888,179711,Căn cứ,False,True,False,,Nghị định số 188/2025/NĐ-CP hướng dẫn Luật Bảo hiểm y tế
bhyt,185097,179711,Căn cứ,False,True,False,,Nghị định số 188/2025/NĐ-CP hướng dẫn Luật Bảo hiểm y tế
"bhyt,vien_phi",173935,168125,Căn cứ,True,False,False,"Nghị quyết số 29/2024/NQ-HĐND Bãi bỏ Nghị quyết số 15/2024/NQ-HĐND ngày 11 tháng 7 năm 2024 của Hội đồng nhân dân tỉnh Ninh Thuận quy định giá dịch vụ khám bệnh, chữa bệnh không thuộc phạm vi thanh toán của Quỹ bảo hiểm y tế trong các cơ sở khám bệnh, chữa bệnh của Nhà nước trên địa bàn tỉnh Ninh Thuận",
"bhyt,vien_phi",169332,32610,Căn cứ,True,False,False,"Nghị quyết số 06/2024/NQ-HĐND Về việc ban hành mức giá dịch vụ khám bệnh, chữa bệnh không thuộc phạm vi thanh toán của Quỹ bảo hiểm y tế mà không phải là dịch vụ khám bệnh, chữa bệnh theo yêu cầu tại các cơ sở khám bệnh, chữa bệnh của Nhà nước trên địa bàn tỉnh Khánh Hòa",
bhyt,156969,135133,Căn cứ,True,False,False,Nghị quyết số 61/2022/NQ-HĐND Về việc Quy định hỗ trợ kinh phí đóng Bảo hiểm y tế đối với một số nhóm đối tượng có đăng ký thường trú trên địa bàn tỉnh Ninh Bình,
"bhyt,vien_phi",141544,137200,Căn cứ,True,False,False,"Nghị quyết số 18/2019/NQ-HĐND Quy định giá dịch vụ khám bệnh, chữa bệnh không thuộc phạm vi thanh toán của Quỹ bảo hiểm y tế tại các cơ sở khám bệnh, chữa bệnh của Nhà nước do địa phương quản lý",
bhyt,54850,17067,"Quy định chi tiết, hướng dẫn thi hành",True,False,False,"Quyết định số 08/2015/QĐ-TTg Thí điểm về giao dịch điện tử trong việc thực hiện thủ tục tham gia bảo hiểm xã hội, bảo hiểm y tế, bảo hiểm thất nghiệp và đề nghị cấp sổ bảo hiểm xã hội, thẻ bảo hiểm y tế",
bhyt,26100,10427,"Quy định chi tiết, hướng dẫn thi hành",True,False,False,"Quyết định số 02/2011/QĐ-TTg Sửa đổi khoản 1 điều 4 Quyết định số 87/2010/QĐ-TTg ngày 24 tháng 12 năm 2010 của Thủ tướng Chính phủ về việc cho doanh nghiệp, người lao động thuộc Tập đoàn Công nghiệp tàu thủy Việt Nam và Tổng công ty Hàng hải Việt Nam vay để chi trả nợ tiền lương, nợ bảo hiểm xã hội, bảo hiểm y tế, bảo hiểm thất nghiệp, trợ cấp thôi việc, trợ cấp mất việc làm, tạo việc làm, học nghề",
bhyt,113306,57190,Văn bản căn cứ,True,False,False,"Quyết định số 02/2016/QĐ-UBND Về việc ban hành Quy chế phối hợp thực hiện liên thông các thủ tục hành chính về đăng ký khai sinh, đăng ký thường trú, cấp thẻ bảo hiểm y tế cho trẻ em dưới 6 tuổi trên địa bàn tỉnh Trà Vinh",
bhyt,92858,173888,Văn bản quy định hết hiệu lực,False,True,False,,Quyết định số 134/2024/QĐ-UBND Bãi bỏ Quyết định số 51/2015/QĐ-UBND ngày 13 tháng 11 năm 2015 của Ủy ban nhân dân Thành phố Hồ Chí Minh về ban hành quy trình thực hiện cấp thẻ Bảo hiểm y tế cho các đối tượng bảo trợ xã hội tại cộng đồng trên địa bàn Thành phố Hồ Chí Minh
bhyt,157577,139878,Căn cứ,True,False,False,Nghị quyết số 304/2022/NQ-HĐND Quy định mức hỗ trợ đóng bảo hiểm y tế cho đối tượng thuộc hộ cận nghèo trên địa bàn tỉnh Thanh Hóa quý IV năm 2022,
"bhyt,vien_phi",184589,173951,"Quy định chi tiết, hướng dẫn thi hành",True,False,False,"Nghị quyết số 68/2025/NQ-HĐND Quy định mức hỗ trợ đóng bảo hiểm y tế cho các đối tượng cao hơn mức hỗ trợ tối thiểu; đối tượng được hỗ trợ và mức hỗ trợ cùng chi trả chi phí khám bệnh, chữa bệnh bảo hiểm y tế cho người tham gia bảo hiểm y tế khi đi khám bệnh, chữa bệnh trên địa bàn tỉnh Lâm Đồng",
"bhyt,vien_phi",175644,139878,Căn cứ,True,False,False,"Nghị quyết số 01/2025/NQ-HĐND bãi bỏ Nghị quyết số 01/2024/NQ-HĐND ngày 31 tháng 01 năm 2024 của HĐND tỉnh Ninh Bình quy định mức giá dịch vụ khám bệnh, chữa bệnh không thuộc phạm vi thanh toán của quỹ Bảo hiểm y tế trong các cơ sở khám bệnh, chữa bệnh của Nhà nước trên địa bàn tỉnh Ninh Bình",
bhyt,5064,10019,Dẫn chiếu,True,False,False,Chỉ thị số 30/1998/CT-UB Về việc đẩy mạnh các hoạt động y tế học đường và bảo hiểm y tế học sinh trong các trường học.,
bhyt,12287,11802,Dẫn chiếu,False,True,False,,Quyết định số 170/2008/QĐ-TTg Về chế độ bảo hiểm y tế và trợ cấp mai táng đối với thanh niên xung phong thời kỳ kháng chiến chống Pháp
"bhyt,vien_phi",143848,25170,Căn cứ,True,False,False,"Quyết định số 28/2020/QĐ-UBND Quy định giá dịch vụ khám bệnh, chữa bệnh không thuộc phạm vi thanh toán của Quỹ bảo hiểm y tế trong các cơ sở khám bệnh, chữa bệnh của Nhà nước trên địa bàn tỉnh Ninh Thuận.",
bhyt,184890,178340,Căn cứ,True,False,False,Nghị quyết số 35/2025/NQ-HĐND Quy định mức hỗ trợ kinh phí đóng bảo hiểm y tế cho một số đối tượng trên địa bàn tỉnh Gia Lai,
bhyt,176101,151168,Căn cứ,True,False,False,"Nghị quyết số 28/2024/NQ-HĐND Quy định giá cụ thể dịch vụ khám bệnh, chữa bệnh thuộc danh mục do quỹ bảo hiểm y tế thanh toán, giá cụ thể dịch vụ khám bệnh, chữa bệnh do ngân sách nhà nước thanh toán, giá cụ thể dịch vụ khám bệnh, chữa bệnh không thuộc danh mục do quỹ bảo hiểm y tế thanh toán mà không phải là dịch vụ khám bệnh, chữa bệnh theo yêu cầu đối với các cơ sở khám bệnh, chữa bệnh của Nhà nước trên địa bàn tỉnh Hà Nam quản lý thuộc phạm vi được phân quyền",
"bhyt,vien_phi",169332,166467,Căn cứ,True,False,False,"Nghị quyết số 06/2024/NQ-HĐND Về việc ban hành mức giá dịch vụ khám bệnh, chữa bệnh không thuộc phạm vi thanh toán của Quỹ bảo hiểm y tế mà không phải là dịch vụ khám bệnh, chữa bệnh theo yêu cầu tại các cơ sở khám bệnh, chữa bệnh của Nhà nước trên địa bàn tỉnh Khánh Hòa",
bhyt,38018,98790,"Văn bản HD, QĐ chi tiết",True,False,False,Nghị định số 105/2014/NĐ-CP Quy định chi tiết và hướng dẫn thi hành một số điều của Luật Bảo hiểm y tế,
bhyt,174989,166456,Căn cứ,True,False,False,Nghị quyết số 01/2025/NQ-HĐND Quy định mức hỗ trợ bảo hiểm y tế cho người dân tộc thiểu số đang sinh sống tại khu vực biên giới trên địa bàn tỉnh Kiên Giang,
bhyt,176101,170581,Căn cứ,True,False,False,"Nghị quyết số 28/2024/NQ-HĐND Quy định giá cụ thể dịch vụ khám bệnh, chữa bệnh thuộc danh mục do quỹ bảo hiểm y tế thanh toán, giá cụ thể dịch vụ khám bệnh, chữa bệnh do ngân sách nhà nước thanh toán, giá cụ thể dịch vụ khám bệnh, chữa bệnh không thuộc danh mục do quỹ bảo hiểm y tế thanh toán mà không phải là dịch vụ khám bệnh, chữa bệnh theo yêu cầu đối với các cơ sở khám bệnh, chữa bệnh của Nhà nước trên địa bàn tỉnh Hà Nam quản lý thuộc phạm vi được phân quyền",
"bhyt,vien_phi",173101,103581,Căn cứ,True,False,False,"Nghị quyết số 22/2024/NQ-HĐND Bãi bỏ Nghị quyết số 07/2020/NQ-HĐND ngày 11 tháng 6 năm 2020 của Hội đồng nhân dân tỉnh Quy định giá dịch vụ khám bệnh, chữa bệnh không thuộc phạm vi thanh toán của Quỹ bảo hiểm y tế trong các cơ sở khám bệnh, chữa bệnh công lập trên địa bàn tỉnh",
bhyt,166928,27624,Căn cứ,True,False,False,Nghị quyết số 288/2022/NQ-HĐND Quy định mức giá dịch vụ xét nghiệm SARS-CoV-2 (chưa bao gồm sinh phẩm xét nghiệm phản ứng) do cơ sở y tế của Nhà nước thực hiện không thuộc phạm vi thanh toán của Quỹ bảo hiểm y tế trên địa bàn tỉnh Thanh Hoá,
bhyt,115952,25389,Văn bản căn cứ,True,False,False,"Quyết định số 57/2016/QĐ-UBND Về việc bãi bỏ Quyết định số 50/2015/QĐ-UBND ngày 12 tháng 8 năm 2015 của Ủy ban nhân dân tỉnh ban hành Quy định giải quyết thủ tục hành chính theo cơ chế một cửa thuộc lĩnh vực hộ tịch; một cửa liên thông thuộc lĩnh vực hộ tịch, cấp thẻ bảo hiểm y tế và đăng ký, quản lý cư trú tại Ủy ban nhân dân xã, phường, thị trấn trên địa bàn tỉnh Ninh Thuận",
"bhyt,vien_phi",173101,146383,Căn cứ,True,False,False,"Nghị quyết số 22/2024/NQ-HĐND Bãi bỏ Nghị quyết số 07/2020/NQ-HĐND ngày 11 tháng 6 năm 2020 của Hội đồng nhân dân tỉnh Quy định giá dịch vụ khám bệnh, chữa bệnh không thuộc phạm vi thanh toán của Quỹ bảo hiểm y tế trong các cơ sở khám bệnh, chữa bệnh công lập trên địa bàn tỉnh",
bhyt,152757,132188,Căn cứ,True,False,False,Nghị quyết số Số: 04/2022/NQ-HĐND Quy định chính sách hỗ trợ bảo hiểm y tế đối với đồng bào dân tộc thiểu số trên địa bàn tỉnh Quảng Nam giai đoạn 2022 - 2025,
bhyt,24180e80-7abd-11f1-b7da-3353596abeef,8619b9a0-5e55-11f1-8e5a-2929924511d6,Căn cứ,False,True,False,,"Nghị định 02/2025/NĐ-CP Sửa đổi, bổ sung một số điều của nghị định số 146/2018/NĐ-CP ngày 17 tháng 10 năm 2018 của chính phủ quy định chi tiết và hướng dẫn biện pháp thi hành luật bảo hiểm y tể, đã được sửa đổi, bổ sung một số điều tại nghị định số 75/2023/NĐ-CP ngày 19 tháng 10 năm 2023 của chính phủ"
bhyt,182608,172923,Căn cứ,True,True,False,"Thông tư số 86 /2025/TT-BCA Quy định biện pháp thực hiện bảo hiểm y tế đối với công nhân công an, người lao động, học sinh, sinh viên và thân nhân của cán bộ, chiến sĩ, công nhân công an đang công tác, học tập trong Công an nhân dân",Luật Bảo hiểm y tế sửa đổi 2024 số Luật số 51/2024/QH15
bhyt,123510,36793,Căn cứ,True,False,False,Nghị quyết số 68/2017/NQ-HĐND Quy định mức hỗ trợ kinh phí đóng bảo hiểm y tế và chi phí cùng chi trả sử dụng thuốc kháng vi rút HIV đối với người nhiễm HIV/AIDS trên địa bàn tỉnh Điện Biên,
bhyt,165832,70800,Căn cứ,True,False,False,"Quyết định số 48/2023/QĐ-UBND Bãi bỏ Quyết định số 42/2016/QĐ-UBND ngày 28 tháng 10 năm 2016 của Ủy ban nhân dân Thành phố ban hành Quy chế thực hiện liên thông thủ tục hành chính về đăng ký khai sinh, đăng ký thường trú, cấp thẻ bảo hiểm y tế cho trẻ em dưới 06 tuổi và đăng ký khai tử, xóa đăng ký thường trú trên địa bàn Thành phố Hồ Chí Minh",
"bhyt,vien_phi",155057,70819,Căn cứ,True,False,False,"Quyết định số 10/2022/QĐ-UBND Về sửa đổi, bổ sung Quyết định 56/2019/QĐ-UBND ngày 31 tháng 12 năm 2019 của Ủy ban nhân dân tỉnh Hà Nam về quy định mức giá dịch vụ khám bệnh, chữa bệnh không thuộc phạm vi thanh toán của Quỹ bảo hiểm y tế trong các cơ sở khám bệnh, chữa bệnh của Nhà nước thuộc địa phương quản lý trên địa bàn tỉnh Hà Nam",
bhyt,126246,185356,Văn bản quy định hết hiệu lực,False,True,False,,Nghị quyết số '26/2025/NQ-HĐND Quy định mức hỗ trợ đóng bảo hiểm y tế cho một số đối tượng trên địa bàn thành phố Cần Thơ
bhyt,48242,23668,Căn cứ,True,False,False,"Quyết định số 05/2015/QĐ-UBND Về việc thực hiện chế độ hỗ trợ bảo hiểm xã hội tự nguyện, bảo hiểm y tế cho công an viên và thôn, ấp, khu đội trưởng được bố trí ở thôn, ấp, khu phố trên địa bàn tỉnh Bà Rịa - Vũng Tàu",
bhyt,161822,166391,Căn cứ,True,False,False,"Quyết định số 38/2023/QĐ-UBND Sửa đổi, bổ sung một số điều của Quyết định số 36/2018/QĐ-UBND ngày 13/6/2018 của Ủy ban nhân dân tỉnh Thừa Thiên Huế quy định mức hỗ trợ kinh phí đóng bảo hiểm y tế và chi phí cùng chi trả đối với thuốc kháng vi rút HIV (ARV) cho người nhiễm HIV/AIDS trên địa bàn tỉnh Thừa Thiên Huế",
bhyt,88138,25813,Căn cứ,True,False,False,"Quyết định 11862/QĐ-UBND năm 2014 bãi bỏ Quyết định 02/2013/QĐ-UBND về Quy chế thực hiện cơ chế một cửa liên thông nhóm thủ tục hành chính thuộc lĩnh vực hộ tịch, bảo hiểm y tế và đăng ký, quản lý cư trú trên địa bàn Quận Bình Tân, thành phố Hồ Chí Minh",
bhyt,158024,70819,Căn cứ,True,False,False,Nghị quyết số 26/2022/NQ-HĐND Quy định mức hỗ trợ đóng bảo hiểm y tế cho người thuộc hộ gia đình cận nghèo giai đoạn 2023-2025 trên địa bàn tỉnh Ninh Thuận,
bhyt,126957,36793,Căn cứ,True,False,False,Nghị quyết số 78/2017/NQ-HĐND Quy định mức hỗ trợ đóng bảo hiểm y tế cho người thuộc hộ gia đình nghèo đa chiều thiếu hụt dịch vụ xã hội cơ bản khác (không bị thiếu hụt bảo hiểm y tế) trên địa bàn tỉnh Điện Biên,
bhyt,38018,52484,"Văn bản HD, QĐ chi tiết",True,False,False,Nghị định số 105/2014/NĐ-CP Quy định chi tiết và hướng dẫn thi hành một số điều của Luật Bảo hiểm y tế,
bhyt,12969,40940,"Văn bản HD, QĐ chi tiết",False,True,False,,"Quyết định số 1111/QĐ-BHXH Về việc ban hành Quy định quản lý thu bảo hiểm xã hội, bảo hiểm y tế; quản lý sổ bảo hiểm xã hội, thẻ bảo hiểm y tế"
bhyt,184087,184086,Văn bản hết hiệu lực,True,False,False,Thông tư số 98/2025/TT-BQP Hướng dẫn thực hiện một số điều của Nghị định số 188/2025/NĐ-CP ngày 01 tháng 7 năm 2025 của Chính phủ quy định chi tiết và hướng dẫn thi hành một số điều của Luật Bảo hiểm y tế đối với các đối tượng thuộc phạm vi quản lý của Bộ Quốc phòng,
bhyt,81695,38018,Căn cứ,True,True,False,Quyết định số 28/2015/QĐ-UBND Về việc hỗ trợ mua bảo hiểm y tế cho cộng tác viên Dân số - Kế hoạch hóa gia đình giai đoạn 2016 - 2020 trên địa bàn tỉnh Bình Dương,Nghị định số 105/2014/NĐ-CP Quy định chi tiết và hướng dẫn thi hành một số điều của Luật Bảo hiểm y tế
bhyt,11802,22843,"Quy định chi tiết, hướng dẫn thi hành",True,False,False,Quyết định số 170/2008/QĐ-TTg Về chế độ bảo hiểm y tế và trợ cấp mai táng đối với thanh niên xung phong thời kỳ kháng chiến chống Pháp,
bhyt,185524,152105,Tạm ngưng hiệu lực,True,False,False,"Nghị quyết số 818/2025/NQ-HĐND Quy định mức hỗ trợ từ ngân sách nhà nước đóng bảo hiểm y tế, bảo hiểm xã hội tự nguyện cho một số đối tượng trên địa bàn tỉnh Hưng Yên",
"bhyt,vien_phi",175644,168125,Căn cứ,True,False,False,"Nghị quyết số 01/2025/NQ-HĐND bãi bỏ Nghị quyết số 01/2024/NQ-HĐND ngày 31 tháng 01 năm 2024 của HĐND tỉnh Ninh Bình quy định mức giá dịch vụ khám bệnh, chữa bệnh không thuộc phạm vi thanh toán của quỹ Bảo hiểm y tế trong các cơ sở khám bệnh, chữa bệnh của Nhà nước trên địa bàn tỉnh Ninh Bình",
"bhyt,vien_phi",174274,166391,Căn cứ,True,False,False,"Nghị quyết số 41/2024/NQ-HĐND Bãi bỏ Nghị quyết số 26/2024/NQ-HĐND ngày 31 tháng 5 năm 2024 của Hội đồng nhân dân tỉnh quy định giá dịch vụ khám bệnh, chữa bệnh không thuộc danh mục do Quỹ bảo hiểm y tế thanh toán mà không phải là dịch vụ khám bệnh, chữa bệnh theo yêu cầu đối với các cơ sở khám bệnh, chữa bệnh của Nhà nước thuộc tỉnh Thanh Hóa quản lý",
bhyt,159113,139878,Căn cứ,True,False,False,Nghị quyết số 09/2022/NQ-HĐND Quy định giá dịch vụ xét nghiệm SARS-CoV-2 (chưa bao gồm chi phí sinh phẩm xét nghiệm) trong trường hợp không thuộc phạm vi thanh toán của Quỹ bảo hiểm y tế đối với các cơ sở y tế công lập trên địa bàn tỉnh Vĩnh Phúc,
bhyt,117826,11802,Dẫn chiếu,False,True,False,,Quyết định số 170/2008/QĐ-TTg Về chế độ bảo hiểm y tế và trợ cấp mai táng đối với thanh niên xung phong thời kỳ kháng chiến chống Pháp
bhyt,150222,70800,Căn cứ,True,False,False,"Quyết định số 29/2021/QĐ-UBND Bãi bỏ Quyết định số 1202/2008/QĐ-UBND ngày 14 tháng 7 năm 2008 của Ủy ban nhân dân tỉnh Cao Bằng ban hành Quy định về chế độ tiền công, chế độ bảo hiểm xã hội, bảo hiểm y tế, chế độ bồi thường tai nạn lao động, chế độ tiền thưởng đối với huấn luyện viên, vận động viên thể thao của tỉnh Cao Bằng",
bhyt,185356,36793,Căn cứ,True,False,False,Nghị quyết số '26/2025/NQ-HĐND Quy định mức hỗ trợ đóng bảo hiểm y tế cho một số đối tượng trên địa bàn thành phố Cần Thơ,
bhyt,181930,86942,Dẫn chiếu,True,False,False,Nghị quyết số 17/2025/NQ-HĐND Ban hành Quy định mức hỗ trợ đóng bảo hiểm y tế đối với một số đối tượng trên địa bàn tỉnh Vĩnh Long,
"bhyt,vien_phi",142680,139455,Căn cứ,True,False,False,"Quyết định số 12/2020/QĐ-UBND Bãi bỏ Quyết định số 51/2017/QĐ-UBND ngày 21/8/2017 của UBND tỉnh Quảng Ngãi Quy định mức giá dịch vụ khám bệnh, chữa bệnh không thuộc phạm vi thanh toán của Quỹ bảo hiểm y tế trong các cơ sở khám bệnh, chữa bệnh của Nhà nước thuộc tỉnh Quảng Ngãi quản lý",
bhyt,153741,25170,Căn cứ,True,False,False,"Nghị quyết số 88/2022/NQ-HĐND về ban hành giá dịch vụ xét nghiệm SARC-CoV-2 không thuộc phạm vi thanh toán của quỹ bảo hiểm y tế trong các cơ sở khám bệnh, chữa bệnh của Nhà nước do tỉnh Quảng Ninh quản lý",
"bhyt,vien_phi",168478,25170,Căn cứ,True,False,False,"NGHỊ QUYẾT SỐ Số: 6/2019/NQ-HĐND QUY ĐỊNH VỀ GIÁ DỊCH VỤ KHÁM BỆNH, CHỮA BỆNH KHÔNG THUỘC PHẠM VI THANH TOÁN CỦA QUỸ BẢO HIỂM Y TẾ TRONG CÁC CƠ SỞ KHÁM BỆNH, CHỮA BỆNH CỦA NHÀ NƯỚC TRÊN ĐỊA BÀN TỈNH BÌNH PHƯỚC",
"bhyt,vien_phi",141428,25170,Căn cứ,True,False,False,"Nghị quyết số 08/2019/NQ-HĐND Quy định giá dịch vụ khám bệnh, chữa bệnh không thuộc phạm vi thanh toán của Quỹ bảo hiểm y tế tại các cơ sở khám bệnh, chữa bệnh của Nhà nước do địa phương quản lý",
bhyt,184087,153200,Căn cứ,True,False,False,Thông tư số 98/2025/TT-BQP Hướng dẫn thực hiện một số điều của Nghị định số 188/2025/NĐ-CP ngày 01 tháng 7 năm 2025 của Chính phủ quy định chi tiết và hướng dẫn thi hành một số điều của Luật Bảo hiểm y tế đối với các đối tượng thuộc phạm vi quản lý của Bộ Quốc phòng,
bhyt,171713,168125,Dẫn chiếu,True,False,False,"Thông tư 37/2024/TT-BYT quy định nguyên tắc, tiêu chí xây dựng, cập nhật, ghi thông tin, cấu trúc danh mục và hướng dẫn thanh toán đối với thuốc hóa dược, sinh phẩm, thuốc phóng xạ và chất đánh dấu thuộc phạm vi được hưởng của người tham gia bảo hiểm y tế do Bộ trưởng Bộ Y tế ban hành",
bhyt,169585,147385,Bãi bỏ,True,False,True,Thông tư 08/2024/TT-BYT bãi bỏ một phần các văn bản quy phạm pháp luật do Bộ trưởng Bộ Y tế ban hành,
bhyt,169565,36793,Căn cứ,True,False,False,"Thông tư 13/2020/TT-BYT sửa đổi Thông tư 35/2016/TT-BYT về Danh mục và tỷ lệ, điều kiện thanh toán đối với dịch vụ kỹ thuật y tế thuộc phạm vi được hưởng của người tham gia bảo hiểm y tế do Bộ trưởng Bộ Y tế ban hành",
bhyt,135466,73089,Bãi bỏ,True,False,True,"Thông tư số 27/2018/TT-BYT Hướng dẫn thực hiện bảo hiểm y tế và khám bệnh, chữa bệnh liên quan đến HIV/AIDS",
bhyt,157577,157383,Văn bản căn cứ,True,False,False,Nghị quyết số 304/2022/NQ-HĐND Quy định mức hỗ trợ đóng bảo hiểm y tế cho đối tượng thuộc hộ cận nghèo trên địa bàn tỉnh Thanh Hóa quý IV năm 2022,
"bhyt,vien_phi",126742,44740,Thay thế,True,False,True,"Quyết định số 25/2017/QĐ-UBND Quy định mức giá dịch vụ khám bệnh, chữa bệnh không thuộc phạm vi thanh toán của quỹ bảo hiểm y tế trong cơ sở khám bệnh, chữa bệnh Nhà nước thuộc địa phương quản lý trên địa bàn tỉnh Hà Nam",
bhyt,156429,139878,Căn cứ,True,False,False,Nghị quyết số 13/2022/NQ-HĐND.loi Về việc Quy định mức giá dịch vụ xét nghiệm SARS-CoV-2 không thuộc phạm vi thanh toán của Quỹ bảo hiểm y tế tại các cơ sở y tế của Nhà nước thuộc tỉnh Thừa Thiên Huế,
bhyt,126414,38018,Căn cứ,False,True,False,,Nghị định số 105/2014/NĐ-CP Quy định chi tiết và hướng dẫn thi hành một số điều của Luật Bảo hiểm y tế
bhyt,2a83a810-83fa-11f1-9635-39226ef09e97,8619b9a0-5e55-11f1-8e5a-2929924511d6,Căn cứ,False,True,False,,"Nghị định 02/2025/NĐ-CP Sửa đổi, bổ sung một số điều của nghị định số 146/2018/NĐ-CP ngày 17 tháng 10 năm 2018 của chính phủ quy định chi tiết và hướng dẫn biện pháp thi hành luật bảo hiểm y tể, đã được sửa đổi, bổ sung một số điều tại nghị định số 75/2023/NĐ-CP ngày 19 tháng 10 năm 2023 của chính phủ"
bhyt,179772,177730,Dẫn chiếu,True,False,False,"Thông tư số 63/2025/TT-BQP Quy định, hướng dẫn thực hiện một số điều của Nghị định số 70/2015/NĐ-CP ngày 01 tháng 9 năm 2015 của Chính phủ quy định chi tiết và hướng dẫn thi hành một số điều của Luật Bảo hiểm y tế đối với quân đội nhân dân, công an nhân dân và người làm công tác cơ yếu; Nghị định số 74/2025/NĐ-CP ngày 31 tháng 3 năm 2025 sửa đổi, bổ sung một số điều của Nghị định số 70/2015/NĐ-CP ngày 01 tháng 9 năm 2015 của Chính phủ",
bhyt,28013,19666,Căn cứ,True,False,False,Thông tư số 178/2012/TT-BTC Hướng dẫn kế toán áp dụng cho Bảo hiểm xã hội Việt Nam,
"bhyt,vien_phi",27f12c90-58e8-11f1-a671-8bd8cc508176,172923,Căn cứ,True,True,False,"Thông tư 12/2026/TT-BTC Quy định trình tự, thủ tục giám định chi phí khám bệnh, chữa bệnh bảo hiểm y tế, biểu mẫu tổng hợp thanh toán, quyết toán và biện pháp thi hành Nghị định số 188/2025/NĐ-CP ngày 01 tháng 7 năm 2025 của Chính phủ quy định chi tiết và hướng dẫn thi hành một số điều của Luật Bảo hiểm y tế",Luật Bảo hiểm y tế sửa đổi 2024 số Luật số 51/2024/QH15
bhyt,144205,36793,Căn cứ,True,False,False,"Thông tư số 13/2020/TT-BYTT Sửa đổi, bổ sung một số điều của Thông tư số 35/2016/TT-BYT ngày 28 tháng 9 năm 2016 của Bộ trưởng Bộ Y tế ban hành Danh mục và tỷ lệ, điều kiện thanh toán đối với dịch vụ kỹ thuật y tế thuộc phạm vi được hưởng của người tham gia bảo hiểm y tế",
"bhyt,vien_phi",173084,168125,Căn cứ,True,False,False,"Nghị quyết số 17/2024/NQ-HĐND Bãi bỏ Nghị quyết số 08/2024/NQ-HĐND ngày 04 tháng 7 năm 2024 của Hội đồng nhân dân tỉnh Quy định mức giá dịch vụ khám bệnh, chữa bệnh không thuộc phạm vi thanh toán của Quỹ Bảo hiểm y tế mà không phải là dịch vụ khám bệnh, chữa bệnh theo yêu cầu trong các cơ sở khám bệnh, chữa bệnh của nhà nước thuộc tỉnh Tuyên Quang quản lý",
bhyt,155298,12326,Căn cứ,True,False,False,"Nghị quyết số 65/2022/NQ-HĐND Quy định mức giá dịch vụ xét nghiệm SARS-CoV-2 không thuộc phạm vi thanh toán của Quỹ bảo hiểm y tế (chưa bao gồm chi phí sinh phẩm xét nghiệm SARS-CoV-2) tại cơ sở khám bệnh, chữa bệnh của Nhà nước trên địa bàn tỉnh Hà Tĩnh",
bhyt,119949,70819,Căn cứ,True,False,False,Nghị quyết số 70/2016/NQ-HĐND Quy định mức hỗ trợ đóng bảo hiểm y tế cho người thuộc hộ gia đình cận nghèo trên địa bàn tỉnh Ninh Thuận năm 2017,
bhyt,40940,26258,Căn cứ,True,False,False,"Quyết định số 1111/QĐ-BHXH Về việc ban hành Quy định quản lý thu bảo hiểm xã hội, bảo hiểm y tế; quản lý sổ bảo hiểm xã hội, thẻ bảo hiểm y tế",
bhyt,184909,168904,Căn cứ,True,False,False,Nghị quyết số 36/2025/NQ-HĐND quy định mức hỗ trợ đóng bảo hiểm y tế cho một số đối tượng trên địa bàn tỉnh Đồng Nai giai đoạn 2026 - 2030,
bhyt,187427,172923,Căn cứ,False,True,False,,Luật Bảo hiểm y tế sửa đổi 2024 số Luật số 51/2024/QH15
bhyt,177785,172923,Văn bản căn cứ,False,True,False,,Luật Bảo hiểm y tế sửa đổi 2024 số Luật số 51/2024/QH15
bhyt,173149,181930,Văn bản quy định hết hiệu lực 1 phần,False,True,False,,Nghị quyết số 17/2025/NQ-HĐND Ban hành Quy định mức hỗ trợ đóng bảo hiểm y tế đối với một số đối tượng trên địa bàn tỉnh Vĩnh Long
bhyt,5218a7f0-6c7f-11f1-9c2b-932f5a2f1e38,179427,Căn cứ,True,False,False,"Quy định chính sách hỗ trợ bảo hiểm y tế đối với đồng bào dân tộc thiểu số trên địa bàn thành phố Đà Nẵng, giai đoạn 2026 - 2031",
bhyt,184452,172923,Căn cứ,False,True,False,,Luật Bảo hiểm y tế sửa đổi 2024 số Luật số 51/2024/QH15
"bhyt,vien_phi",175354,139878,Căn cứ,True,False,False,"Nghị quyết số 10/2025/NQ-HĐND Bãi bỏ Nghị quyết số 32/2024/NQ-HĐND ngày 10 tháng 05 năm 2024 của Hội đồng nhân dân tỉnh Quy định giá dịch vụ khám bệnh, chữa bệnh không thuộc phạm vi thanh toán của Quỹ Bảo hiểm y tế mà không phải là dịch vụ khám bệnh, chữa bệnh theo yêu cầu trong các cơ sở khám bệnh, chữa bệnh của Nhà nước trên địa bàn tỉnh Quảng Trị",
bhyt,165362,70807,Căn cứ,True,False,False,"Nghị quyết số 336/2022/NQ-HĐND Quy định mức hỗ trợ từ ngân sách nhà nước đóng bảo hiểm y tế cho người thuộc hộ gia đình nông nghiệp, ngư nghiệp có mức sống trung bình trên địa bàn tỉnh Hưng Yên giai đoạn 2023-2025",
bhyt,156208,11802,Căn cứ,False,True,False,,Quyết định số 170/2008/QĐ-TTg Về chế độ bảo hiểm y tế và trợ cấp mai táng đối với thanh niên xung phong thời kỳ kháng chiến chống Pháp
vien_phi,65855,65853,Văn bản căn cứ,True,False,False,Quyết định số 2758/QĐ-UBND V/v bổ sung danh mục và mức giá thu một phần viện phí Đo mật độ xương tại các cơ sở khám chữa bênh trên đia bàn tỉnh,
"bhyt,vien_phi",169268,174525,Văn bản quy định hết hiệu lực,False,True,False,,"Nghị quyết số 47/2024/NQ-HĐND Bãi bỏ Nghị quyết số 26/2024/NQ-HĐND ngày 23 tháng 7 năm 2024 của Hội đồng nhân dân tỉnh Quy định mức giá dịch vụ khám bệnh, chữa bệnh không thuộc phạm vi thanh toán của Quỹ bảo hiểm y tế mà không phải là dịch vụ khám bệnh, chữa bệnh theo yêu cầu trong các cơ sở khám bệnh, chữa bệnh của Nhà nước thuộc tỉnh Quảng Ngãi quản lý"
bhyt,140624,92948,"Quy định chi tiết, hướng dẫn thi hành",True,False,False,Thông tư số 30/2019/TT-BLĐTBXH Hướng dẫn lập danh sách đối tượng tham gia bảo hiểm y tế do Bộ Lao động - Thương binh và Xã hội quản lý,
bhyt,173064,167565,Căn cứ,True,False,False,"Nghị quyết số 31/2024/NQ-HĐND Về việc bãi bỏ Nghị quyết số 04/2024/NQ-HĐND ngày 21 tháng 5 năm 2024 của Hội đồng nhân dân tỉnh quy định giá cụ thể dịch vụ khám bệnh, chữa bệnh không thuộc danh mục do quỹ bảo hiểm y tế thanh toán mà không phải là dịch vụ khám bệnh, chữa bệnh theo yêu cầu đối với các cơ sở khám bệnh, chửa bệnh của Nhà nước trên địa bàn tỉnh Long An",
bhyt,100276,12326,Căn cứ,True,False,False,"Quyết định số 31/2015/QĐ-UBND Về việc bổ sung Điều 6 Quyết định số 25/2015/QĐ-UBND ngày 12 tháng 5 năm 2015 của Ủy ban nhân dân tỉnh quy định đăng ký khám bệnh, chữa bệnh ban đầu và chuyển tuyến khám bệnh, chữa bệnh bảo hiểm y tế trên địa bàn tỉnh Ninh Thuận",
bhyt,13349,10076,Căn cứ,True,False,False,"Quyết định số 119/2001/QĐ-UB về việc thực hiện chế độ bảo hiểm xã hội, bảo hiểm y tế đối với cán bộ y tế cơ sở",
bhyt,48242,12969,Dẫn chiếu,True,False,False,"Quyết định số 05/2015/QĐ-UBND Về việc thực hiện chế độ hỗ trợ bảo hiểm xã hội tự nguyện, bảo hiểm y tế cho công an viên và thôn, ấp, khu đội trưởng được bố trí ở thôn, ấp, khu phố trên địa bàn tỉnh Bà Rịa - Vũng Tàu",
bhyt,82164,38018,Dẫn chiếu,False,True,False,,Nghị định số 105/2014/NĐ-CP Quy định chi tiết và hướng dẫn thi hành một số điều của Luật Bảo hiểm y tế
bhyt,187533,178340,Căn cứ,True,False,False,Nghị quyết số 09/2026/NQ-HĐND Quy định mức hỗ trợ đóng bảo hiểm y tế cho một số đối tượng trên địa bàn tỉnh Điện Biên,
bhyt,186050,144342,Thay thế,True,False,True,Nghị quyết số 43/2025/NQ-HĐND Quy định mức hỗ trợ đóng bảo hiểm y tế cho các đối tượng được ngân sách nhà nước hỗ trợ mức đóng trên địa bàn tỉnh Đồng Tháp,
bhyt,178011,176696,Căn cứ,True,False,False,Nghị quyết số 09/2025/NQ-HĐND Quy định mức hỗ trợ đóng bảo hiểm y tế cho một số đối tượng trên địa bàn tỉnh An Giang,
bhyt,156310,139878,Căn cứ,True,False,False,"Nghị quyết số 11/2022/NQ-HĐND Quy định giá dịch vụ xét nghiệm SARS-CoV-2 không thuộc phạm vi thanh toán của Quỹ bảo hiểm y tế trong các cơ sở khám bệnh, chữa bệnh của Nhà nước trên địa bàn tỉnh Trà Vinh",
bhyt,187533,12326,Căn cứ,True,False,False,Nghị quyết số 09/2026/NQ-HĐND Quy định mức hỗ trợ đóng bảo hiểm y tế cho một số đối tượng trên địa bàn tỉnh Điện Biên,
bhyt,40357,21892,Căn cứ,True,False,False,Quyết định số 1005/QĐ-BHXH Về việc sửa đổi bổ sung một số điểm tại quy định về tổ chức thực hiện chế độ KCB bảo hiểm y tế ban hành kèm theo Quyết định số 2559/QĐ-BHXH ngày 27/9/2005 Của Tổng Giám đốc Bảo hiểm xã hội Việt Nam,
bhyt,89902,20068,Căn cứ,True,False,False,"Quyết định 5063/QĐ-UBND về Kế hoạch thực hiện Bảo hiểm y tế toàn dân trên địa bàn Thành phố Hồ Chí Minh, giai đoạn 2012 - 2015 và giai đoạn 2016 - 2020",
bhyt,184799,172923,Căn cứ,True,True,False,"Nghị quyết số 23/2025/NQ-HĐND Quy định mức hỗ trợ đóng bảo hiểm y tế đối với người thuộc hộ cận nghèo, người cao tuổi từ đủ 60 tuổi đến dưới 75 tuổi, người dân tộc thiểu số có khó khăn đặc thù trên địa bàn tỉnh Lào Cai",Luật Bảo hiểm y tế sửa đổi 2024 số Luật số 51/2024/QH15
"bhyt,vien_phi",177421,176730,Căn cứ,True,False,False,"Nghị quyết số 05/2025/NQ-HĐND Bãi bỏ Nghị quyết số 54/2019/NQ-HĐND ngày 13/12/2019 của Hội đồng nhân dân tỉnh Bình Định quy định mức giá dịch vụ khám bệnh, chữa bệnh không thuộc phạm vi thanh toán của Quỹ bảo hiểm y tế trong các cơ sở khám bệnh, chữa bệnh của Nhà nước thuộc tỉnh Bình Định",
bhyt,154285,38018,Căn cứ,False,True,False,,Nghị định số 105/2014/NĐ-CP Quy định chi tiết và hướng dẫn thi hành một số điều của Luật Bảo hiểm y tế
"bhyt,vien_phi",168588,103581,Căn cứ,True,False,False,"Nghị quyết số 26/2024/NQ-HĐND Quy định giá dịch vụ khám bệnh, chữa bệnh không thuộc danh mục do Quỹ bảo hiểm y tế thanh toán mà không phải là dịch vụ khám bệnh, chữa bệnh theo yêu cầu đối với các cơ sở khám bệnh, chữa bệnh của Nhà nước thuộc tỉnh Thanh Hóa quản lý",
"bhyt,vien_phi",173343,166391,Căn cứ,True,False,False,"Nghị quyết số 30/2024/NQ-HĐND Bãi bỏ Nghị quyết số 16/2019/NQ-HĐND ngày 04 tháng 10 năm 2019 của Hội đồng nhân dân tỉnh Hậu Giang quy định mức giá dịch vụ khám bệnh, chữa bệnh không thuộc phạm vi thanh toán của quỹ bảo hiểm y tế trong các cơ sở khám bệnh, chữa bệnh của Nhà nước trên địa bàn tỉnh Hậu Giang",
bhyt,100276,52484,Căn cứ,True,False,False,"Quyết định số 31/2015/QĐ-UBND Về việc bổ sung Điều 6 Quyết định số 25/2015/QĐ-UBND ngày 12 tháng 5 năm 2015 của Ủy ban nhân dân tỉnh quy định đăng ký khám bệnh, chữa bệnh ban đầu và chuyển tuyến khám bệnh, chữa bệnh bảo hiểm y tế trên địa bàn tỉnh Ninh Thuận",
bhyt,173922,170581,Căn cứ,True,False,False,"Nghị quyết số 32/2024/NQ-HĐND Quy định giá cụ thể dịch vụ khám bệnh, chữa bệnh do Quỹ bảo hiểm y tế thanh toán; giá cụ thể dịch vụ khám bệnh, chữa bệnh do ngân sách nhà nước thanh toán, giá cụ thể dịch vụ khám bệnh, chữa bệnh không thuộc danh mục do quỹ bảo hiểm y tế thanh toán mà không phải là dịch vụ khám bệnh, chữa bệnh theo yêu cầu đối với các cơ sở khám bệnh, chữa bệnh của Nhà nước trên địa bàn tỉnh Đắk Lắk",
"bhyt,vien_phi",174274,167197,Căn cứ,True,False,False,"Nghị quyết số 41/2024/NQ-HĐND Bãi bỏ Nghị quyết số 26/2024/NQ-HĐND ngày 31 tháng 5 năm 2024 của Hội đồng nhân dân tỉnh quy định giá dịch vụ khám bệnh, chữa bệnh không thuộc danh mục do Quỹ bảo hiểm y tế thanh toán mà không phải là dịch vụ khám bệnh, chữa bệnh theo yêu cầu đối với các cơ sở khám bệnh, chữa bệnh của Nhà nước thuộc tỉnh Thanh Hóa quản lý",
"bhyt,vien_phi",173084,70800,Căn cứ,True,False,False,"Nghị quyết số 17/2024/NQ-HĐND Bãi bỏ Nghị quyết số 08/2024/NQ-HĐND ngày 04 tháng 7 năm 2024 của Hội đồng nhân dân tỉnh Quy định mức giá dịch vụ khám bệnh, chữa bệnh không thuộc phạm vi thanh toán của Quỹ Bảo hiểm y tế mà không phải là dịch vụ khám bệnh, chữa bệnh theo yêu cầu trong các cơ sở khám bệnh, chữa bệnh của nhà nước thuộc tỉnh Tuyên Quang quản lý",
bhyt,171713,159368,"Quy định chi tiết, hướng dẫn thi hành",True,False,False,"Thông tư 37/2024/TT-BYT quy định nguyên tắc, tiêu chí xây dựng, cập nhật, ghi thông tin, cấu trúc danh mục và hướng dẫn thanh toán đối với thuốc hóa dược, sinh phẩm, thuốc phóng xạ và chất đánh dấu thuộc phạm vi được hưởng của người tham gia bảo hiểm y tế do Bộ trưởng Bộ Y tế ban hành",
bhyt,146838,132188,"Quy định chi tiết, hướng dẫn thi hành",True,False,False,"Quyết định số Số: 03/2021/QĐ-UBND Quy định mức hỗ trợ đóng bảo hiểm y tế cho người thuộc hộ gia đình cận nghèo, người thuộc hộ gia đình làm nông nghiệp, lâm nghiệp, ngư nghiệp có mức sống trung bình và học sinh, sinh viên trên địa bàn tỉnh Điện Biên",
bhyt,93166,20068,Căn cứ,True,False,False,"Quyết định số 60/2009/QĐ-UBND Ban hành Quy chế phối hợp trong thực hiện chính sách, pháp luật về bảo hiểm xã hội và bảo hiểm y tế trên địa bàn tỉnh Long An",
bhyt,133816,103581,Căn cứ,True,False,False,"Quyết định số 36/2018/QĐ-UBND Bãi bỏ Quyết định số 479/2011/QĐ-UBND ngày 27 tháng 12 năm 2011 của UBND tỉnh ban hành Quy định đối tượng, chế độ và trình tự, thủ tục hồ sơ hưởng trợ cấp đối với Dân quân tự vệ chưa tham gia bảo hiểm y tế, bảo hiểm xã hội bắt buộc bị ốm, bị chết, bị tai nạn trong khi làm nhiệm vụ",
bhyt,179711,172923,"Văn bản được HD, QĐ chi tiết",True,True,False,Nghị định số 188/2025/NĐ-CP hướng dẫn Luật Bảo hiểm y tế,Luật Bảo hiểm y tế sửa đổi 2024 số Luật số 51/2024/QH15
bhyt,121926,155147,Văn bản quy định hết hiệu lực,False,True,False,,"Quyết định số 18/2022/QĐ-UBND Ban hành Quy định đăng ký khám bệnh, chữa bệnh bảo hiểm y tế ban đầu và chuyển tuyến khám bệnh, chữa bệnh bảo hiểm y tế trên địa bàn tỉnh Ninh Thuận"
bhyt,163811,151301,Văn bản căn cứ,True,False,False,Nghị quyết số 32/2023/NQ-HĐND Quy định hỗ trợ mức đóng bảo hiểm y tế cho hộ thoát nghèo và hộ thoát cận nghèo trên địa bàn tỉnh Cà Mau đến năm 2025,
bhyt,140624,132188,"Quy định chi tiết, hướng dẫn thi hành",True,False,False,Thông tư số 30/2019/TT-BLĐTBXH Hướng dẫn lập danh sách đối tượng tham gia bảo hiểm y tế do Bộ Lao động - Thương binh và Xã hội quản lý,
bhyt,40272,79541,Căn cứ,True,False,False,Quyết định số 2559/QĐ-BHXH Ban hành quy định về tổ chức thực hiện chế độ khám chữa bệnh bảo hiểm y tế,
bhyt,175447,12326,Căn cứ,True,False,False,Nghị quyết số 05/2025/NQ-HĐND Quy định chính sách hỗ trợ 100% mức đóng bảo hiểm y tế theo hộ gia đình đối với người từ đủ 60 tuổi đến dưới 75 tuổi thuộc hộ cận nghèo và hộ có mức sống trung bình theo chuẩn thành phố trên địa bàn thành phố Đà Nẵng,
"bhyt,vien_phi",173768,146383,Căn cứ,True,False,False,"Nghị quyết số 114/2024/NQ-HĐND Bãi bỏ Nghị quyết số 23/2024/NQ-HĐND ngày 06 tháng 5 năm 2024 của HĐND tỉnh Bắc Giang quy định mức giá dịch vụ khám bệnh, chữa bệnh không thuộc phạm vi thanh toán của Quỹ bảo hiểm y tế trong các cơ sở khám bệnh, chữa bệnh của Nhà nước trên địa bàn tỉnh Bắc Giang",
bhyt,153839,70819,Căn cứ,True,False,False,Nghị quyết số 113/2022/NQ-UBND Quy định mức giá dịch vụ xét nghiệm SARS-CoV-2 không thuộc phạm vi thanh toán của Quỹ bảo hiểm y tế trên địa bàn tỉnh Hòa Bình,
bhyt,177832,172923,Căn cứ,True,True,False,"Thông tư số 99/2024/TT-BCA Quy định đăng ký khám bệnh, chữa bệnh bảo hiểm y tế ban đầu và chuyển người bệnh giữa các cơ sở khám bệnh, chữa bệnh thuộc Bộ Công an",Luật Bảo hiểm y tế sửa đổi 2024 số Luật số 51/2024/QH15
"bhyt,vien_phi",75997,20068,Căn cứ,True,False,False,"Nghị quyết số 25/2013/NQ-HĐND Về bãi bỏ bảng giá thu một phần viện phí tại trạm Y tế xã áp dụng cho người bệnh ngoại trú, nội trú có thẻ bảo hiểm y tế ban hành kèm theo Nghị quyết số 13/2008/NQ-HĐND ngày 16/12/2008 của Hội đồng nhân dân tỉnh Kon Tum khóa IX, kỳ họp thứ 11",
bhyt,54850,22843,Căn cứ,True,False,False,"Quyết định số 08/2015/QĐ-TTg Thí điểm về giao dịch điện tử trong việc thực hiện thủ tục tham gia bảo hiểm xã hội, bảo hiểm y tế, bảo hiểm thất nghiệp và đề nghị cấp sổ bảo hiểm xã hội, thẻ bảo hiểm y tế",
bhyt,18312,40272,"Văn bản HD, QĐ chi tiết",False,True,False,,Quyết định số 2559/QĐ-BHXH Ban hành quy định về tổ chức thực hiện chế độ khám chữa bệnh bảo hiểm y tế
"bhyt,vien_phi",184589,178717,Căn cứ,True,False,False,"Nghị quyết số 68/2025/NQ-HĐND Quy định mức hỗ trợ đóng bảo hiểm y tế cho các đối tượng cao hơn mức hỗ trợ tối thiểu; đối tượng được hỗ trợ và mức hỗ trợ cùng chi trả chi phí khám bệnh, chữa bệnh bảo hiểm y tế cho người tham gia bảo hiểm y tế khi đi khám bệnh, chữa bệnh trên địa bàn tỉnh Lâm Đồng",
"bhyt,vien_phi",173906,70800,Căn cứ,True,False,False,"Nghị quyết số 24/2024/NQ-HĐND Bãi bỏ Nghị quyết số 280/2019/NQ-HĐND ngày 08/10/2019 của Hội đồng nhân dân Tỉnh về việc ban hành bảng giá dịch vụ khám bệnh, chữa bệnh không thuộc phạm vi thanh toán của quỹ bảo hiểm y tế trong các cơ sở khám bệnh, chữa bệnh của nhà nước trên địa bàn tỉnh Đồng Tháp",
bhyt,154152,151650,Thay thế,True,False,True,Nghị quyết số 04/2022/NQ-HĐND Quy định giá dịch vụ xét nghiệm SARS-CoV-2 không thuộc phạm vi thanh toán của Quỹ Bảo hiểm y tế áp dụng cho các cơ sở y tế công lập thuộc tỉnh Phú Thọ quản lý,
bhyt,54850,15066,"Quy định chi tiết, hướng dẫn thi hành",True,False,False,"Quyết định số 08/2015/QĐ-TTg Thí điểm về giao dịch điện tử trong việc thực hiện thủ tục tham gia bảo hiểm xã hội, bảo hiểm y tế, bảo hiểm thất nghiệp và đề nghị cấp sổ bảo hiểm xã hội, thẻ bảo hiểm y tế",
bhyt,179711,95942,Căn cứ,True,False,False,Nghị định số 188/2025/NĐ-CP hướng dẫn Luật Bảo hiểm y tế,
bhyt,120801,70807,Căn cứ,True,False,False,"Quyết định số 04/2017/QĐ-UBND Quy định mức hỗ trợ đóng bảo hiểm y tế từ ngân sách địa phương cho đối tượng là người thuộc hộ gia đình làm nông nghiệp, lâm nghiệp, ngư nghiệp, diêm nghiệp có mức sống trung bình trên địa bàn tỉnh Nam Định",
"bhyt,vien_phi",167228,172810,Văn bản quy định hết hiệu lực,False,True,False,,"Nghị quyết số 26/2024/NQ-HĐND bãi bỏ Nghị quyết số 02/2024/NQ-HĐND ngày 26/02/2024 của HĐND tỉnh Quy định giá dịch vụ khám bệnh, chữa bệnh không thuộc phạm vi thanh toán của Quỹ Bảo hiểm y tế trong các cơ sở khám bệnh, chữa bệnh của Nhà nước trên địa bàn tỉnh Trà Vinh"
bhyt,167234,167233,Văn bản được sửa đổi,True,False,False,"Nghị quyết số 05/2024/NQ-HĐND Sửa đổi khoản 1 Điều 1 Nghị quyết số 19/2022/NQ-HĐND ngày 09 tháng 12 năm 2022 của Hội đồng nhân dân tỉnh quy định mức hỗ trợ đóng bảo hiểm y tế cho người có uy tín trong đồng bào dân tộc thiểu số không thuộc đối tượng đã được ngân sách nhà nước đóng và hỗ trợ mức đóng bảo hiểm y tế trên địa bàn tỉnh Trà Vinh, giai đoạn 2023 - 2025",
bhyt,17067,54850,"Văn bản HD, QĐ chi tiết",False,True,False,,"Quyết định số 08/2015/QĐ-TTg Thí điểm về giao dịch điện tử trong việc thực hiện thủ tục tham gia bảo hiểm xã hội, bảo hiểm y tế, bảo hiểm thất nghiệp và đề nghị cấp sổ bảo hiểm xã hội, thẻ bảo hiểm y tế"
bhyt,40977,24550,"Quy định chi tiết, hướng dẫn thi hành",True,False,False,"Quyết định số 82/QĐ-BHXH Ban hành quy định về tổ chức thực hiện hợp đồng khám chữa bệnh, giám định chi trả chi phí khám, chữa bệnh, quản lý và sử dụng quỹ bảo hiểm ý tế",
"bhyt,vien_phi",172978,170583,Căn cứ,True,False,False,"Nghị quyết số 111/2024/NQ-HĐND Bãi bỏ Nghị quyết số 78/2024/NQ-HĐND ngày 10 tháng 7 năm 2024 của Hội đồng nhân dân tỉnh Gia Lai quy định giá dịch vụ khám bệnh, chữa bệnh không thuộc phạm vi thanh toán của Quỹ Bảo hiểm y tế nhưng không phải là dịch vụ khám bệnh, chữa bệnh theo yêu cầu trong các cơ sở khám bệnh, chữa bệnh của Nhà nước thuộc tỉnh Gia Lai quản lý",
bhyt,136623,70819,Căn cứ,True,False,False,Nghị quyết số 83/2019/NQ-HĐND Hỗ trợ kinh phí mua thẻ bảo hiểm y tế cho người nhiễm HIV/AIDS và kinh phí cùng chi trả thuốc kháng vi-rút HIV (ARV) cho người nhiễm HIV/AIDS có thẻ bảo hiểm y tế trên địa bàn tỉnh Trà Vinh giai đoạn 2019 - 2020,
bhyt,184087,176707,Căn cứ,True,True,False,Thông tư số 98/2025/TT-BQP Hướng dẫn thực hiện một số điều của Nghị định số 188/2025/NĐ-CP ngày 01 tháng 7 năm 2025 của Chính phủ quy định chi tiết và hướng dẫn thi hành một số điều của Luật Bảo hiểm y tế đối với các đối tượng thuộc phạm vi quản lý của Bộ Quốc phòng,"Nghị định số 74/2025/NĐ-CP Sửa đổi, bổ sung một số điều của Nghị định số 70/2015/NĐ-CP ngày 01 tháng 09 năm 2015 của Chính phủ quy định chi tiết và hướng dẫn thi hành một số điều của Luật Bảo hiểm y tế đói với Quân đội nhân dân, công an nhân dân và người làm công tác cơ yếu"
bhyt,156404,70819,Căn cứ,True,False,False,"Quyết định số 49/2022/QĐ-UBND Quy định mức giá dịch vụ xét nghiệm SARS-CoV-2 trong trường hợp không thuộc phạm vi thanh toán của Quỹ bảo hiểm y tế tại các cơ sở khám bệnh, chữa bệnh công lập thuộc tỉnh Ninh Thuận",
bhyt,131826,70819,Căn cứ,True,False,False,"Quyết định số 24/2018/QĐ-UBND Bãi bỏ Quyết định số 21/2016/QĐ-UBND ngày 19/7/2016 của Ủy ban nhân dân tỉnh về việc ban hành quy định giá thu một số dịch vụ y tế không thuộc phạm vi thanh toán của Quỹ bảo hiểm y tế và đối với người bệnh không có thẻ bảo hiểm y tế tại các cơ sở khám bệnh, chữa bệnh công lập trên địa bàn tỉnh Bình Thuận.",
bhyt,127519,65845,Căn cứ,True,False,False,Quyết định số Số: 10/2018/QĐ-UBND Quy định mức hỗ trợ đóng bảo hiểm y tế cho người thuộc hộ gia đình nghèo đa chiều thiếu hụt dịch vụ xã hội cơ bản khác (không bị thiếu hụt bảo hiểm y tế) trên địa bàn tỉnh Điện Biên,
bhyt,176707,179772,"Văn bản HD, QĐ chi tiết",True,True,False,"Nghị định số 74/2025/NĐ-CP Sửa đổi, bổ sung một số điều của Nghị định số 70/2015/NĐ-CP ngày 01 tháng 09 năm 2015 của Chính phủ quy định chi tiết và hướng dẫn thi hành một số điều của Luật Bảo hiểm y tế đói với Quân đội nhân dân, công an nhân dân và người làm công tác cơ yếu","Thông tư số 63/2025/TT-BQP Quy định, hướng dẫn thực hiện một số điều của Nghị định số 70/2015/NĐ-CP ngày 01 tháng 9 năm 2015 của Chính phủ quy định chi tiết và hướng dẫn thi hành một số điều của Luật Bảo hiểm y tế đối với quân đội nhân dân, công an nhân dân và người làm công tác cơ yếu; Nghị định số 74/2025/NĐ-CP ngày 31 tháng 3 năm 2025 sửa đổi, bổ sung một số điều của Nghị định số 70/2015/NĐ-CP ngày 01 tháng 9 năm 2015 của Chính phủ"
bhyt,129506,161822,Văn bản bổ sung,False,True,False,,"Quyết định số 38/2023/QĐ-UBND Sửa đổi, bổ sung một số điều của Quyết định số 36/2018/QĐ-UBND ngày 13/6/2018 của Ủy ban nhân dân tỉnh Thừa Thiên Huế quy định mức hỗ trợ kinh phí đóng bảo hiểm y tế và chi phí cùng chi trả đối với thuốc kháng vi rút HIV (ARV) cho người nhiễm HIV/AIDS trên địa bàn tỉnh Thừa Thiên Huế"
bhyt,102592,27356,Căn cứ,True,False,False,Quyết định số 45/2012/QĐ-UBND Ban hành Đề án Hỗ trợ kinh phí mua thẻ bảo hiểm y tế cho hộ gia đình cận nghèo trên địa bàn tỉnh Ninh Thuận giai đoạn 2012 - 2015,
bhyt,173389,167197,Căn cứ,True,False,False,Nghị quyết số 42/2024/NQ-HĐND Về hỗ trợ chi phí mua thẻ bảo hiểm y tế cho người nhiễm HIV/AIDS và hỗ trợ chi phí cùng chi trả thuốc kháng vi rút HIV cho người nhiễm HIV/AIDS có thẻ bảo hiểm y tế trên địa bàn Thành phố Hồ Chí Minh,
bhyt,0682b030-84d3-11f1-8e08-0594f352574d,25164,Căn cứ,True,False,False,Nghị quyết số 60/2026/NQ-HĐND Quy định mức hỗ trợ đóng bảo hiểm y tế trên địa bàn tỉnh Quảng Ngãi,
"bhyt,vien_phi",173517,146383,Căn cứ,True,False,False,"Nghị quyết số 83/2024/NQ-HĐND Bãi bỏ Nghị quyết số 25/2024/NQ-HĐND ngày 17 tháng 7 năm 2024 của Hội đồng nhân dân tỉnh Lai Châu Quy định giá dịch vụ khám bệnh, chữa bệnh không thuộc phạm vi thanh toán của Quỹ bảo hiểm y tế trong các cơ sở khám bệnh, chữa bệnh của nhà nước thuộc tỉnh Lai Châu quản lý",
bhyt,127616,65845,Căn cứ,True,False,False,Nghị quyết số 46/2017/NQ-HĐND Quy định mức hỗ trợ đóng bảo hiểm y tế cho hộ cận nghèo năm 2018 và người thuộc hộ nghèo đa chiều thiếu hụt các dịch vụ xã hội cơ bản khác (không thiếu hụt bảo hiểm y tế) giai đoạn 2017-2018 trên địa bàn tỉnh Ninh Thuận,
bhyt,75564d60-84a0-11f1-84e2-a729d70b3baf,8619b9a0-5e55-11f1-8e5a-2929924511d6,Căn cứ,False,True,False,,"Nghị định 02/2025/NĐ-CP Sửa đổi, bổ sung một số điều của nghị định số 146/2018/NĐ-CP ngày 17 tháng 10 năm 2018 của chính phủ quy định chi tiết và hướng dẫn biện pháp thi hành luật bảo hiểm y tể, đã được sửa đổi, bổ sung một số điều tại nghị định số 75/2023/NĐ-CP ngày 19 tháng 10 năm 2023 của chính phủ"
"bhyt,vien_phi",142685,70800,Căn cứ,True,False,False,"Quyết định số 25/2020/QĐ-UBND Về việc bãi bỏ Quyết định số 51/2017/QĐ-UBND ngày 21 tháng 12 năm 2017 của Ủy ban nhân dân tỉnh Tây Ninh về việc quy định giá dịch vụ khám bệnh, chữa bệnh không thuộc phạm vi thanh toán của Qũy bảo hiểm y tế trong các cơ sở khám bệnh, chữa bệnh của Nhà nước trên địa bàn tỉnh Tây Ninh",
"bhyt,vien_phi",126175,73840,Thay thế,True,False,True,"Quyết định số 23/2017/QĐ-UBND Triển khai thực hiện Nghị quyết số 08/2017/NQ-HĐND Ngày 14 tháng 7 năm 2017 của Hội đồng nhân dân tỉnh Bạc Liêu về việc quy định mức giá dịch vụ khám bệnh, chữa bệnh không thuộc phạm vi thanh toán của Quỹ bảo hiểm y tế trong các cơ sở khám bệnh, chữa bệnh của Nhà nước trên địa bàn tỉnh Bạc Liêu",
bhyt,12326,62448,"Văn bản HD, QĐ chi tiết",False,True,False,,Quyết định số 538/QĐ-TTg Phê duyệt Đề án thực hiện lộ trình tiến tới bảo hiểm y tế toàn dân giai đoạn 2012-2015 và 2020
bhyt,178011,175363,Căn cứ,True,False,False,Nghị quyết số 09/2025/NQ-HĐND Quy định mức hỗ trợ đóng bảo hiểm y tế cho một số đối tượng trên địa bàn tỉnh An Giang,
bhyt,143185,135466,Căn cứ,False,True,False,,"Thông tư số 27/2018/TT-BYT Hướng dẫn thực hiện bảo hiểm y tế và khám bệnh, chữa bệnh liên quan đến HIV/AIDS"
bhyt,185204,175440,Căn cứ,True,False,False,"Nghị quyết số 91/2025/NQ-HĐND Quy định chính sách hỗ trợ đóng bảo hiểm y tế cho một số nhóm đối tượng trên địa bàn tỉnh Quảng Ninh, giai đoạn 2026-2030",
bhyt,185204,148604,Thay thế,True,False,True,"Nghị quyết số 91/2025/NQ-HĐND Quy định chính sách hỗ trợ đóng bảo hiểm y tế cho một số nhóm đối tượng trên địa bàn tỉnh Quảng Ninh, giai đoạn 2026-2030",
"bhyt,vien_phi",184589,145582,Thay thế,True,False,True,"Nghị quyết số 68/2025/NQ-HĐND Quy định mức hỗ trợ đóng bảo hiểm y tế cho các đối tượng cao hơn mức hỗ trợ tối thiểu; đối tượng được hỗ trợ và mức hỗ trợ cùng chi trả chi phí khám bệnh, chữa bệnh bảo hiểm y tế cho người tham gia bảo hiểm y tế khi đi khám bệnh, chữa bệnh trên địa bàn tỉnh Lâm Đồng",
bhyt,184454,179501,Căn cứ,True,False,False,"Nghị quyết số 56/2025/NQ-HĐND Quy định mức hỗ trợ đóng bảo hiểm y tế cho người cao tuổi, học sinh trên địa bàn Thành phố Hồ Chí Minh",
bhyt,152409,166391,Căn cứ,True,False,False,Nghị quyết số 15/2021/NQ-HĐND Về việc hỗ trợ kinh phí đóng bảo hiểm y tế đối với trẻ em có hoàn cảnh khó khăn đang được nuôi dưỡng tại các cơ sở bảo trợ xã hội ngoài công lập trên địa bàn tỉnh Kiên Giang,
bhyt,51097,17855,Căn cứ,True,False,False,"Nghị quyết số 52/2012/NQ-HĐND Về quy định mức trợ cấp ngày công lao động, hỗ trợ tiền ăn cho lực lượng dân quân khi thực hiện nhiệm vụ và chế độ bảo hiểm y tế cho lực lượng dân quân thường trực trên địa bàn tỉnh Quảng Nam",
bhyt,179711,79102,"Quy định chi tiết, hướng dẫn thi hành",True,False,False,Nghị định số 188/2025/NĐ-CP hướng dẫn Luật Bảo hiểm y tế,
vien_phi,108357,9909,Căn cứ,True,False,False,Thông tư liên tịch số 05/1999/TTLT/BLÐTBXH-BYT-BTC Thông tư hướng dẫn việc thực hiện khám chữa bệnh được miễn nộp một phần viện phí đối với người thuộc diện quá nghèo quy định tại Nghị định 95/CP ngày 27/8/1994 của Chính phủ,
bhyt,187392,179427,Căn cứ,True,False,False,Quyết định số 32/2026/QĐ-UBND triển khai Nghị quyết số 23/2025/NQ-HĐND ngày 10 tháng 12 năm 2025 của Hội đồng nhân dân tỉnh về việc quy định mức hỗ trợ đóng bảo hiểm y tế cho các đối tượng không được hưởng mức hỗ trợ từ ngân sách nhà nước đối với Thanh niên thi hành nghĩa vụ Kinh tế - Quốc phòng của tỉnh Tây Ninh và Đoàn xây dựng kinh tế Thanh niên trên địa bàn tỉnh Tây Ninh,
bhyt,89902,86816,Văn bản dẫn chiếu,True,False,False,"Quyết định 5063/QĐ-UBND về Kế hoạch thực hiện Bảo hiểm y tế toàn dân trên địa bàn Thành phố Hồ Chí Minh, giai đoạn 2012 - 2015 và giai đoạn 2016 - 2020",
vien_phi,119060,23094,Căn cứ,True,False,False,Quyết định số 2340/2007/QĐ-UBND Về việc Ban hành mức giá thu một phần viện phí và các dịch vụ y tế áp dụng tại các cơ sở khám chữa bệnh trong hệ thống y tế nhà nước thuộc tỉnh Thái Nguyên quản lý,
bhyt,83c773d0-64b9-11f1-9b44-bbe6b0239ff6,179501,Căn cứ,True,False,False,Nghị quyết số 08/2026/NQ-HĐND Quy định mức hỗ trợ đóng bảo hiểm y tế cho người có uy tín trong đồng bào dân tộc thiểu số không thuộc đối tượng đã được ngân sách nhà nước đóng và hỗ trợ đóng bảo hiểm y tế trên địa bàn tỉnh An Giang,
bhyt,4508b790-6869-11f1-896d-1f64195cf782,176696,Căn cứ,True,False,False,"Nghị quyết số 09/2026/NQ-HĐND Quy định mức hỗ trợ đóng bảo hiểm y tế cho đối tượng hộ cận nghèo trên địa bàn tỉnh Thanh Hóa, giai đoạn 2026 - 2030",
bhyt,185306,175440,Căn cứ,True,False,False,Nghị quyết số 75/2025/NQ-HĐND Quy định mức hỗ trợ đóng bảo hiểm y tế cho người bệnh phong tại Bệnh viện Bến Sắn; trẻ em và người có hoàn cảnh khó khăn trên địa bàn Thành phố Hồ Chí Minh,
bhyt,180170,70807,Căn cứ,True,False,False,"Nghị quyết số 08/2025/NQ-HĐND Quy định chính sách hỗ trợ thêm mức đóng bảo hiểm y tế cho một số đối tượng trên địa bàn tỉnh Nghệ An, giai đoạn 2026 – 2030",
"bhyt,vien_phi",174415,167892,Bãi bỏ,True,False,True,"Nghị quyết số 01/2025/NQ-HĐND Bãi bỏ Nghị quyết số 12/2024/NQ-HĐND ngày 17 tháng 6 năm 2024 của Hội đồng nhân dân tỉnh quy định giá dịch vụ khám bệnh, chữa bệnh không thuộc phạm vi thanh toán của Quỹ Bảo hiểm y tế nhưng không phải là đối tượng khám bệnh, chữa bệnh theo yêu cầu tại các cơ sở khám bệnh, chữa bệnh công lập thuộc tỉnh Thừa Thiên Huế",
"bhyt,vien_phi",141428,70800,"Quy định chi tiết, hướng dẫn thi hành",True,False,False,"Nghị quyết số 08/2019/NQ-HĐND Quy định giá dịch vụ khám bệnh, chữa bệnh không thuộc phạm vi thanh toán của Quỹ bảo hiểm y tế tại các cơ sở khám bệnh, chữa bệnh của Nhà nước do địa phương quản lý",
bhyt,130135,92948,Căn cứ,True,False,False,Nghị quyết số 59/2018/NQ-HĐND Quy định mức hỗ trợ đóng bảo hiểm y tế từ ngân sách nhà nước cho người thuộc hộ gia đình nghèo đa chiều thiếu hụt các dịch vụ xã hội cơ bản khác (không thiếu hụt Bảo hiểm y tế) trên địa bàn tỉnh,
bhyt,183010,36793,Căn cứ,True,False,False,Nghị quyết số 31/2015/NQ-HĐND Quy định mức hỗ trợ kinh phí đóng bảo hiểm y tế cho một số đối tượng có hộ khẩu thường trú tại tỉnh Ninh Bình,
bhyt,25987,22507,Căn cứ,True,False,False,"Quyết định số 87/2010/QĐ-TTg Về việc cho doanh nghiệp, người lao động thuộc Tập đoàn Công nghiệp tàu thủy Việt Nam và Tổng công ty Hàng hải Việt Nam vay để chi trả nợ tiền lương, nợ bảo hiểm xã hội, bảo hiểm y tế, bảo hiểm thất nghiệp, trợ cấp thôi việc, trợ cấp mất việc làm, tạo việc làm, học nghề",
bhyt,117603,127243,Văn bản bổ sung,False,True,False,,"Quyết định số 52/2017/QĐ-UBND Sửa đổi, bổ sung Quyết định số 52/2016/QĐ-UBND ngày 21/12/2016 của UBND tỉnh về việc hỗ trợ kinh phí đóng bảo hiểm y tế giai đoạn 2017-2020"
bhyt,52557,11130,Căn cứ,True,False,False,"Quyết định số 1847/2002/QĐ-UB V/v điều chỉnh mức đóng bảo hiểm y tế học sinh, sinh viên",
bhyt,267ffff0-6647-11f1-b01e-8bc328b4d0e9,148955,Căn cứ,True,False,False,Nghị quyết số 14/2026/NQ-HĐND Nghị quyết quy định chính sách hỗ trợ an sinh xã hội cho người dân thủ đô,
bhyt,181930,25583,Dẫn chiếu,True,False,False,Nghị quyết số 17/2025/NQ-HĐND Ban hành Quy định mức hỗ trợ đóng bảo hiểm y tế đối với một số đối tượng trên địa bàn tỉnh Vĩnh Long,
bhyt,180103,172923,Căn cứ,False,True,False,,Luật Bảo hiểm y tế sửa đổi 2024 số Luật số 51/2024/QH15
"bhyt,vien_phi",172835,166391,Căn cứ,True,False,False,"Nghị quyết số 25/2024/NQ-HĐND Bãi bỏ Nghị quyết số 03/2024/NQ-HĐND ngày 28/3/2024 của Hội đồng nhân dân tỉnh Bắc Kạn quy định giá dịch vụ khám bệnh, chữa bệnh không thuộc phạm vi thanh toán của Quỹ Bảo hiểm y tế trong các cơ sở khám bệnh, chữa bệnh của nhà nước thuộc tỉnh Bắc Kạn quản lý và mức giá dịch vụ khám bệnh, chữa bệnh trong một số trường hợp",
bhyt,177832,165765,Căn cứ,True,False,False,"Thông tư số 99/2024/TT-BCA Quy định đăng ký khám bệnh, chữa bệnh bảo hiểm y tế ban đầu và chuyển người bệnh giữa các cơ sở khám bệnh, chữa bệnh thuộc Bộ Công an",
bhyt,67542,143761,Văn bản quy định hết hiệu lực,False,True,False,,"Quyết định số 37/2020/QĐ-UBND Về việc bãi bỏ Quyết định số 28/2013/QĐ-UBND ngày 26/7/2013 của UBND tỉnh ban hành quy định phối hợp giải quyết thủ tục hành chính về đăng ký khai sinh, khai tử, bảo hiểm y tế và đăng ký thường trú trên địa bàn tỉnh và Quyết định số 23/2015/QĐ-UBND ngày 01/6/2015 về việc sửa đổi, bổ sung Quyết định số 28/2013/QĐ-UBND ngày 26/7/2013 của UBND tỉnh"
bhyt,143761,92897,Căn cứ,True,False,False,"Quyết định số 37/2020/QĐ-UBND Về việc bãi bỏ Quyết định số 28/2013/QĐ-UBND ngày 26/7/2013 của UBND tỉnh ban hành quy định phối hợp giải quyết thủ tục hành chính về đăng ký khai sinh, khai tử, bảo hiểm y tế và đăng ký thường trú trên địa bàn tỉnh và Quyết định số 23/2015/QĐ-UBND ngày 01/6/2015 về việc sửa đổi, bổ sung Quyết định số 28/2013/QĐ-UBND ngày 26/7/2013 của UBND tỉnh",
vien_phi,119060,16518,Căn cứ,True,False,False,Quyết định số 2340/2007/QĐ-UBND Về việc Ban hành mức giá thu một phần viện phí và các dịch vụ y tế áp dụng tại các cơ sở khám chữa bệnh trong hệ thống y tế nhà nước thuộc tỉnh Thái Nguyên quản lý,
bhyt,180170,146198,Bãi bỏ,True,False,True,"Nghị quyết số 08/2025/NQ-HĐND Quy định chính sách hỗ trợ thêm mức đóng bảo hiểm y tế cho một số đối tượng trên địa bàn tỉnh Nghệ An, giai đoạn 2026 – 2030",
bhyt,175447,177785,Căn cứ,True,False,False,Nghị quyết số 05/2025/NQ-HĐND Quy định chính sách hỗ trợ 100% mức đóng bảo hiểm y tế theo hộ gia đình đối với người từ đủ 60 tuổi đến dưới 75 tuổi thuộc hộ cận nghèo và hộ có mức sống trung bình theo chuẩn thành phố trên địa bàn thành phố Đà Nẵng,
"bhyt,vien_phi",173101,168128,Căn cứ,True,False,False,"Nghị quyết số 22/2024/NQ-HĐND Bãi bỏ Nghị quyết số 07/2020/NQ-HĐND ngày 11 tháng 6 năm 2020 của Hội đồng nhân dân tỉnh Quy định giá dịch vụ khám bệnh, chữa bệnh không thuộc phạm vi thanh toán của Quỹ bảo hiểm y tế trong các cơ sở khám bệnh, chữa bệnh công lập trên địa bàn tỉnh",
bhyt,152409,70819,Căn cứ,True,False,False,Nghị quyết số 15/2021/NQ-HĐND Về việc hỗ trợ kinh phí đóng bảo hiểm y tế đối với trẻ em có hoàn cảnh khó khăn đang được nuôi dưỡng tại các cơ sở bảo trợ xã hội ngoài công lập trên địa bàn tỉnh Kiên Giang,
"bhyt,vien_phi",143848,139878,Căn cứ,True,False,False,"Quyết định số 28/2020/QĐ-UBND Quy định giá dịch vụ khám bệnh, chữa bệnh không thuộc phạm vi thanh toán của Quỹ bảo hiểm y tế trong các cơ sở khám bệnh, chữa bệnh của Nhà nước trên địa bàn tỉnh Ninh Thuận.",
bhyt,138627,152409,Văn bản quy định hết hiệu lực,False,True,False,,Nghị quyết số 15/2021/NQ-HĐND Về việc hỗ trợ kinh phí đóng bảo hiểm y tế đối với trẻ em có hoàn cảnh khó khăn đang được nuôi dưỡng tại các cơ sở bảo trợ xã hội ngoài công lập trên địa bàn tỉnh Kiên Giang
bhyt,173743,168128,Căn cứ,True,False,False,"Nghị quyết số 118/2024/NQ-HĐND Bãi bỏ Nghị quyết số 32/2024/NQ-HĐND ngày 11 tháng 7 năm 2024 của Hội đồng nhân dân tỉnh quy định giá cụ thể dịch vụ khám bệnh, chữa bệnh không thuộc phạm vi thanh toán của Quỹ bảo hiểm y tế nhưng không phải là đối tượng khám chữa bệnh theo yêu cầu trong các cơ sở khám bệnh, chữa bệnh của Nhà nước trên địa bàn tỉnh Kon Tum",
bhyt,153950,139878,Căn cứ,True,False,False,Nghị quyết số 13/2022/NQ-HĐND Quy định giá dịch vụ xét nghiệm SARS-CoV-2 không thuộc phạm vi thanh toán của Quỹ bảo hiểm y tế trong các cơ sở khám chữa bệnh của Nhà nước thuộc phạm vi quản lý của tỉnh Nam Định,
"bhyt,vien_phi",141428,52575,Căn cứ,True,False,False,"Nghị quyết số 08/2019/NQ-HĐND Quy định giá dịch vụ khám bệnh, chữa bệnh không thuộc phạm vi thanh toán của Quỹ bảo hiểm y tế tại các cơ sở khám bệnh, chữa bệnh của Nhà nước do địa phương quản lý",
bhyt,a8024a50-83f3-11f1-9f42-03eb144ddbd7,8619b9a0-5e55-11f1-8e5a-2929924511d6,Căn cứ,False,True,False,,"Nghị định 02/2025/NĐ-CP Sửa đổi, bổ sung một số điều của nghị định số 146/2018/NĐ-CP ngày 17 tháng 10 năm 2018 của chính phủ quy định chi tiết và hướng dẫn biện pháp thi hành luật bảo hiểm y tể, đã được sửa đổi, bổ sung một số điều tại nghị định số 75/2023/NĐ-CP ngày 19 tháng 10 năm 2023 của chính phủ"
bhyt,170853,146648,Căn cứ,True,False,False,"Nghị định số 63/2024/NĐ-CP Quy định việc thực hiện liên thông điện tử 02 nhóm thủ tục hành chính: Đăng ký khai sinh, đăng ký thường trú, cấp thẻ bảo hiểm y tế cho trẻ em dưới 6 tuổi; đăng ký khai tử, xóa đăng ký thường trú, giải quyết mai táng phí, tử tuất",
bhyt,187392,172923,Căn cứ,True,True,False,Quyết định số 32/2026/QĐ-UBND triển khai Nghị quyết số 23/2025/NQ-HĐND ngày 10 tháng 12 năm 2025 của Hội đồng nhân dân tỉnh về việc quy định mức hỗ trợ đóng bảo hiểm y tế cho các đối tượng không được hưởng mức hỗ trợ từ ngân sách nhà nước đối với Thanh niên thi hành nghĩa vụ Kinh tế - Quốc phòng của tỉnh Tây Ninh và Đoàn xây dựng kinh tế Thanh niên trên địa bàn tỉnh Tây Ninh,Luật Bảo hiểm y tế sửa đổi 2024 số Luật số 51/2024/QH15
bhyt,127617,65845,Căn cứ,True,False,False,Quyết định số 02/2018/QĐ-UBND Quy định mức hỗ trợ đóng bảo hiểm y tế cho hộ cận nghèo năm 2018 và người thuộc hộ nghèo đa chiều thiếu hụt các dịch vụ xã hội cơ bản khác (không thiếu hụt bảo hiểm y tế) gai đoạn 2017-2018 trên địa bàn tỉnh Ninh Thuận,
"bhyt,vien_phi",74460,126175,Văn bản quy định hết hiệu lực,False,True,False,,"Quyết định số 23/2017/QĐ-UBND Triển khai thực hiện Nghị quyết số 08/2017/NQ-HĐND Ngày 14 tháng 7 năm 2017 của Hội đồng nhân dân tỉnh Bạc Liêu về việc quy định mức giá dịch vụ khám bệnh, chữa bệnh không thuộc phạm vi thanh toán của Quỹ bảo hiểm y tế trong các cơ sở khám bệnh, chữa bệnh của Nhà nước trên địa bàn tỉnh Bạc Liêu"
vien_phi,49919,49914,Văn bản hết hiệu lực,True,False,False,"Quyết định số 72/2012/QĐ-UBND Về việc quy định đơn giá dịch vụ khám bệnh, chữa bệnh tại các cơ sở khám bệnh, chữa bệnh của nhà nước trên địa bàn tỉnh Nghệ An",
bhyt,38018,58497,"Văn bản HD, QĐ chi tiết",True,False,False,Nghị định số 105/2014/NĐ-CP Quy định chi tiết và hướng dẫn thi hành một số điều của Luật Bảo hiểm y tế,
bhyt,187259,36793,Căn cứ,True,False,False,Nghị quyết số 27/2026/NQ-HĐND Quy định mức hỗ trợ đóng bảo hiểm y tế trên địa bàn tỉnh giai đoạn 2026 - 2030.,
bhyt,184909,155317,Thay thế,True,False,True,Nghị quyết số 36/2025/NQ-HĐND quy định mức hỗ trợ đóng bảo hiểm y tế cho một số đối tượng trên địa bàn tỉnh Đồng Nai giai đoạn 2026 - 2030,
"bhyt,vien_phi",173130,166391,Căn cứ,True,False,False,"Nghị quyết số 30/2024/NQ-HĐND Bãi bỏ Nghị quyết số 15/2019/NQ-HĐND ngày 06 tháng 12 năm 2019 của Hội đồng nhân dân tỉnh Sóc Trăng quy định giá dịch vụ khám bệnh, chữa bệnh không thuộc phạm vi thanh toán của Quỹ bảo hiểm y tế trong các cơ sở khám bệnh, chữa bệnh của Nhà nước trên địa bàn tỉnh Sóc Trăng",
"bhyt,vien_phi",173768,167000,Bãi bỏ,True,False,True,"Nghị quyết số 114/2024/NQ-HĐND Bãi bỏ Nghị quyết số 23/2024/NQ-HĐND ngày 06 tháng 5 năm 2024 của HĐND tỉnh Bắc Giang quy định mức giá dịch vụ khám bệnh, chữa bệnh không thuộc phạm vi thanh toán của Quỹ bảo hiểm y tế trong các cơ sở khám bệnh, chữa bệnh của Nhà nước trên địa bàn tỉnh Bắc Giang",
bhyt,165362,70819,Căn cứ,True,False,False,"Nghị quyết số 336/2022/NQ-HĐND Quy định mức hỗ trợ từ ngân sách nhà nước đóng bảo hiểm y tế cho người thuộc hộ gia đình nông nghiệp, ngư nghiệp có mức sống trung bình trên địa bàn tỉnh Hưng Yên giai đoạn 2023-2025",
"bhyt,vien_phi",141428,52575,"Quy định chi tiết, hướng dẫn thi hành",True,False,False,"Nghị quyết số 08/2019/NQ-HĐND Quy định giá dịch vụ khám bệnh, chữa bệnh không thuộc phạm vi thanh toán của Quỹ bảo hiểm y tế tại các cơ sở khám bệnh, chữa bệnh của Nhà nước do địa phương quản lý",
bhyt,ee419780-656e-11f1-b437-81b3f61f1110,8619b9a0-5e55-11f1-8e5a-2929924511d6,Căn cứ,False,True,False,,"Nghị định 02/2025/NĐ-CP Sửa đổi, bổ sung một số điều của nghị định số 146/2018/NĐ-CP ngày 17 tháng 10 năm 2018 của chính phủ quy định chi tiết và hướng dẫn biện pháp thi hành luật bảo hiểm y tể, đã được sửa đổi, bổ sung một số điều tại nghị định số 75/2023/NĐ-CP ngày 19 tháng 10 năm 2023 của chính phủ"
bhyt,156404,25170,Căn cứ,True,False,False,"Quyết định số 49/2022/QĐ-UBND Quy định mức giá dịch vụ xét nghiệm SARS-CoV-2 trong trường hợp không thuộc phạm vi thanh toán của Quỹ bảo hiểm y tế tại các cơ sở khám bệnh, chữa bệnh công lập thuộc tỉnh Ninh Thuận",
bhyt,158071,184708,Văn bản quy định hết hiệu lực,False,True,False,,"Nghị quyết số 57/2025/NQ-HĐND Quy định chính sách hỗ trợ mức đóng bảo hiểm y tế cho các nhóm đối tượng xã hội đang thường trú trên địa bàn thành phố Hải Phòng, giai đoạn 2026 - 2030"
"bhyt,vien_phi",173463,70800,Căn cứ,True,False,False,"Nghị quyết số 13/2024/NQ-HĐND Về việc Bãi bỏ các Nghị quyết của Hội đồng nhân dân tỉnh quy định giá dịch vụ khám bệnh, chữa bệnh không thuộc phạm vi thanh toán của Quỹ bảo hiểm y tế trong các cơ sở khám bệnh, chữa bệnh của Nhà nước trên địa bàn tỉnh Bắc Ninh",
bhyt,13323,18312,Căn cứ,True,False,False,Quyết định số 16/QĐ-UBND về việc hỗ trợ kinh phí cho đối tượng cận nghèo tham gia bảo hiểm y tế tự nguyện,
"bhyt,vien_phi",173101,139878,Căn cứ,True,False,False,"Nghị quyết số 22/2024/NQ-HĐND Bãi bỏ Nghị quyết số 07/2020/NQ-HĐND ngày 11 tháng 6 năm 2020 của Hội đồng nhân dân tỉnh Quy định giá dịch vụ khám bệnh, chữa bệnh không thuộc phạm vi thanh toán của Quỹ bảo hiểm y tế trong các cơ sở khám bệnh, chữa bệnh công lập trên địa bàn tỉnh",
bhyt,155518,25170,Căn cứ,True,False,False,Nghị quyết số 10/2022/NQ-HĐND Quy định mức giá dịch vụ xét nghiệm SARS-CoV-2 bao gồm chi phí trực tiếp và chi phí tiền lương (chưa bao gồm sinh phẩm xét nghiệm phản ứng) trong trường hợp không thuộc phạm vi thanh toán của Quỹ bảo hiểm y tế trên địa bàn tỉnh An Giang,
"bhyt,vien_phi",141428,137200,"Quy định chi tiết, hướng dẫn thi hành",True,False,False,"Nghị quyết số 08/2019/NQ-HĐND Quy định giá dịch vụ khám bệnh, chữa bệnh không thuộc phạm vi thanh toán của Quỹ bảo hiểm y tế tại các cơ sở khám bệnh, chữa bệnh của Nhà nước do địa phương quản lý",
bhyt,11735,11802,Dẫn chiếu,False,True,False,,Quyết định số 170/2008/QĐ-TTg Về chế độ bảo hiểm y tế và trợ cấp mai táng đối với thanh niên xung phong thời kỳ kháng chiến chống Pháp
bhyt,158729,12326,Căn cứ,True,False,False,Quyết định số 81/2022/QĐ-UBND Quy định mức hỗ trợ đóng bảo hiểm y tế cho người thuộc hộ gia đình cận nghèo giai đoạn 2023-2025 trên địa bàn tỉnh Ninh Thuận,
bhyt,159070,46744,Căn cứ,True,False,False,"Nghị quyết số 34/2022/NQ-HĐND Quy định việc hỗ trợ đóng bảo hiểm xã hội và bảo hiểm y tế cho ấp (khu) đội trưởng, người hoạt động không chuyên trách ở ấp, khu phố và người trực tiếp tham gia công việc ở ấp, khu phố trên địa bàn tỉnh Kiên Giang",
bhyt,185037,158071,Thay thế,True,False,True,"Nghị quyết số 57/2025/NQ-HĐND Quy định chính sách hỗ trợ mức đóng bảo hiểm y tế cho các nhóm đối tượng xã hội đang thường trú trên địa bàn thành phố Hải Phòng, giai đoạn 2026 - 2030",
bhyt,184970,178340,Căn cứ,True,False,False,Nghị quyết số 29/2025/NQ-HĐND Quy định mức hỗ trợ đóng bảo hiểm y tế cho một số đối tượng tham gia bảo hiểm y tế trên địa bàn tỉnh Cao Bằng giai đoạn 2026 - 2030,
bhyt,185524,60298,Căn cứ,True,False,False,"Nghị quyết số 818/2025/NQ-HĐND Quy định mức hỗ trợ từ ngân sách nhà nước đóng bảo hiểm y tế, bảo hiểm xã hội tự nguyện cho một số đối tượng trên địa bàn tỉnh Hưng Yên",
bhyt,159113,151168,Căn cứ,True,False,False,Nghị quyết số 09/2022/NQ-HĐND Quy định giá dịch vụ xét nghiệm SARS-CoV-2 (chưa bao gồm chi phí sinh phẩm xét nghiệm) trong trường hợp không thuộc phạm vi thanh toán của Quỹ bảo hiểm y tế đối với các cơ sở y tế công lập trên địa bàn tỉnh Vĩnh Phúc,
bhyt,153741,153632,Căn cứ,True,False,False,"Nghị quyết số 88/2022/NQ-HĐND về ban hành giá dịch vụ xét nghiệm SARC-CoV-2 không thuộc phạm vi thanh toán của quỹ bảo hiểm y tế trong các cơ sở khám bệnh, chữa bệnh của Nhà nước do tỉnh Quảng Ninh quản lý",
bhyt,171885,169565,Dẫn chiếu,True,True,False,"Thông tư 39/2024/TT-BYT sửa đổi Thông tư 35/2016/TT-BYT về Danh mục và tỷ lệ, điều kiện thanh toán đối với dịch vụ kỹ thuật y tế thuộc phạm vi được hưởng của người tham gia bảo hiểm y tế do Bộ trưởng Bộ Y tế ban hành","Thông tư 13/2020/TT-BYT sửa đổi Thông tư 35/2016/TT-BYT về Danh mục và tỷ lệ, điều kiện thanh toán đối với dịch vụ kỹ thuật y tế thuộc phạm vi được hưởng của người tham gia bảo hiểm y tế do Bộ trưởng Bộ Y tế ban hành"
bhyt,123510,92948,Dẫn chiếu,True,False,False,Nghị quyết số 68/2017/NQ-HĐND Quy định mức hỗ trợ kinh phí đóng bảo hiểm y tế và chi phí cùng chi trả sử dụng thuốc kháng vi rút HIV đối với người nhiễm HIV/AIDS trên địa bàn tỉnh Điện Biên,
"bhyt,vien_phi",168588,168128,Căn cứ,True,False,False,"Nghị quyết số 26/2024/NQ-HĐND Quy định giá dịch vụ khám bệnh, chữa bệnh không thuộc danh mục do Quỹ bảo hiểm y tế thanh toán mà không phải là dịch vụ khám bệnh, chữa bệnh theo yêu cầu đối với các cơ sở khám bệnh, chữa bệnh của Nhà nước thuộc tỉnh Thanh Hóa quản lý",
bhyt,156169,27624,Căn cứ,True,False,False,"Nghị quyết số 12/2022/NQ-HĐND Quy định mức giá dịch vụ xét nghiệm SARS-CoV-2 trong trường hợp không thuộc phạm vi thanh toán của Quỹ bảo hiểm y tế tại các cơ sở khám bệnh, chữa bệnh công lập thuộc tỉnh Ninh Thuận",
bhyt,155298,153632,Căn cứ,True,False,False,"Nghị quyết số 65/2022/NQ-HĐND Quy định mức giá dịch vụ xét nghiệm SARS-CoV-2 không thuộc phạm vi thanh toán của Quỹ bảo hiểm y tế (chưa bao gồm chi phí sinh phẩm xét nghiệm SARS-CoV-2) tại cơ sở khám bệnh, chữa bệnh của Nhà nước trên địa bàn tỉnh Hà Tĩnh",
bhyt,165832,115741,Bãi bỏ,True,False,True,"Quyết định số 48/2023/QĐ-UBND Bãi bỏ Quyết định số 42/2016/QĐ-UBND ngày 28 tháng 10 năm 2016 của Ủy ban nhân dân Thành phố ban hành Quy chế thực hiện liên thông thủ tục hành chính về đăng ký khai sinh, đăng ký thường trú, cấp thẻ bảo hiểm y tế cho trẻ em dưới 06 tuổi và đăng ký khai tử, xóa đăng ký thường trú trên địa bàn Thành phố Hồ Chí Minh",
bhyt,155147,70819,Căn cứ,True,False,False,"Quyết định số 18/2022/QĐ-UBND Ban hành Quy định đăng ký khám bệnh, chữa bệnh bảo hiểm y tế ban đầu và chuyển tuyến khám bệnh, chữa bệnh bảo hiểm y tế trên địa bàn tỉnh Ninh Thuận",
bhyt,14804,40272,"Văn bản HD, QĐ chi tiết",False,True,False,,Quyết định số 2559/QĐ-BHXH Ban hành quy định về tổ chức thực hiện chế độ khám chữa bệnh bảo hiểm y tế
bhyt,184559,178340,Căn cứ,True,False,False,Nghị quyết số 64/2025/NQ-HĐND Quy định mức hỗ trợ đóng bảo hiểm y tế cho một số đối tượng trên địa bàn tỉnh Phú Thọ giao đoạn 2026-2030,
vien_phi,45773,10274,Căn cứ,True,False,False,"Quyết định số 1169/QĐ-UBND Về giá thu một phần viện phí, lệ phí tại các cơ sở y tế",
bhyt,187259,172923,Căn cứ,True,True,False,Nghị quyết số 27/2026/NQ-HĐND Quy định mức hỗ trợ đóng bảo hiểm y tế trên địa bàn tỉnh giai đoạn 2026 - 2030.,Luật Bảo hiểm y tế sửa đổi 2024 số Luật số 51/2024/QH15
"bhyt,vien_phi",172835,167197,Căn cứ,True,False,False,"Nghị quyết số 25/2024/NQ-HĐND Bãi bỏ Nghị quyết số 03/2024/NQ-HĐND ngày 28/3/2024 của Hội đồng nhân dân tỉnh Bắc Kạn quy định giá dịch vụ khám bệnh, chữa bệnh không thuộc phạm vi thanh toán của Quỹ Bảo hiểm y tế trong các cơ sở khám bệnh, chữa bệnh của nhà nước thuộc tỉnh Bắc Kạn quản lý và mức giá dịch vụ khám bệnh, chữa bệnh trong một số trường hợp",
"bhyt,vien_phi",169332,27624,Căn cứ,True,False,False,"Nghị quyết số 06/2024/NQ-HĐND Về việc ban hành mức giá dịch vụ khám bệnh, chữa bệnh không thuộc phạm vi thanh toán của Quỹ bảo hiểm y tế mà không phải là dịch vụ khám bệnh, chữa bệnh theo yêu cầu tại các cơ sở khám bệnh, chữa bệnh của Nhà nước trên địa bàn tỉnh Khánh Hòa",
bhyt,97966,67295,Căn cứ,False,True,False,,"Thông tư liên tịch số 05/2015/TTLT-BTP-BCA-BYT Hướng dẫn thực hiện liên thông các thủ tục hành chính về đăng ký khai sinh, đăng ký thường trú, cấp thẻ bảo hiểm y tế cho trẻ em dưới 6 tuổi"
bhyt,153950,146383,Căn cứ,True,False,False,Nghị quyết số 13/2022/NQ-HĐND Quy định giá dịch vụ xét nghiệm SARS-CoV-2 không thuộc phạm vi thanh toán của Quỹ bảo hiểm y tế trong các cơ sở khám chữa bệnh của Nhà nước thuộc phạm vi quản lý của tỉnh Nam Định,
bhyt,49760,26898,Dẫn chiếu,True,False,False,"Chỉ thị số 29/2012/CT-UBND Về việc tăng cường trách nhiệm trong sử dụng, quản lý quỹ Bảo hiểm y tế",
bhyt,178647,176707,Căn cứ,False,True,False,,"Nghị định số 74/2025/NĐ-CP Sửa đổi, bổ sung một số điều của Nghị định số 70/2015/NĐ-CP ngày 01 tháng 09 năm 2015 của Chính phủ quy định chi tiết và hướng dẫn thi hành một số điều của Luật Bảo hiểm y tế đói với Quân đội nhân dân, công an nhân dân và người làm công tác cơ yếu"
bhyt,79927,38018,Căn cứ,False,True,False,,Nghị định số 105/2014/NĐ-CP Quy định chi tiết và hướng dẫn thi hành một số điều của Luật Bảo hiểm y tế
bhyt,18127,30353,"Văn bản HD, QĐ chi tiết",False,True,False,,Thông tư số 06/2013/TT-BYT Hướng dẫn thực hiện thí điểm quản lý giá thuốc bằng phương pháp thặng số bán buôn tối đa toàn chặng đối với thuốc do ngân sách nhà nước và bảo hiểm y tế chi trả
bhyt,40977,24550,Căn cứ,True,False,False,"Quyết định số 82/QĐ-BHXH Ban hành quy định về tổ chức thực hiện hợp đồng khám chữa bệnh, giám định chi trả chi phí khám, chữa bệnh, quản lý và sử dụng quỹ bảo hiểm ý tế",
bhyt,c55da810-6b93-11f1-ae50-93204d3d31ff,179082,Căn cứ,True,False,False,"Thông tư số 116/2025/TT-BTC Hướng dẫn thực hiện cơ chế tài chính về bảo hiểm xã hội, bảo hiểm thất nghiệp, bảo hiểm y tế; chi tổ chức và hoạt động bảo hiểm xã hội, bảo hiểm thất nghiệp, bảo hiểm y tế",
bhyt,83649,80581,Văn bản căn cứ,True,False,False,Nghị quyết số 163/2014/NQ-HĐND Về việc hỗ trợ kinh phí để thực hiện lộ trình tiến tới bảo hiểm y tế toàn dân trên địa bàn tỉnh Vĩnh Phúc giai đoạn 2015 – 2020,
bhyt,8619b9a0-5e55-11f1-8e5a-2929924511d6,70821,Căn cứ,True,False,False,"Nghị định 02/2025/NĐ-CP Sửa đổi, bổ sung một số điều của nghị định số 146/2018/NĐ-CP ngày 17 tháng 10 năm 2018 của chính phủ quy định chi tiết và hướng dẫn biện pháp thi hành luật bảo hiểm y tể, đã được sửa đổi, bổ sung một số điều tại nghị định số 75/2023/NĐ-CP ngày 19 tháng 10 năm 2023 của chính phủ",
"bhyt,vien_phi",184589,165236,Thay thế,True,False,True,"Nghị quyết số 68/2025/NQ-HĐND Quy định mức hỗ trợ đóng bảo hiểm y tế cho các đối tượng cao hơn mức hỗ trợ tối thiểu; đối tượng được hỗ trợ và mức hỗ trợ cùng chi trả chi phí khám bệnh, chữa bệnh bảo hiểm y tế cho người tham gia bảo hiểm y tế khi đi khám bệnh, chữa bệnh trên địa bàn tỉnh Lâm Đồng",
bhyt,183009,20068,Căn cứ,True,False,False,Nghị quyết số 10/2013/NQ-HĐND Hỗ trợ kinh phí từ Ngân sách tỉnh để mua Bảo hiểm y tế cho Người cao tuổi trên địa bàn tỉnh Ninh Bình,
bhyt,30353,25723,Dẫn chiếu,True,False,False,Thông tư số 06/2013/TT-BYT Hướng dẫn thực hiện thí điểm quản lý giá thuốc bằng phương pháp thặng số bán buôn tối đa toàn chặng đối với thuốc do ngân sách nhà nước và bảo hiểm y tế chi trả,
bhyt,88756,24549,Dẫn chiếu,True,False,False,Chỉ thị 04/2011/CT-UBND về tăng cường thực hiện Luật Bảo hiểm xã hội và Luật Bảo hiểm y tế trên địa bàn huyện Hóc Môn do Ủy ban nhân dân huyện Hóc Môn ban hành,
bhyt,184890,12326,Căn cứ,True,False,False,Nghị quyết số 35/2025/NQ-HĐND Quy định mức hỗ trợ kinh phí đóng bảo hiểm y tế cho một số đối tượng trên địa bàn tỉnh Gia Lai,
bhyt,267ffff0-6647-11f1-b01e-8bc328b4d0e9,178340,Căn cứ,True,False,False,Nghị quyết số 14/2026/NQ-HĐND Nghị quyết quy định chính sách hỗ trợ an sinh xã hội cho người dân thủ đô,
bhyt,185524,165362,Tạm ngưng hiệu lực,True,True,False,"Nghị quyết số 818/2025/NQ-HĐND Quy định mức hỗ trợ từ ngân sách nhà nước đóng bảo hiểm y tế, bảo hiểm xã hội tự nguyện cho một số đối tượng trên địa bàn tỉnh Hưng Yên","Nghị quyết số 336/2022/NQ-HĐND Quy định mức hỗ trợ từ ngân sách nhà nước đóng bảo hiểm y tế cho người thuộc hộ gia đình nông nghiệp, ngư nghiệp có mức sống trung bình trên địa bàn tỉnh Hưng Yên giai đoạn 2023-2025"
bhyt,126957,65845,Căn cứ,True,False,False,Nghị quyết số 78/2017/NQ-HĐND Quy định mức hỗ trợ đóng bảo hiểm y tế cho người thuộc hộ gia đình nghèo đa chiều thiếu hụt dịch vụ xã hội cơ bản khác (không bị thiếu hụt bảo hiểm y tế) trên địa bàn tỉnh Điện Biên,
bhyt,123244,38018,"Quy định chi tiết, hướng dẫn thi hành",False,True,False,,Nghị định số 105/2014/NĐ-CP Quy định chi tiết và hướng dẫn thi hành một số điều của Luật Bảo hiểm y tế
bhyt,5064,10323,Thay thế,True,False,True,Chỉ thị số 30/1998/CT-UB Về việc đẩy mạnh các hoạt động y tế học đường và bảo hiểm y tế học sinh trong các trường học.,
bhyt,173380,119084,Căn cứ,True,False,False,"Nghị quyết số 20/2024/NQ-HĐND Về việc quy định mức hỗ trợ đóng bảo hiểm y tế cho người dân tộc thiểu số tại các thôn, tổ dân phố, xã không thuộc vùng có điều kiện kinh tế - xã hội khó khăn, đặc biệt khó khăn trên địa bàn tỉnh Khánh Hòa",
bhyt,184890,175440,Căn cứ,True,False,False,Nghị quyết số 35/2025/NQ-HĐND Quy định mức hỗ trợ kinh phí đóng bảo hiểm y tế cho một số đối tượng trên địa bàn tỉnh Gia Lai,
bhyt,88138,25325,Căn cứ,True,False,False,"Quyết định 11862/QĐ-UBND năm 2014 bãi bỏ Quyết định 02/2013/QĐ-UBND về Quy chế thực hiện cơ chế một cửa liên thông nhóm thủ tục hành chính thuộc lĩnh vực hộ tịch, bảo hiểm y tế và đăng ký, quản lý cư trú trên địa bàn Quận Bình Tân, thành phố Hồ Chí Minh",
bhyt,184731,178340,Căn cứ,True,False,False,Nghị quyết số 23/2025/NQ-HĐND Về việc quy định mức hỗ trợ đóng bảo hiểm y tế cho các đối tượng không được hưởng mức hỗ trợ từ ngân sách nhà nước đối với Thanh niên thi hành nghĩa vụ Kinh tế - Quốc phòng của tỉnh Tây Ninh và Đoàn xây dựng kinh tế Thanh niên trên địa bàn tỉnh Tây Ninh,
bhyt,47690,18312,Căn cứ,True,False,False,Thông tư liên tịch số 21/2005/TTLT-BYT-BTC Thông tư hướng dẫn thực hiện bảo hiểm y tế bắt buộc,
bhyt,156404,12900,Căn cứ,True,False,False,"Quyết định số 49/2022/QĐ-UBND Quy định mức giá dịch vụ xét nghiệm SARS-CoV-2 trong trường hợp không thuộc phạm vi thanh toán của Quỹ bảo hiểm y tế tại các cơ sở khám bệnh, chữa bệnh công lập thuộc tỉnh Ninh Thuận",
bhyt,155147,47035,Căn cứ,True,False,False,"Quyết định số 18/2022/QĐ-UBND Ban hành Quy định đăng ký khám bệnh, chữa bệnh bảo hiểm y tế ban đầu và chuyển tuyến khám bệnh, chữa bệnh bảo hiểm y tế trên địa bàn tỉnh Ninh Thuận",
bhyt,155147,70800,Căn cứ,True,False,False,"Quyết định số 18/2022/QĐ-UBND Ban hành Quy định đăng ký khám bệnh, chữa bệnh bảo hiểm y tế ban đầu và chuyển tuyến khám bệnh, chữa bệnh bảo hiểm y tế trên địa bàn tỉnh Ninh Thuận",
bhyt,88756,80764,Văn bản dẫn chiếu,True,False,False,Chỉ thị 04/2011/CT-UBND về tăng cường thực hiện Luật Bảo hiểm xã hội và Luật Bảo hiểm y tế trên địa bàn huyện Hóc Môn do Ủy ban nhân dân huyện Hóc Môn ban hành,
bhyt,89902,14463,Dẫn chiếu,True,False,False,"Quyết định 5063/QĐ-UBND về Kế hoạch thực hiện Bảo hiểm y tế toàn dân trên địa bàn Thành phố Hồ Chí Minh, giai đoạn 2012 - 2015 và giai đoạn 2016 - 2020",
bhyt,137746,44169,Căn cứ,True,False,False,"Nghị quyết số 05/2019/NQ-HĐTP Hướng dẫn áp dụng Điều 214 về tội gian lận bảo hiểm xã hội, bảo hiểm thất nghiệp, Điều 215 về tội gian lận bảo hiểm y tế và Điều 216 về tội trốn đóng bảo hiểm xã hội, bảo hiểm y tế, bảo hiểm thất nghiệp cho người lao động của Bộ luật Hình sự",
"bhyt,vien_phi",174245,166391,Căn cứ,True,False,False,"Nghị quyết số 26/2024/NQ-HĐND Bãi bỏ Nghị quyết số 04/2024/NQ-HĐND ngày 19 tháng 4 năm 2024 của Hội đồng nhân dân tỉnh An Giang quy định mức giá dịch vụ khám bệnh, chữa bệnh không thuộc phạm vi thanh toán của Quỹ bảo hiểm y tế mà không phải là đối tượng khám bệnh, chữa bệnh theo yêu cầu tạ",
"bhyt,vien_phi",173832,168125,Căn cứ,True,False,False,"Nghị quyết số 27/2024/NQ-HĐND Quy định giá dịch vụ khám bệnh, chữa bệnh thuộc danh mục do quỹ bảo hiểm y tế thanh toán; giá dịch vụ khám bệnh, chữa bệnh do ngân sách nhà nước thanh toán; giá dịch vụ khám bệnh, chữa bệnh không thuộc danh mục do quỹ bảo hiểm y tế thanh toán mà không phải là dịch vụ khám bệnh, chữa bệnh theo yêu cầu đối với các cơ sở khám bệnh, chữa bệnh của Nhà nước trên địa bàn tỉnh Bến Tre",
bhyt,171713,159368,"Sửa đổi, bổ sung",True,False,False,"Thông tư 37/2024/TT-BYT quy định nguyên tắc, tiêu chí xây dựng, cập nhật, ghi thông tin, cấu trúc danh mục và hướng dẫn thanh toán đối với thuốc hóa dược, sinh phẩm, thuốc phóng xạ và chất đánh dấu thuộc phạm vi được hưởng của người tham gia bảo hiểm y tế do Bộ trưởng Bộ Y tế ban hành",
bhyt,82064,21010,Căn cứ,True,False,False,"Nghị quyết số 07 /2014/NQ-HĐND Quy định mức hỗ trợ Nhân viên y tế tại các khu vực thuộc phường, ấp thuộc thị trấn trên địa bàn thành phố Cần Thơ",
bhyt,139461,71177,Bãi bỏ,True,False,True,Quyết định số 39/2019/QĐ-UBND Bãi bỏ Quyết định số 52/2003/QĐ-UB ngày 09 tháng 6 năm 2003của Uỷ ban nhân dân tỉnh và Quyết định số 53/2003/QĐ-UB ngày 10 tháng 6 năm 2003 của Uỷ ban nhân dân tỉnh,
bhyt,127519,70819,Căn cứ,True,False,False,Quyết định số Số: 10/2018/QĐ-UBND Quy định mức hỗ trợ đóng bảo hiểm y tế cho người thuộc hộ gia đình nghèo đa chiều thiếu hụt dịch vụ xã hội cơ bản khác (không bị thiếu hụt bảo hiểm y tế) trên địa bàn tỉnh Điện Biên,
bhyt,49482,13036,Dẫn chiếu,True,False,False,"Quyết định số 104/2009/QĐ-UBND Về việc phân công, phân cấp quản lý mua, cấp phát thẻ bảo hiểm y tế cho các đối tượng được Ngân sách Nhà nước đảm bảo trên địa bàn tỉnh Nghệ An",
bhyt,38018,12326,Căn cứ,True,False,False,Nghị định số 105/2014/NĐ-CP Quy định chi tiết và hướng dẫn thi hành một số điều của Luật Bảo hiểm y tế,
bhyt,38018,32912,Dẫn chiếu,True,False,False,Nghị định số 105/2014/NĐ-CP Quy định chi tiết và hướng dẫn thi hành một số điều của Luật Bảo hiểm y tế,
bhyt,184266,176730,Căn cứ,True,False,False,"Nghị quyết số 35/2025/NQ-HĐND Quy định chính sách hỗ trợ tiền ăn thêm, tiền mua bảo hiểm y tế và chi phí sinh hoạt khác đối với một số nhóm đối tượng đang được chăm sóc, nuôi dưỡng tại các đơn vị do Sở Y tế và Sở Nội vụ quản lý",
bhyt,106259,70819,Căn cứ,True,False,False,Quyết định số 08/2016/QĐ-UBND Về việc quy định mức hỗ trợ đóng bảo hiểm y tế cho hộ cận nghèo trên địa bàn tỉnh Ninh Thuận năm 2016,
bhyt,84439,14902,Dẫn chiếu,True,False,False,"Quyết định số 30/2014/QĐ-UBND Ban hành quy định việc quản lý, cấp phát thẻ Bảo hiểm y tế cho các đối tượng được ngân sách Nhà nước đóng, hỗ trợ tiền đóng Bảo hiểm y tế trên địa bàn tỉnh Bình Thuận",
bhyt,172977,166391,Căn cứ,True,False,False,Nghị quyết số 110/2024/NQ-HĐND Bãi bỏ các Nghị quyết của Hội đồng nhân dân tỉnh Gia Lai,
"bhyt,vien_phi",177421,175440,Căn cứ,True,False,False,"Nghị quyết số 05/2025/NQ-HĐND Bãi bỏ Nghị quyết số 54/2019/NQ-HĐND ngày 13/12/2019 của Hội đồng nhân dân tỉnh Bình Định quy định mức giá dịch vụ khám bệnh, chữa bệnh không thuộc phạm vi thanh toán của Quỹ bảo hiểm y tế trong các cơ sở khám bệnh, chữa bệnh của Nhà nước thuộc tỉnh Bình Định",
"bhyt,vien_phi",173283,167565,Căn cứ,True,False,False,"Nghị quyết số 30/2024/NQ-HĐND Bãi bỏ Nghị quyết số 39/2023/NQ-HĐND ngày 08 tháng 12 năm 2023 của Hội đồng nhân dân Thành phố quy định giá dịch vụ khám bệnh, chữa bệnh không thuộc phạm vi thanh toán của Quỹ Bảo hiểm y tế trong các cơ sở khám bệnh, chữa bệnh của Nhà nước thuộc Thành phố Hồ Chí Minh quản lý và mức giá dịch vụ khám bệnh, chữa bệnh trong một số trường hợp",
"bhyt,vien_phi",185924,179711,Căn cứ,True,True,False,"Nghị quyết số 50/2025/NQ-HĐND Sửa đổi, bổ sung một số điều của Nghị quyết số 28/2024/NQ-HĐND ngày 31 tháng 12 năm 2024 của Hội đồng nhân dân tỉnh quy định giá dịch vụ khám bệnh, chữa bệnh do quỹ bảo hiểm y tế thanh toán; giá dịch vụ khám bệnh, chữa bệnh do ngân sách nhà nước thanh toán; giá dịch vụ khám bệnh, chữa bệnh không thuộc danh mục do quỹ bảo hiểm y tế thanh toán mà không phải là dịch vụ khám bệnh, chữa bệnh theo yêu cầu đối với các cơ sở khám bệnh, chữa bệnh của Nhà nước thuộc tỉnh Lạng Sơn quản lý",Nghị định số 188/2025/NĐ-CP hướng dẫn Luật Bảo hiểm y tế
bhyt,156310,70819,Căn cứ,True,False,False,"Nghị quyết số 11/2022/NQ-HĐND Quy định giá dịch vụ xét nghiệm SARS-CoV-2 không thuộc phạm vi thanh toán của Quỹ bảo hiểm y tế trong các cơ sở khám bệnh, chữa bệnh của Nhà nước trên địa bàn tỉnh Trà Vinh",
bhyt,115952,46746,Căn cứ,True,False,False,"Quyết định số 57/2016/QĐ-UBND Về việc bãi bỏ Quyết định số 50/2015/QĐ-UBND ngày 12 tháng 8 năm 2015 của Ủy ban nhân dân tỉnh ban hành Quy định giải quyết thủ tục hành chính theo cơ chế một cửa thuộc lĩnh vực hộ tịch; một cửa liên thông thuộc lĩnh vực hộ tịch, cấp thẻ bảo hiểm y tế và đăng ký, quản lý cư trú tại Ủy ban nhân dân xã, phường, thị trấn trên địa bàn tỉnh Ninh Thuận",
"bhyt,vien_phi",168588,166467,Căn cứ,True,False,False,"Nghị quyết số 26/2024/NQ-HĐND Quy định giá dịch vụ khám bệnh, chữa bệnh không thuộc danh mục do Quỹ bảo hiểm y tế thanh toán mà không phải là dịch vụ khám bệnh, chữa bệnh theo yêu cầu đối với các cơ sở khám bệnh, chữa bệnh của Nhà nước thuộc tỉnh Thanh Hóa quản lý",
bhyt,100729,12029,Dẫn chiếu,True,False,False,"Quyết định số 2583/2014/QĐ-UBND Về việc ban hành Quy chế phối hợp công tác thực hiện pháp luật về bảo hiểm xã hội, bảo hiểm y tế, bảo hiểm thất nghiệp",
bhyt,133877,70819,Căn cứ,True,False,False,Quyết định số 33/2018/QĐ-UBND Phân cấp thẩm quyền cấp mới thẻ Bảo hiểm y tế và trợ cấp tiền mai táng phí đối với người tham gia kháng chiến thuộc phạm vi quản lý của tỉnh Ninh Bình,
bhyt,38018,11735,Thay thế,True,False,True,Nghị định số 105/2014/NĐ-CP Quy định chi tiết và hướng dẫn thi hành một số điều của Luật Bảo hiểm y tế,
bhyt,184799,179644,Căn cứ,True,False,False,"Nghị quyết số 23/2025/NQ-HĐND Quy định mức hỗ trợ đóng bảo hiểm y tế đối với người thuộc hộ cận nghèo, người cao tuổi từ đủ 60 tuổi đến dưới 75 tuổi, người dân tộc thiểu số có khó khăn đặc thù trên địa bàn tỉnh Lào Cai",
bhyt,84439,20068,Căn cứ,True,False,False,"Quyết định số 30/2014/QĐ-UBND Ban hành quy định việc quản lý, cấp phát thẻ Bảo hiểm y tế cho các đối tượng được ngân sách Nhà nước đóng, hỗ trợ tiền đóng Bảo hiểm y tế trên địa bàn tỉnh Bình Thuận",
bhyt,88622,69451,Dẫn chiếu,True,False,False,"Quyết định 3651/QĐ-UBND ban hành Kế hoạch Chương trình hành động 32-CTrHĐ/TU thực hiện Nghị quyết 21-NQ/TW về tăng cường sự lãnh đạo của Đảng đối với công tác bảo hiểm xã hội, bảo hiểm y tế giai đoạn 2012 - 2020 do thành phố Hồ Chí Minh ban hành",
"bhyt,vien_phi",168588,151168,Căn cứ,True,False,False,"Nghị quyết số 26/2024/NQ-HĐND Quy định giá dịch vụ khám bệnh, chữa bệnh không thuộc danh mục do Quỹ bảo hiểm y tế thanh toán mà không phải là dịch vụ khám bệnh, chữa bệnh theo yêu cầu đối với các cơ sở khám bệnh, chữa bệnh của Nhà nước thuộc tỉnh Thanh Hóa quản lý",
bhyt,72264,38018,Căn cứ,False,True,False,,Nghị định số 105/2014/NĐ-CP Quy định chi tiết và hướng dẫn thi hành một số điều của Luật Bảo hiểm y tế
bhyt,152410,139878,Căn cứ,True,False,False,"Nghị quyết số 16/2021/NQ-HĐND Quy định mức hỗ trợ đóng bảo hiểm y tế từ ngân sách địa phương đối với người thuộc hộ gia đình làm nông nghiệp, lâm nghiệp, ngư nghiệp có mức sống trung bình và học sinh, sinh viên trên địa bàn tỉnh Kiên Giang",
bhyt,187714,179711,Căn cứ,False,True,False,,Nghị định số 188/2025/NĐ-CP hướng dẫn Luật Bảo hiểm y tế
bhyt,129506,161822,Văn bản sửa đổi,False,True,False,,"Quyết định số 38/2023/QĐ-UBND Sửa đổi, bổ sung một số điều của Quyết định số 36/2018/QĐ-UBND ngày 13/6/2018 của Ủy ban nhân dân tỉnh Thừa Thiên Huế quy định mức hỗ trợ kinh phí đóng bảo hiểm y tế và chi phí cùng chi trả đối với thuốc kháng vi rút HIV (ARV) cho người nhiễm HIV/AIDS trên địa bàn tỉnh Thừa Thiên Huế"
bhyt,157577,146383,Căn cứ,True,False,False,Nghị quyết số 304/2022/NQ-HĐND Quy định mức hỗ trợ đóng bảo hiểm y tế cho đối tượng thuộc hộ cận nghèo trên địa bàn tỉnh Thanh Hóa quý IV năm 2022,
"bhyt,vien_phi",173935,70819,Căn cứ,True,False,False,"Nghị quyết số 29/2024/NQ-HĐND Bãi bỏ Nghị quyết số 15/2024/NQ-HĐND ngày 11 tháng 7 năm 2024 của Hội đồng nhân dân tỉnh Ninh Thuận quy định giá dịch vụ khám bệnh, chữa bệnh không thuộc phạm vi thanh toán của Quỹ bảo hiểm y tế trong các cơ sở khám bệnh, chữa bệnh của Nhà nước trên địa bàn tỉnh Ninh Thuận",
bhyt,155518,119084,Căn cứ,True,False,False,Nghị quyết số 10/2022/NQ-HĐND Quy định mức giá dịch vụ xét nghiệm SARS-CoV-2 bao gồm chi phí trực tiếp và chi phí tiền lương (chưa bao gồm sinh phẩm xét nghiệm phản ứng) trong trường hợp không thuộc phạm vi thanh toán của Quỹ bảo hiểm y tế trên địa bàn tỉnh An Giang,
bhyt,145559,70807,Căn cứ,True,False,False,Nghị quyết số 332/2020/NQ-HĐND Quy định mức hỗ trợ từ ngân sách nhà nước đóng bảo hiểm y tế cho một số đối tượng trên địa bàn tỉnh Hưng Yên giai đoạn 2021 - 2025,
bhyt,132833,38018,Căn cứ,False,True,False,,Nghị định số 105/2014/NĐ-CP Quy định chi tiết và hướng dẫn thi hành một số điều của Luật Bảo hiểm y tế
bhyt,11130,87214,"Văn bản HD, QĐ chi tiết",False,True,False,,Thông tư liên tịch số 40/1998/TTLT-BGDĐT-BYT Về việc hướng dẫn bảo hiểm y tế học sinh
bhyt,173389,146383,Căn cứ,True,False,False,Nghị quyết số 42/2024/NQ-HĐND Về hỗ trợ chi phí mua thẻ bảo hiểm y tế cho người nhiễm HIV/AIDS và hỗ trợ chi phí cùng chi trả thuốc kháng vi rút HIV cho người nhiễm HIV/AIDS có thẻ bảo hiểm y tế trên địa bàn Thành phố Hồ Chí Minh,
"bhyt,vien_phi",173768,170583,Căn cứ,True,False,False,"Nghị quyết số 114/2024/NQ-HĐND Bãi bỏ Nghị quyết số 23/2024/NQ-HĐND ngày 06 tháng 5 năm 2024 của HĐND tỉnh Bắc Giang quy định mức giá dịch vụ khám bệnh, chữa bệnh không thuộc phạm vi thanh toán của Quỹ bảo hiểm y tế trong các cơ sở khám bệnh, chữa bệnh của Nhà nước trên địa bàn tỉnh Bắc Giang",
bhyt,163811,70819,Căn cứ,True,False,False,Nghị quyết số 32/2023/NQ-HĐND Quy định hỗ trợ mức đóng bảo hiểm y tế cho hộ thoát nghèo và hộ thoát cận nghèo trên địa bàn tỉnh Cà Mau đến năm 2025,
bhyt,153738,25170,Căn cứ,True,False,False,"Nghị quyết số 03/2022/NQ-HĐND Quy định giá dịch vụ xét nghiệm SARS-CoV-2 (chưa bao gồm sinh phẩm xét nghiệm phản ứng) trong trường hợp không thuộc phạm vi thanh toán của Quỹ bảo hiểm y tế tại các cơ sở khám bệnh, chữa bệnh của Nhà nước trên địa bàn tỉnh",
bhyt,146344,187533,Văn bản quy định hết hiệu lực,False,True,False,,Nghị quyết số 09/2026/NQ-HĐND Quy định mức hỗ trợ đóng bảo hiểm y tế cho một số đối tượng trên địa bàn tỉnh Điện Biên
bhyt,1bc6cdd0-7abc-11f1-a236-118c2749fccc,8619b9a0-5e55-11f1-8e5a-2929924511d6,Căn cứ,False,True,False,,"Nghị định 02/2025/NĐ-CP Sửa đổi, bổ sung một số điều của nghị định số 146/2018/NĐ-CP ngày 17 tháng 10 năm 2018 của chính phủ quy định chi tiết và hướng dẫn biện pháp thi hành luật bảo hiểm y tể, đã được sửa đổi, bổ sung một số điều tại nghị định số 75/2023/NĐ-CP ngày 19 tháng 10 năm 2023 của chính phủ"
bhyt,181847,32912,Căn cứ,True,False,False,"Nghị định số 233/2025/NĐ-CP Quy định cơ chế tài chính về bảo hiểm xã hội, bảo hiểm thất nghiệp, bảo hiểm y tế; chi tổ chức và hoạt động bảo hiểm xã hội, bảo hiểm thất nghiệp, bảo hiểm y tế",
bhyt,11802,11809,"Văn bản HD, QĐ chi tiết",True,False,False,Quyết định số 170/2008/QĐ-TTg Về chế độ bảo hiểm y tế và trợ cấp mai táng đối với thanh niên xung phong thời kỳ kháng chiến chống Pháp,
bhyt,185959,172923,Căn cứ,False,True,False,,Luật Bảo hiểm y tế sửa đổi 2024 số Luật số 51/2024/QH15
bhyt,184909,178717,Căn cứ,True,False,False,Nghị quyết số 36/2025/NQ-HĐND quy định mức hỗ trợ đóng bảo hiểm y tế cho một số đối tượng trên địa bàn tỉnh Đồng Nai giai đoạn 2026 - 2030,
"bhyt,vien_phi",175354,70819,Căn cứ,True,False,False,"Nghị quyết số 10/2025/NQ-HĐND Bãi bỏ Nghị quyết số 32/2024/NQ-HĐND ngày 10 tháng 05 năm 2024 của Hội đồng nhân dân tỉnh Quy định giá dịch vụ khám bệnh, chữa bệnh không thuộc phạm vi thanh toán của Quỹ Bảo hiểm y tế mà không phải là dịch vụ khám bệnh, chữa bệnh theo yêu cầu trong các cơ sở khám bệnh, chữa bệnh của Nhà nước trên địa bàn tỉnh Quảng Trị",
"bhyt,vien_phi",172424,70819,Căn cứ,True,False,False,"Nghị quyết số 49/2024/NQ-HĐND Bãi bỏ Nghị quyết số 32/2024/NQ-HĐND ngày 19/4/2024 của HĐND tỉnh quy định mức giá dịch vụ khám bệnh, chữa bệnh không thuộc phạm vi thanh toán của Quỹ Bảo hiểm y tế (nhưng không phải là dịch vụ khám bệnh, chữa bệnh của Nhà nước thuộc tỉnh Quảng Ninh quản lý)",
bhyt,143792,58271,Căn cứ,True,False,False,Nghị quyết số 06/2014/NQ-HĐND Về chế độ hỗ trợ mua bảo hiểm y tế cho người đồng bào dân tộc thiểu số không thuộc vùng có điều kiện kinh tế - xã hội khó khăn trên địa bàn tỉnh Khánh Hòa,
bhyt,158729,70800,Căn cứ,True,False,False,Quyết định số 81/2022/QĐ-UBND Quy định mức hỗ trợ đóng bảo hiểm y tế cho người thuộc hộ gia đình cận nghèo giai đoạn 2023-2025 trên địa bàn tỉnh Ninh Thuận,
bhyt,181847,175258,Căn cứ,True,False,False,"Nghị định số 233/2025/NĐ-CP Quy định cơ chế tài chính về bảo hiểm xã hội, bảo hiểm thất nghiệp, bảo hiểm y tế; chi tổ chức và hoạt động bảo hiểm xã hội, bảo hiểm thất nghiệp, bảo hiểm y tế",
bhyt,0682b030-84d3-11f1-8e08-0594f352574d,178340,Căn cứ,True,False,False,Nghị quyết số 60/2026/NQ-HĐND Quy định mức hỗ trợ đóng bảo hiểm y tế trên địa bàn tỉnh Quảng Ngãi,
bhyt,154152,27624,Căn cứ,True,False,False,Nghị quyết số 04/2022/NQ-HĐND Quy định giá dịch vụ xét nghiệm SARS-CoV-2 không thuộc phạm vi thanh toán của Quỹ Bảo hiểm y tế áp dụng cho các cơ sở y tế công lập thuộc tỉnh Phú Thọ quản lý,
bhyt,67295,36793,"Quy định chi tiết, hướng dẫn thi hành",True,False,False,"Thông tư liên tịch số 05/2015/TTLT-BTP-BCA-BYT Hướng dẫn thực hiện liên thông các thủ tục hành chính về đăng ký khai sinh, đăng ký thường trú, cấp thẻ bảo hiểm y tế cho trẻ em dưới 6 tuổi",
bhyt,74259,27435,Dẫn chiếu,True,False,False,"Quyết định số 16/2013/QĐ-UBND Về việc sửa đổi, bổ sung điểm c, khoản 2, Điều 1 Quy định phân cấp quản lý mua, cấp phát thẻ bảo hiểm y tế cho các đối tượng được ngân sách nhà nước đảm bảo trên địa bàn tỉnh Hòa Bình ban hành kèm theo Quyết định số 14/2012/QĐ-UBND ngày 19 tháng 9 năm 2012 của UBND tỉnh Hòa Bình",
bhyt,62448,22843,Căn cứ,True,False,False,Quyết định số 538/QĐ-TTg Phê duyệt Đề án thực hiện lộ trình tiến tới bảo hiểm y tế toàn dân giai đoạn 2012-2015 và 2020,
bhyt,aab8d490-6543-11f1-9a32-d1e78b0240e4,178340,Căn cứ,True,False,False,Quy định hỗ trợ đóng bảo hiểm y tế và chính sách hỗ trợ một phần kinh phí phục vụ công tác thông tin tuyên truyền cho người có uy tín trong đồng bào dân tộc thiểu số trên địa bàn tỉnh Vĩnh Long,
bhyt,157873,12326,Căn cứ,True,False,False,Nghị quyết số 93/2022/NQ-HĐND Quy định chính sách hỗ trợ mua thẻ bảo hiểm y tế cho một số đối tượng tham gia bảo hiểm y tế trên địa bàn tỉnh Cao Bằng giai đoạn 2023-2025,
"bhyt,vien_phi",142680,137200,Căn cứ,True,False,False,"Quyết định số 12/2020/QĐ-UBND Bãi bỏ Quyết định số 51/2017/QĐ-UBND ngày 21/8/2017 của UBND tỉnh Quảng Ngãi Quy định mức giá dịch vụ khám bệnh, chữa bệnh không thuộc phạm vi thanh toán của Quỹ bảo hiểm y tế trong các cơ sở khám bệnh, chữa bệnh của Nhà nước thuộc tỉnh Quảng Ngãi quản lý",
bhyt,186756,135466,Căn cứ,False,True,False,,"Thông tư số 27/2018/TT-BYT Hướng dẫn thực hiện bảo hiểm y tế và khám bệnh, chữa bệnh liên quan đến HIV/AIDS"
bhyt,175258,179244,"Văn bản HD, QĐ chi tiết",False,True,False,,"Thông tư số 15/2025/TT-BYT quy định về phân cấp, phân định thẩm quyền của chính quyền địa phương 02 cấp trong lĩnh vực y, dược cổ truyền do Bộ trưởng Bộ Y tế ban hành"
bhyt,177892,166391,Căn cứ,True,False,False,"Nghị quyết số 03/2025/NQ-HĐND Quy định mức hỗ trợ đóng bảo hiểm y tế đối với học sinh, sinh viên đang học tại các trường công lập thuộc tỉnh quản lý",
bhyt,185767,172923,Căn cứ,True,True,False,"Nghị quyết số 53/2025/NQ-HĐND Quy định chính sách hỗ trợ mức đóng bảo hiểm xã hội cho người tham gia bảo hiểm xã hội tự nguyện, bảo hiểm y tế trên địa bàn thành phố Huế giai đoạn 2026 - 2030",Luật Bảo hiểm y tế sửa đổi 2024 số Luật số 51/2024/QH15
bhyt,163811,12326,Căn cứ,True,False,False,Nghị quyết số 32/2023/NQ-HĐND Quy định hỗ trợ mức đóng bảo hiểm y tế cho hộ thoát nghèo và hộ thoát cận nghèo trên địa bàn tỉnh Cà Mau đến năm 2025,
bhyt,155764,36793,Căn cứ,True,False,False,Nghị quyết số 07/2022/NQ-HĐND Về việc quy định mức hỗ trợ kinh phí mua thẻ bảo hiểm y tế cho người thuộc hộ cận nghèo trên địa bàn tỉnh Khánh Hòa giai đoạn 2022-2025,
bhyt,171713,36793,Căn cứ,True,False,False,"Thông tư 37/2024/TT-BYT quy định nguyên tắc, tiêu chí xây dựng, cập nhật, ghi thông tin, cấu trúc danh mục và hướng dẫn thanh toán đối với thuốc hóa dược, sinh phẩm, thuốc phóng xạ và chất đánh dấu thuộc phạm vi được hưởng của người tham gia bảo hiểm y tế do Bộ trưởng Bộ Y tế ban hành",
bhyt,115366,27863,Căn cứ,True,False,False,"Nghị quyết số 22/2016/NQ-HĐND V/v quy định mức giá dịch vụ khám chữa bệnh, chữa bệnh đối với người không có thẻ bảo hiểm y tế tại cơ sở y tế công lập trên địa bàn tỉnh",
bhyt,54850,32781,Căn cứ,True,False,False,"Quyết định số 08/2015/QĐ-TTg Thí điểm về giao dịch điện tử trong việc thực hiện thủ tục tham gia bảo hiểm xã hội, bảo hiểm y tế, bảo hiểm thất nghiệp và đề nghị cấp sổ bảo hiểm xã hội, thẻ bảo hiểm y tế",
bhyt,179711,30615,Dẫn chiếu,True,False,False,Nghị định số 188/2025/NĐ-CP hướng dẫn Luật Bảo hiểm y tế,
bhyt,164868,181625,Văn bản sửa đổi,False,True,False,,"Nghị quyết số 09/2025/NQ-HĐND Về việc sửa đổi khoản 1 Điều 1 Nghị quyết số 13/2023/NQ-HĐND ngày 14 tháng 12 năm 2023 của Hội đồng nhân dân tỉnh quy định mức hỗ trợ đóng bảo hiểm y tế cho đối tượng hộ cận nghèo trên địa bàn tỉnh Thanh Hóa, giai đoạn 2024 - 2025"
bhyt,153839,152207,Văn bản căn cứ,True,False,False,Nghị quyết số 113/2022/NQ-UBND Quy định mức giá dịch vụ xét nghiệm SARS-CoV-2 không thuộc phạm vi thanh toán của Quỹ bảo hiểm y tế trên địa bàn tỉnh Hòa Bình,
bhyt,38018,65845,"Văn bản HD, QĐ chi tiết",True,False,False,Nghị định số 105/2014/NĐ-CP Quy định chi tiết và hướng dẫn thi hành một số điều của Luật Bảo hiểm y tế,
bhyt,83649,12326,Căn cứ,True,False,False,Nghị quyết số 163/2014/NQ-HĐND Về việc hỗ trợ kinh phí để thực hiện lộ trình tiến tới bảo hiểm y tế toàn dân trên địa bàn tỉnh Vĩnh Phúc giai đoạn 2015 – 2020,
bhyt,185038,172923,Căn cứ,True,True,False,Nghị quyết số 15/2025/NQ-HĐND Quy định mức hỗ trợ đóng bảo hiểm y tế cho một số đối tượng trên địa bàn tỉnh Cà Mau,Luật Bảo hiểm y tế sửa đổi 2024 số Luật số 51/2024/QH15
bhyt,31780,31779,Dẫn chiếu,False,True,False,,"Nghị quyết số 21-NQ/TW Về tăng cường sự lãnh đạo của Đảng đối với công tác bảo hiểm xã hội, y tế giai đoạn 2012 – 2020"
vien_phi,65855,20068,Căn cứ,True,False,False,Quyết định số 2758/QĐ-UBND V/v bổ sung danh mục và mức giá thu một phần viện phí Đo mật độ xương tại các cơ sở khám chữa bênh trên đia bàn tỉnh,
bhyt,177892,36793,Căn cứ,True,False,False,"Nghị quyết số 03/2025/NQ-HĐND Quy định mức hỗ trợ đóng bảo hiểm y tế đối với học sinh, sinh viên đang học tại các trường công lập thuộc tỉnh quản lý",
"bhyt,vien_phi",184589,179711,Căn cứ,True,True,False,"Nghị quyết số 68/2025/NQ-HĐND Quy định mức hỗ trợ đóng bảo hiểm y tế cho các đối tượng cao hơn mức hỗ trợ tối thiểu; đối tượng được hỗ trợ và mức hỗ trợ cùng chi trả chi phí khám bệnh, chữa bệnh bảo hiểm y tế cho người tham gia bảo hiểm y tế khi đi khám bệnh, chữa bệnh trên địa bàn tỉnh Lâm Đồng",Nghị định số 188/2025/NĐ-CP hướng dẫn Luật Bảo hiểm y tế
bhyt,67295,12326,Căn cứ,True,False,False,"Thông tư liên tịch số 05/2015/TTLT-BTP-BCA-BYT Hướng dẫn thực hiện liên thông các thủ tục hành chính về đăng ký khai sinh, đăng ký thường trú, cấp thẻ bảo hiểm y tế cho trẻ em dưới 6 tuổi",
bhyt,37937,11802,Dẫn chiếu,False,True,False,,Quyết định số 170/2008/QĐ-TTg Về chế độ bảo hiểm y tế và trợ cấp mai táng đối với thanh niên xung phong thời kỳ kháng chiến chống Pháp
bhyt,82064,80581,Văn bản căn cứ,True,False,False,"Nghị quyết số 07 /2014/NQ-HĐND Quy định mức hỗ trợ Nhân viên y tế tại các khu vực thuộc phường, ấp thuộc thị trấn trên địa bàn thành phố Cần Thơ",
"bhyt,vien_phi",141832,137243,Căn cứ,True,False,False,"Quyết định số 10/2020/QĐ-UBND Bãi bỏ Quyết định số 74/2017/QĐ-UBND ngày 01 tháng 9 năm 2017 của Ủy ban nhân dân tỉnh về việc quy định mức giá dịch vụ khám bệnh, chữa bệnh không thuộc phạm vi thanh toán của Quỹ bảo hiểm y tế tại các cơ sở y tế công lập thuộc tỉnh Thừa Thiên Huế",
bhyt,140624,119527,Căn cứ,True,False,False,Thông tư số 30/2019/TT-BLĐTBXH Hướng dẫn lập danh sách đối tượng tham gia bảo hiểm y tế do Bộ Lao động - Thương binh và Xã hội quản lý,
bhyt,186004,179711,Căn cứ,False,True,False,,Nghị định số 188/2025/NĐ-CP hướng dẫn Luật Bảo hiểm y tế
bhyt,185767,178717,Căn cứ,True,False,False,"Nghị quyết số 53/2025/NQ-HĐND Quy định chính sách hỗ trợ mức đóng bảo hiểm xã hội cho người tham gia bảo hiểm xã hội tự nguyện, bảo hiểm y tế trên địa bàn thành phố Huế giai đoạn 2026 - 2030",
bhyt,185418,179149,Căn cứ,True,False,False,"Nghị quyết số 99/2025/NQ-HĐND quy định chính sách hỗ trợ kinh phí tham gia bảo hiểm xã hội tự nguyện, bảo hiểm y tế trên địa bàn tỉnh Bắc Ninh, giai đoạn 2026- 2030",
bhyt,184764,12326,Căn cứ,True,False,False,"Nghị quyết số 110/2025/NQ-HĐND Quy định mức hỗ trợ đóng bảo hiểm y tế cho người thuộc hộ gia đình cận nghèo; học sinh, sinh viên là người dân tộc thiểu số; người thuộc hộ gia đình làm nông nghiệp, lâm nghiệp, ngư nghiệp có mức sống trung bình trên địa bàn tỉnh Lai Châu giai đoạn 2026 – 2030",
bhyt,180170,132188,Căn cứ,True,False,False,"Nghị quyết số 08/2025/NQ-HĐND Quy định chính sách hỗ trợ thêm mức đóng bảo hiểm y tế cho một số đối tượng trên địa bàn tỉnh Nghệ An, giai đoạn 2026 – 2030",
"bhyt,vien_phi",173768,70800,Căn cứ,True,False,False,"Nghị quyết số 114/2024/NQ-HĐND Bãi bỏ Nghị quyết số 23/2024/NQ-HĐND ngày 06 tháng 5 năm 2024 của HĐND tỉnh Bắc Giang quy định mức giá dịch vụ khám bệnh, chữa bệnh không thuộc phạm vi thanh toán của Quỹ bảo hiểm y tế trong các cơ sở khám bệnh, chữa bệnh của Nhà nước trên địa bàn tỉnh Bắc Giang",
bhyt,156429,25170,Căn cứ,True,False,False,Nghị quyết số 13/2022/NQ-HĐND.loi Về việc Quy định mức giá dịch vụ xét nghiệm SARS-CoV-2 không thuộc phạm vi thanh toán của Quỹ bảo hiểm y tế tại các cơ sở y tế của Nhà nước thuộc tỉnh Thừa Thiên Huế,
bhyt,158729,132188,Căn cứ,True,False,False,Quyết định số 81/2022/QĐ-UBND Quy định mức hỗ trợ đóng bảo hiểm y tế cho người thuộc hộ gia đình cận nghèo giai đoạn 2023-2025 trên địa bàn tỉnh Ninh Thuận,
bhyt,155147,36793,Căn cứ,True,False,False,"Quyết định số 18/2022/QĐ-UBND Ban hành Quy định đăng ký khám bệnh, chữa bệnh bảo hiểm y tế ban đầu và chuyển tuyến khám bệnh, chữa bệnh bảo hiểm y tế trên địa bàn tỉnh Ninh Thuận",
bhyt,48905,15057,Căn cứ,True,False,False,"Quyết định số 37/2014/QĐ-UBND Ban hành Quy chế phối hợp trong công tác thực hiện pháp luật về bảo hiểm xã hội, bảo hiểm y tế, bảo hiểm thất nghiệp trên địa bàn tỉnh Hà Nam",
bhyt,40940,30444,"Quy định chi tiết, hướng dẫn thi hành",True,False,False,"Quyết định số 1111/QĐ-BHXH Về việc ban hành Quy định quản lý thu bảo hiểm xã hội, bảo hiểm y tế; quản lý sổ bảo hiểm xã hội, thẻ bảo hiểm y tế",
bhyt,13323,20068,Căn cứ,True,False,False,Quyết định số 16/QĐ-UBND về việc hỗ trợ kinh phí cho đối tượng cận nghèo tham gia bảo hiểm y tế tự nguyện,
bhyt,185204,178340,Căn cứ,True,False,False,"Nghị quyết số 91/2025/NQ-HĐND Quy định chính sách hỗ trợ đóng bảo hiểm y tế cho một số nhóm đối tượng trên địa bàn tỉnh Quảng Ninh, giai đoạn 2026-2030",
bhyt,130006,70807,Căn cứ,True,False,False,Nghị quyết số 154/2018/NQ-HĐND Quy định mức hỗ trợ và nguồn kinh phí đóng bảo hiểm y tế cho Tổ phó Tổ dân phố và Phó Trưởng thôn trên địa bàn thành phố Đà Nẵng,
bhyt,f95241d0-6bbb-11f1-b9f4-bd8708cab913,8619b9a0-5e55-11f1-8e5a-2929924511d6,Căn cứ,False,True,False,,"Nghị định 02/2025/NĐ-CP Sửa đổi, bổ sung một số điều của nghị định số 146/2018/NĐ-CP ngày 17 tháng 10 năm 2018 của chính phủ quy định chi tiết và hướng dẫn biện pháp thi hành luật bảo hiểm y tể, đã được sửa đổi, bổ sung một số điều tại nghị định số 75/2023/NĐ-CP ngày 19 tháng 10 năm 2023 của chính phủ"
bhyt,158729,166391,Căn cứ,True,False,False,Quyết định số 81/2022/QĐ-UBND Quy định mức hỗ trợ đóng bảo hiểm y tế cho người thuộc hộ gia đình cận nghèo giai đoạn 2023-2025 trên địa bàn tỉnh Ninh Thuận,
bhyt,161822,129506,"Sửa đổi, bổ sung",True,False,False,"Quyết định số 38/2023/QĐ-UBND Sửa đổi, bổ sung một số điều của Quyết định số 36/2018/QĐ-UBND ngày 13/6/2018 của Ủy ban nhân dân tỉnh Thừa Thiên Huế quy định mức hỗ trợ kinh phí đóng bảo hiểm y tế và chi phí cùng chi trả đối với thuốc kháng vi rút HIV (ARV) cho người nhiễm HIV/AIDS trên địa bàn tỉnh Thừa Thiên Huế",
bhyt,185662,168904,Căn cứ,True,False,False,Nghị quyết số 43/2025/NQ-HĐND Quy định mức hỗ trợ đóng bảo hiểm y tế cho một số đối tượng trên địa bàn tỉnh Tuyên Quang,
bhyt,267ffff0-6647-11f1-b01e-8bc328b4d0e9,139264,Căn cứ,True,False,False,Nghị quyết số 14/2026/NQ-HĐND Nghị quyết quy định chính sách hỗ trợ an sinh xã hội cho người dân thủ đô,
bhyt,171885,12326,Căn cứ,True,False,False,"Thông tư 39/2024/TT-BYT sửa đổi Thông tư 35/2016/TT-BYT về Danh mục và tỷ lệ, điều kiện thanh toán đối với dịch vụ kỹ thuật y tế thuộc phạm vi được hưởng của người tham gia bảo hiểm y tế do Bộ trưởng Bộ Y tế ban hành",
"bhyt,vien_phi",172863,169388,Thay thế,True,False,True,"Nghị quyết số 140/2024/NQ-HĐND Quy định giá dịch vụ khám bệnh, chữa bệnh thuộc danh mục do Quỹ bảo hiểm y tế thanh toán; giá dịch vụ khám bệnh, chữa bệnh do ngân sách nhà nước thanh toán; giá dịch vụ khám bệnh, chữa bệnh không thuộc danh mục do Quỹ bảo hiểm y tế thanh toán mà không phải là dịch vụ khám bệnh, chữa bệnh theo yêu cầu cho các cơ sở khám bệnh, chữa bệnh của Nhà nước thuộc phạm quản lý của tỉnh Nam Định",
"bhyt,vien_phi",177421,139502,Bãi bỏ,True,False,True,"Nghị quyết số 05/2025/NQ-HĐND Bãi bỏ Nghị quyết số 54/2019/NQ-HĐND ngày 13/12/2019 của Hội đồng nhân dân tỉnh Bình Định quy định mức giá dịch vụ khám bệnh, chữa bệnh không thuộc phạm vi thanh toán của Quỹ bảo hiểm y tế trong các cơ sở khám bệnh, chữa bệnh của Nhà nước thuộc tỉnh Bình Định",
bhyt,143761,67542,Bãi bỏ,True,False,True,"Quyết định số 37/2020/QĐ-UBND Về việc bãi bỏ Quyết định số 28/2013/QĐ-UBND ngày 26/7/2013 của UBND tỉnh ban hành quy định phối hợp giải quyết thủ tục hành chính về đăng ký khai sinh, khai tử, bảo hiểm y tế và đăng ký thường trú trên địa bàn tỉnh và Quyết định số 23/2015/QĐ-UBND ngày 01/6/2015 về việc sửa đổi, bổ sung Quyết định số 28/2013/QĐ-UBND ngày 26/7/2013 của UBND tỉnh",
bhyt,155469,25170,Căn cứ,True,False,False,Nghị quyết số 06/2022/NQ-HĐND Quy định giá dịch vụ xét nghiệm SARS-CoV-2không thuộc phạm vi thanh toán của Quỹ bảo hiểm y tế trên địa bàn tỉnh Bến Tre,
bhyt,185356,179711,Căn cứ,True,True,False,Nghị quyết số '26/2025/NQ-HĐND Quy định mức hỗ trợ đóng bảo hiểm y tế cho một số đối tượng trên địa bàn thành phố Cần Thơ,Nghị định số 188/2025/NĐ-CP hướng dẫn Luật Bảo hiểm y tế
bhyt,176101,170583,Căn cứ,True,False,False,"Nghị quyết số 28/2024/NQ-HĐND Quy định giá cụ thể dịch vụ khám bệnh, chữa bệnh thuộc danh mục do quỹ bảo hiểm y tế thanh toán, giá cụ thể dịch vụ khám bệnh, chữa bệnh do ngân sách nhà nước thanh toán, giá cụ thể dịch vụ khám bệnh, chữa bệnh không thuộc danh mục do quỹ bảo hiểm y tế thanh toán mà không phải là dịch vụ khám bệnh, chữa bệnh theo yêu cầu đối với các cơ sở khám bệnh, chữa bệnh của Nhà nước trên địa bàn tỉnh Hà Nam quản lý thuộc phạm vi được phân quyền",
bhyt,163811,166456,Căn cứ,True,False,False,Nghị quyết số 32/2023/NQ-HĐND Quy định hỗ trợ mức đóng bảo hiểm y tế cho hộ thoát nghèo và hộ thoát cận nghèo trên địa bàn tỉnh Cà Mau đến năm 2025,
bhyt,142146,36793,Căn cứ,True,False,False,Nghị quyết số 276/2020/NQ-HĐND Quy định mức hỗ trợ từ ngân sách nhà nước đóng bảo hiểm y tế cho đối tượng người khuyết tật trên địa bàn tỉnh Hưng Yên,
bhyt,3c7280b0-58e8-11f1-8ac3-d768273af8f0,173651,Giải thích,True,False,False,"Thông tư 09/2026/TT-BTC Quy định về việc tạo lập sổ bảo hiểm xã hội, thẻ bảo hiểm y tế bản điện tử",
bhyt,172923,139264,Dẫn chiếu,True,False,False,Luật Bảo hiểm y tế sửa đổi 2024 số Luật số 51/2024/QH15,
bhyt,131826,70800,Căn cứ,True,False,False,"Quyết định số 24/2018/QĐ-UBND Bãi bỏ Quyết định số 21/2016/QĐ-UBND ngày 19/7/2016 của Ủy ban nhân dân tỉnh về việc ban hành quy định giá thu một số dịch vụ y tế không thuộc phạm vi thanh toán của Quỹ bảo hiểm y tế và đối với người bệnh không có thẻ bảo hiểm y tế tại các cơ sở khám bệnh, chữa bệnh công lập trên địa bàn tỉnh Bình Thuận.",
bhyt,127617,127616,Căn cứ,True,True,False,Quyết định số 02/2018/QĐ-UBND Quy định mức hỗ trợ đóng bảo hiểm y tế cho hộ cận nghèo năm 2018 và người thuộc hộ nghèo đa chiều thiếu hụt các dịch vụ xã hội cơ bản khác (không thiếu hụt bảo hiểm y tế) gai đoạn 2017-2018 trên địa bàn tỉnh Ninh Thuận,Nghị quyết số 46/2017/NQ-HĐND Quy định mức hỗ trợ đóng bảo hiểm y tế cho hộ cận nghèo năm 2018 và người thuộc hộ nghèo đa chiều thiếu hụt các dịch vụ xã hội cơ bản khác (không thiếu hụt bảo hiểm y tế) giai đoạn 2017-2018 trên địa bàn tỉnh Ninh Thuận
bhyt,14645,54850,"Văn bản HD, QĐ chi tiết",False,True,False,,"Quyết định số 08/2015/QĐ-TTg Thí điểm về giao dịch điện tử trong việc thực hiện thủ tục tham gia bảo hiểm xã hội, bảo hiểm y tế, bảo hiểm thất nghiệp và đề nghị cấp sổ bảo hiểm xã hội, thẻ bảo hiểm y tế"
bhyt,176604,175363,Căn cứ,True,False,False,"Nghị quyết số 02/2025/NQ-HĐND Bãi bỏ Nghị quyết số 02/2022/NQ-HĐND ngày 25 tháng 02 năm 2022 của Hội đồng nhân dân tỉnh quy định mức giá dịch vụ xét nghiệm SARS-CoV-2 tại các cơ sở khám bệnh, chữa bệnh của Nhà nước không thuộc phạm vi thanh toán của Quỹ bảo hiểm y tế trên địa bàn tỉnh Bà Rịa - Vũng Tàu",
bhyt,5218a7f0-6c7f-11f1-9c2b-932f5a2f1e38,178336,Bãi bỏ,True,False,True,"Quy định chính sách hỗ trợ bảo hiểm y tế đối với đồng bào dân tộc thiểu số trên địa bàn thành phố Đà Nẵng, giai đoạn 2026 - 2031",
"bhyt,vien_phi",173398,139878,Căn cứ,True,False,False,"Nghị quyết số 09/2024/NQ-HĐND Bãi bỏ Nghị quyết số 19/2023/NQ-HĐND ngày 12 tháng 12 năm 2023 của Hội đồng nhân dân tỉnh quy định mức giá dịch vụ khám bệnh, chữa bệnh không thuộc phạm vi thanh toán của Quỹ bảo hiểm y tế mà không phải dịch vụ khám bệnh chữa bệnh theo yêu cầu tại các cơ sở khám bệnh, chữa bệnh của Nhà nước thuộc tỉnh Phú Thọ quản lý",
"bhyt,vien_phi",173398,167907,"Quy định chi tiết, hướng dẫn thi hành",True,False,False,"Nghị quyết số 09/2024/NQ-HĐND Bãi bỏ Nghị quyết số 19/2023/NQ-HĐND ngày 12 tháng 12 năm 2023 của Hội đồng nhân dân tỉnh quy định mức giá dịch vụ khám bệnh, chữa bệnh không thuộc phạm vi thanh toán của Quỹ bảo hiểm y tế mà không phải dịch vụ khám bệnh chữa bệnh theo yêu cầu tại các cơ sở khám bệnh, chữa bệnh của Nhà nước thuộc tỉnh Phú Thọ quản lý",
bhyt,169585,147192,Bãi bỏ,True,False,True,Thông tư 08/2024/TT-BYT bãi bỏ một phần các văn bản quy phạm pháp luật do Bộ trưởng Bộ Y tế ban hành,
bhyt,88622,80764,Văn bản căn cứ,True,False,False,"Quyết định 3651/QĐ-UBND ban hành Kế hoạch Chương trình hành động 32-CTrHĐ/TU thực hiện Nghị quyết 21-NQ/TW về tăng cường sự lãnh đạo của Đảng đối với công tác bảo hiểm xã hội, bảo hiểm y tế giai đoạn 2012 - 2020 do thành phố Hồ Chí Minh ban hành",
bhyt,175447,119084,Căn cứ,True,False,False,Nghị quyết số 05/2025/NQ-HĐND Quy định chính sách hỗ trợ 100% mức đóng bảo hiểm y tế theo hộ gia đình đối với người từ đủ 60 tuổi đến dưới 75 tuổi thuộc hộ cận nghèo và hộ có mức sống trung bình theo chuẩn thành phố trên địa bàn thành phố Đà Nẵng,
"bhyt,vien_phi",173621,166391,Căn cứ,True,False,False,"Nghị quyết số 40/2024/NQ-HĐND Bãi bỏ Nghị quyết số 01/2024/NQ-HĐND ngày 19 tháng 01 năm 2024 của Hội đồng nhân dân tỉnh Đồng Nai quy định giá dịch vụ khám bệnh, chữa bệnh không thuộc phạm vi thanh toán của Quỹ bảo hiểm y tế trong các cơ sở khám bệnh, chữa bệnh của Nhà nước trên địa bàn tỉnh Đồng Nai",
bhyt,187427,179711,Căn cứ,False,True,False,,Nghị định số 188/2025/NĐ-CP hướng dẫn Luật Bảo hiểm y tế
bhyt,136623,132188,Căn cứ,True,False,False,Nghị quyết số 83/2019/NQ-HĐND Hỗ trợ kinh phí mua thẻ bảo hiểm y tế cho người nhiễm HIV/AIDS và kinh phí cùng chi trả thuốc kháng vi-rút HIV (ARV) cho người nhiễm HIV/AIDS có thẻ bảo hiểm y tế trên địa bàn tỉnh Trà Vinh giai đoạn 2019 - 2020,
bhyt,25987,175027,Căn cứ,True,False,False,"Quyết định số 87/2010/QĐ-TTg Về việc cho doanh nghiệp, người lao động thuộc Tập đoàn Công nghiệp tàu thủy Việt Nam và Tổng công ty Hàng hải Việt Nam vay để chi trả nợ tiền lương, nợ bảo hiểm xã hội, bảo hiểm y tế, bảo hiểm thất nghiệp, trợ cấp thôi việc, trợ cấp mất việc làm, tạo việc làm, học nghề",
bhyt,120801,70800,Căn cứ,True,False,False,"Quyết định số 04/2017/QĐ-UBND Quy định mức hỗ trợ đóng bảo hiểm y tế từ ngân sách địa phương cho đối tượng là người thuộc hộ gia đình làm nông nghiệp, lâm nghiệp, ngư nghiệp, diêm nghiệp có mức sống trung bình trên địa bàn tỉnh Nam Định",
bhyt,48242,12969,Căn cứ,True,False,False,"Quyết định số 05/2015/QĐ-UBND Về việc thực hiện chế độ hỗ trợ bảo hiểm xã hội tự nguyện, bảo hiểm y tế cho công an viên và thôn, ấp, khu đội trưởng được bố trí ở thôn, ấp, khu phố trên địa bàn tỉnh Bà Rịa - Vũng Tàu",
bhyt,176604,167565,Căn cứ,True,False,False,"Nghị quyết số 02/2025/NQ-HĐND Bãi bỏ Nghị quyết số 02/2022/NQ-HĐND ngày 25 tháng 02 năm 2022 của Hội đồng nhân dân tỉnh quy định mức giá dịch vụ xét nghiệm SARS-CoV-2 tại các cơ sở khám bệnh, chữa bệnh của Nhà nước không thuộc phạm vi thanh toán của Quỹ bảo hiểm y tế trên địa bàn tỉnh Bà Rịa - Vũng Tàu",
bhyt,555174c0-66ed-11f1-a036-8bf17f3cc74c,179711,Căn cứ,True,True,False,Nghị quyết Quy định mức hỗ trợ đóng bảo hiểm y tế cho một số đối tượng trên địa bàn tỉnh Thái Nguyên,Nghị định số 188/2025/NĐ-CP hướng dẫn Luật Bảo hiểm y tế
bhyt,126572,38018,Căn cứ,False,True,False,,Nghị định số 105/2014/NĐ-CP Quy định chi tiết và hướng dẫn thi hành một số điều của Luật Bảo hiểm y tế
bhyt,15057,40940,"Văn bản HD, QĐ chi tiết",False,True,False,,"Quyết định số 1111/QĐ-BHXH Về việc ban hành Quy định quản lý thu bảo hiểm xã hội, bảo hiểm y tế; quản lý sổ bảo hiểm xã hội, thẻ bảo hiểm y tế"
bhyt,102592,11735,Căn cứ,True,False,False,Quyết định số 45/2012/QĐ-UBND Ban hành Đề án Hỗ trợ kinh phí mua thẻ bảo hiểm y tế cho hộ gia đình cận nghèo trên địa bàn tỉnh Ninh Thuận giai đoạn 2012 - 2015,
bhyt,124997,38018,Căn cứ,False,True,False,,Nghị định số 105/2014/NĐ-CP Quy định chi tiết và hướng dẫn thi hành một số điều của Luật Bảo hiểm y tế
bhyt,172923,30615,Dẫn chiếu,True,False,False,Luật Bảo hiểm y tế sửa đổi 2024 số Luật số 51/2024/QH15,
"bhyt,vien_phi",142685,139324,Căn cứ,True,False,False,"Quyết định số 25/2020/QĐ-UBND Về việc bãi bỏ Quyết định số 51/2017/QĐ-UBND ngày 21 tháng 12 năm 2017 của Ủy ban nhân dân tỉnh Tây Ninh về việc quy định giá dịch vụ khám bệnh, chữa bệnh không thuộc phạm vi thanh toán của Qũy bảo hiểm y tế trong các cơ sở khám bệnh, chữa bệnh của Nhà nước trên địa bàn tỉnh Tây Ninh",
bhyt,121610,70819,Căn cứ,True,False,False,Quyết định số 06/2017/QĐ-UBND Quy định mức hỗ trợ đóng bảo hiểm y tế cho người thuộc hộ gia đình cận nghèo trên địa bàn tỉnh Ninh Thuận năm 2017,
bhyt,115952,70800,Căn cứ,True,False,False,"Quyết định số 57/2016/QĐ-UBND Về việc bãi bỏ Quyết định số 50/2015/QĐ-UBND ngày 12 tháng 8 năm 2015 của Ủy ban nhân dân tỉnh ban hành Quy định giải quyết thủ tục hành chính theo cơ chế một cửa thuộc lĩnh vực hộ tịch; một cửa liên thông thuộc lĩnh vực hộ tịch, cấp thẻ bảo hiểm y tế và đăng ký, quản lý cư trú tại Ủy ban nhân dân xã, phường, thị trấn trên địa bàn tỉnh Ninh Thuận",
bhyt,38018,86158,"Văn bản HD, QĐ chi tiết",True,False,False,Nghị định số 105/2014/NĐ-CP Quy định chi tiết và hướng dẫn thi hành một số điều của Luật Bảo hiểm y tế,
bhyt,184708,184035,Căn cứ,True,False,False,"Nghị quyết số 57/2025/NQ-HĐND Quy định chính sách hỗ trợ mức đóng bảo hiểm y tế cho các nhóm đối tượng xã hội đang thường trú trên địa bàn thành phố Hải Phòng, giai đoạn 2026 - 2030",
"bhyt,vien_phi",175354,167565,Căn cứ,True,False,False,"Nghị quyết số 10/2025/NQ-HĐND Bãi bỏ Nghị quyết số 32/2024/NQ-HĐND ngày 10 tháng 05 năm 2024 của Hội đồng nhân dân tỉnh Quy định giá dịch vụ khám bệnh, chữa bệnh không thuộc phạm vi thanh toán của Quỹ Bảo hiểm y tế mà không phải là dịch vụ khám bệnh, chữa bệnh theo yêu cầu trong các cơ sở khám bệnh, chữa bệnh của Nhà nước trên địa bàn tỉnh Quảng Trị",
"bhyt,vien_phi",173130,139878,Căn cứ,True,False,False,"Nghị quyết số 30/2024/NQ-HĐND Bãi bỏ Nghị quyết số 15/2019/NQ-HĐND ngày 06 tháng 12 năm 2019 của Hội đồng nhân dân tỉnh Sóc Trăng quy định giá dịch vụ khám bệnh, chữa bệnh không thuộc phạm vi thanh toán của Quỹ bảo hiểm y tế trong các cơ sở khám bệnh, chữa bệnh của Nhà nước trên địa bàn tỉnh Sóc Trăng",
"bhyt,vien_phi",173768,166391,Căn cứ,True,False,False,"Nghị quyết số 114/2024/NQ-HĐND Bãi bỏ Nghị quyết số 23/2024/NQ-HĐND ngày 06 tháng 5 năm 2024 của HĐND tỉnh Bắc Giang quy định mức giá dịch vụ khám bệnh, chữa bệnh không thuộc phạm vi thanh toán của Quỹ bảo hiểm y tế trong các cơ sở khám bệnh, chữa bệnh của Nhà nước trên địa bàn tỉnh Bắc Giang",
bhyt,113135,38018,"Quy định chi tiết, hướng dẫn thi hành",False,True,False,,Nghị định số 105/2014/NĐ-CP Quy định chi tiết và hướng dẫn thi hành một số điều của Luật Bảo hiểm y tế
bhyt,166456,179711,Văn bản quy định hết hiệu lực,False,True,False,,Nghị định số 188/2025/NĐ-CP hướng dẫn Luật Bảo hiểm y tế
bhyt,74259,23810,Dẫn chiếu,True,False,False,"Quyết định số 16/2013/QĐ-UBND Về việc sửa đổi, bổ sung điểm c, khoản 2, Điều 1 Quy định phân cấp quản lý mua, cấp phát thẻ bảo hiểm y tế cho các đối tượng được ngân sách nhà nước đảm bảo trên địa bàn tỉnh Hòa Bình ban hành kèm theo Quyết định số 14/2012/QĐ-UBND ngày 19 tháng 9 năm 2012 của UBND tỉnh Hòa Bình",
bhyt,12325,9028,Căn cứ,True,False,False,Lệnh số 23/2008/L-CTN Về việc công bố Luật,
"bhyt,vien_phi",167742,166391,Căn cứ,True,False,False,"Nghị quyết số số 11/2024/NQ-HĐND Quy định mức giá dịch vụ khám bệnh, chữa bệnh không thuộc phạm vi thanh toán của Quỹ bảo hiểm y tế nhưng không phải là dịch vụ khám bệnh, chữa bệnh theo yêu cầu trong các cơ sở khám bệnh, chữa bệnh của Nhà nước thuộc tỉnh Quảng Nam",
"bhyt,vien_phi",141428,70819,"Quy định chi tiết, hướng dẫn thi hành",True,False,False,"Nghị quyết số 08/2019/NQ-HĐND Quy định giá dịch vụ khám bệnh, chữa bệnh không thuộc phạm vi thanh toán của Quỹ bảo hiểm y tế tại các cơ sở khám bệnh, chữa bệnh của Nhà nước do địa phương quản lý",
"bhyt,vien_phi",143848,70819,Căn cứ,True,False,False,"Quyết định số 28/2020/QĐ-UBND Quy định giá dịch vụ khám bệnh, chữa bệnh không thuộc phạm vi thanh toán của Quỹ bảo hiểm y tế trong các cơ sở khám bệnh, chữa bệnh của Nhà nước trên địa bàn tỉnh Ninh Thuận.",
bhyt,40272,14804,"Quy định chi tiết, hướng dẫn thi hành",True,False,False,Quyết định số 2559/QĐ-BHXH Ban hành quy định về tổ chức thực hiện chế độ khám chữa bệnh bảo hiểm y tế,
bhyt,83c773d0-64b9-11f1-9b44-bbe6b0239ff6,179711,Căn cứ,True,True,False,Nghị quyết số 08/2026/NQ-HĐND Quy định mức hỗ trợ đóng bảo hiểm y tế cho người có uy tín trong đồng bào dân tộc thiểu số không thuộc đối tượng đã được ngân sách nhà nước đóng và hỗ trợ đóng bảo hiểm y tế trên địa bàn tỉnh An Giang,Nghị định số 188/2025/NĐ-CP hướng dẫn Luật Bảo hiểm y tế
bhyt,158024,12326,Căn cứ,True,False,False,Nghị quyết số 26/2022/NQ-HĐND Quy định mức hỗ trợ đóng bảo hiểm y tế cho người thuộc hộ gia đình cận nghèo giai đoạn 2023-2025 trên địa bàn tỉnh Ninh Thuận,
bhyt,117674,27621,Dẫn chiếu,True,False,False,"Nghị định số 21/2016/NĐ-CP Quy định việc thực hiện chức năng thanh tra chuyên ngành về đóng bảo hiểm xã hội, bảo hiểm thất nghiệp, bảo hiểm y tế của cơ quan bảo hiểm xã hội",
"bhyt,vien_phi",155057,25170,Căn cứ,True,False,False,"Quyết định số 10/2022/QĐ-UBND Về sửa đổi, bổ sung Quyết định 56/2019/QĐ-UBND ngày 31 tháng 12 năm 2019 của Ủy ban nhân dân tỉnh Hà Nam về quy định mức giá dịch vụ khám bệnh, chữa bệnh không thuộc phạm vi thanh toán của Quỹ bảo hiểm y tế trong các cơ sở khám bệnh, chữa bệnh của Nhà nước thuộc địa phương quản lý trên địa bàn tỉnh Hà Nam",
bhyt,120801,116794,Căn cứ,True,False,False,"Quyết định số 04/2017/QĐ-UBND Quy định mức hỗ trợ đóng bảo hiểm y tế từ ngân sách địa phương cho đối tượng là người thuộc hộ gia đình làm nông nghiệp, lâm nghiệp, ngư nghiệp, diêm nghiệp có mức sống trung bình trên địa bàn tỉnh Nam Định",
bhyt,25987,10427,Căn cứ,True,False,False,"Quyết định số 87/2010/QĐ-TTg Về việc cho doanh nghiệp, người lao động thuộc Tập đoàn Công nghiệp tàu thủy Việt Nam và Tổng công ty Hàng hải Việt Nam vay để chi trả nợ tiền lương, nợ bảo hiểm xã hội, bảo hiểm y tế, bảo hiểm thất nghiệp, trợ cấp thôi việc, trợ cấp mất việc làm, tạo việc làm, học nghề",
bhyt,27117,54850,"Văn bản HD, QĐ chi tiết",False,True,False,,"Quyết định số 08/2015/QĐ-TTg Thí điểm về giao dịch điện tử trong việc thực hiện thủ tục tham gia bảo hiểm xã hội, bảo hiểm y tế, bảo hiểm thất nghiệp và đề nghị cấp sổ bảo hiểm xã hội, thẻ bảo hiểm y tế"
"bhyt,vien_phi",168814,173517,Văn bản quy định hết hiệu lực,False,True,False,,"Nghị quyết số 83/2024/NQ-HĐND Bãi bỏ Nghị quyết số 25/2024/NQ-HĐND ngày 17 tháng 7 năm 2024 của Hội đồng nhân dân tỉnh Lai Châu Quy định giá dịch vụ khám bệnh, chữa bệnh không thuộc phạm vi thanh toán của Quỹ bảo hiểm y tế trong các cơ sở khám bệnh, chữa bệnh của nhà nước thuộc tỉnh Lai Châu quản lý"
"bhyt,vien_phi",173343,170581,Căn cứ,True,False,False,"Nghị quyết số 30/2024/NQ-HĐND Bãi bỏ Nghị quyết số 16/2019/NQ-HĐND ngày 04 tháng 10 năm 2019 của Hội đồng nhân dân tỉnh Hậu Giang quy định mức giá dịch vụ khám bệnh, chữa bệnh không thuộc phạm vi thanh toán của quỹ bảo hiểm y tế trong các cơ sở khám bệnh, chữa bệnh của Nhà nước trên địa bàn tỉnh Hậu Giang",
bhyt,103607,38018,Căn cứ,False,True,False,,Nghị định số 105/2014/NĐ-CP Quy định chi tiết và hướng dẫn thi hành một số điều của Luật Bảo hiểm y tế
bhyt,187533,146344,Thay thế,True,False,True,Nghị quyết số 09/2026/NQ-HĐND Quy định mức hỗ trợ đóng bảo hiểm y tế cho một số đối tượng trên địa bàn tỉnh Điện Biên,
bhyt,8846bd40-80fb-11f1-8beb-4b8750743642,173640,Căn cứ,True,False,False,Nghị quyết số 16/2026/NQ-HĐND Quy định hỗ trợ mức đóng bảo hiểm y tế đối với người thuộc hộ thoát nghèo trên địa bàn tỉnh Hưng Yên giai đoạn 2026-2030,
bhyt,115952,92897,Căn cứ,True,False,False,"Quyết định số 57/2016/QĐ-UBND Về việc bãi bỏ Quyết định số 50/2015/QĐ-UBND ngày 12 tháng 8 năm 2015 của Ủy ban nhân dân tỉnh ban hành Quy định giải quyết thủ tục hành chính theo cơ chế một cửa thuộc lĩnh vực hộ tịch; một cửa liên thông thuộc lĩnh vực hộ tịch, cấp thẻ bảo hiểm y tế và đăng ký, quản lý cư trú tại Ủy ban nhân dân xã, phường, thị trấn trên địa bàn tỉnh Ninh Thuận",
"bhyt,vien_phi",173343,139878,Căn cứ,True,False,False,"Nghị quyết số 30/2024/NQ-HĐND Bãi bỏ Nghị quyết số 16/2019/NQ-HĐND ngày 04 tháng 10 năm 2019 của Hội đồng nhân dân tỉnh Hậu Giang quy định mức giá dịch vụ khám bệnh, chữa bệnh không thuộc phạm vi thanh toán của quỹ bảo hiểm y tế trong các cơ sở khám bệnh, chữa bệnh của Nhà nước trên địa bàn tỉnh Hậu Giang",
bhyt,40977,12326,Căn cứ,True,False,False,"Quyết định số 82/QĐ-BHXH Ban hành quy định về tổ chức thực hiện hợp đồng khám chữa bệnh, giám định chi trả chi phí khám, chữa bệnh, quản lý và sử dụng quỹ bảo hiểm ý tế",
bhyt,100999,67295,Căn cứ,False,True,False,,"Thông tư liên tịch số 05/2015/TTLT-BTP-BCA-BYT Hướng dẫn thực hiện liên thông các thủ tục hành chính về đăng ký khai sinh, đăng ký thường trú, cấp thẻ bảo hiểm y tế cho trẻ em dưới 6 tuổi"
bhyt,146838,70819,Căn cứ,True,False,False,"Quyết định số Số: 03/2021/QĐ-UBND Quy định mức hỗ trợ đóng bảo hiểm y tế cho người thuộc hộ gia đình cận nghèo, người thuộc hộ gia đình làm nông nghiệp, lâm nghiệp, ngư nghiệp có mức sống trung bình và học sinh, sinh viên trên địa bàn tỉnh Điện Biên",
bhyt,102373,38018,Căn cứ,False,True,False,,Nghị định số 105/2014/NĐ-CP Quy định chi tiết và hướng dẫn thi hành một số điều của Luật Bảo hiểm y tế
vien_phi,119094,119060,Dẫn chiếu,False,True,False,,Quyết định số 2340/2007/QĐ-UBND Về việc Ban hành mức giá thu một phần viện phí và các dịch vụ y tế áp dụng tại các cơ sở khám chữa bệnh trong hệ thống y tế nhà nước thuộc tỉnh Thái Nguyên quản lý
bhyt,177892,172923,Căn cứ,True,True,False,"Nghị quyết số 03/2025/NQ-HĐND Quy định mức hỗ trợ đóng bảo hiểm y tế đối với học sinh, sinh viên đang học tại các trường công lập thuộc tỉnh quản lý",Luật Bảo hiểm y tế sửa đổi 2024 số Luật số 51/2024/QH15
bhyt,a58d0900-6ae3-11f1-9463-4ba9a7c0cbbb,12326,Căn cứ,True,False,False,"Nghị quyết số 17/2026/NQ-HĐND Sửa đổi, bổ sung một số điều của nghị quyết số 19/2025/NQ-HĐND ngày 09 tháng 7 năm 2025 của Hội đồng nhân dân thành phố Hà Nội quy định nội dung, mức hỗ trợ đóng bảo hiểm xã hội, bảo hiểm y tế cho các đối tượng chính sách xã hội của thành phố Hà Nội",
bhyt,185524,145559,Tạm ngưng hiệu lực,True,True,False,"Nghị quyết số 818/2025/NQ-HĐND Quy định mức hỗ trợ từ ngân sách nhà nước đóng bảo hiểm y tế, bảo hiểm xã hội tự nguyện cho một số đối tượng trên địa bàn tỉnh Hưng Yên",Nghị quyết số 332/2020/NQ-HĐND Quy định mức hỗ trợ từ ngân sách nhà nước đóng bảo hiểm y tế cho một số đối tượng trên địa bàn tỉnh Hưng Yên giai đoạn 2021 - 2025
"bhyt,vien_phi",184589,161376,Thay thế,True,False,True,"Nghị quyết số 68/2025/NQ-HĐND Quy định mức hỗ trợ đóng bảo hiểm y tế cho các đối tượng cao hơn mức hỗ trợ tối thiểu; đối tượng được hỗ trợ và mức hỗ trợ cùng chi trả chi phí khám bệnh, chữa bệnh bảo hiểm y tế cho người tham gia bảo hiểm y tế khi đi khám bệnh, chữa bệnh trên địa bàn tỉnh Lâm Đồng",
"bhyt,vien_phi",141544,70800,Căn cứ,True,False,False,"Nghị quyết số 18/2019/NQ-HĐND Quy định giá dịch vụ khám bệnh, chữa bệnh không thuộc phạm vi thanh toán của Quỹ bảo hiểm y tế tại các cơ sở khám bệnh, chữa bệnh của Nhà nước do địa phương quản lý",
bhyt,126957,92948,Căn cứ,True,False,False,Nghị quyết số 78/2017/NQ-HĐND Quy định mức hỗ trợ đóng bảo hiểm y tế cho người thuộc hộ gia đình nghèo đa chiều thiếu hụt dịch vụ xã hội cơ bản khác (không bị thiếu hụt bảo hiểm y tế) trên địa bàn tỉnh Điện Biên,
bhyt,171713,132227,"Quy định chi tiết, hướng dẫn thi hành",True,False,False,"Thông tư 37/2024/TT-BYT quy định nguyên tắc, tiêu chí xây dựng, cập nhật, ghi thông tin, cấu trúc danh mục và hướng dẫn thanh toán đối với thuốc hóa dược, sinh phẩm, thuốc phóng xạ và chất đánh dấu thuộc phạm vi được hưởng của người tham gia bảo hiểm y tế do Bộ trưởng Bộ Y tế ban hành",
bhyt,119949,36793,Căn cứ,True,False,False,Nghị quyết số 70/2016/NQ-HĐND Quy định mức hỗ trợ đóng bảo hiểm y tế cho người thuộc hộ gia đình cận nghèo trên địa bàn tỉnh Ninh Thuận năm 2017,
bhyt,96394,12969,Dẫn chiếu,True,False,False,"Nghị quyết số 42/2014/NQ-HDND Về việc phê duyệt chế độ hỗ trợ bảo hiểm xã hội tự nguyện, bảo hiểm y tế cho công an viên và thôn, ấp, khu đội trưởng được bố trí ở thôn, ấp, khu phố trên địa bàn tỉnh Bà Rịa - Vũng Tàu",
bhyt,56648,19805,Căn cứ,True,False,False,Chỉ thị số 14/CT-UB Về việc triển khai bảo hiểm y tế tự nguyện,
"bhyt,vien_phi",157394,143427,Căn cứ,True,False,False,"Quyết định số 27/2020/QĐ-UBND Quy định giá dịch vụ khám bệnh, chữa bệnh không thuộc phạm vi thanh toán của Quỹ bảo hiểm y tế trong các cơ sở khám bệnh, chữa bệnh của Nhà nước trên địa bàn tỉnh Ninh Thuận",
bhyt,166311,184266,Văn bản quy định hết hiệu lực,False,True,False,,"Nghị quyết số 35/2025/NQ-HĐND Quy định chính sách hỗ trợ tiền ăn thêm, tiền mua bảo hiểm y tế và chi phí sinh hoạt khác đối với một số nhóm đối tượng đang được chăm sóc, nuôi dưỡng tại các đơn vị do Sở Y tế và Sở Nội vụ quản lý"
"bhyt,vien_phi",172978,139878,Căn cứ,True,False,False,"Nghị quyết số 111/2024/NQ-HĐND Bãi bỏ Nghị quyết số 78/2024/NQ-HĐND ngày 10 tháng 7 năm 2024 của Hội đồng nhân dân tỉnh Gia Lai quy định giá dịch vụ khám bệnh, chữa bệnh không thuộc phạm vi thanh toán của Quỹ Bảo hiểm y tế nhưng không phải là dịch vụ khám bệnh, chữa bệnh theo yêu cầu trong các cơ sở khám bệnh, chữa bệnh của Nhà nước thuộc tỉnh Gia Lai quản lý",
bhyt,1ae37070-768f-11f1-9478-a32d42492b41,179427,Căn cứ,True,False,False,"Quy định số lượng và mức phụ cấp hàng tháng đối với cộng tác viên công tác xã hội xã, phường trên địa bàn tỉnh Vĩnh Long",
"bhyt,vien_phi",186215,174419,Bãi bỏ,True,False,True,"Nghị quyết số 36/2025/NQ-HĐND Bãi bỏ Nghị quyết số 29/2024/NQ-HĐND ngày 30 tháng 12 năm 2024 của Hội đồng nhân dân tỉnh Bạc Liêu quy định giá dịch vụ khám bệnh, chữa bệnh do quỹ bảo hiểm y tế thanh toán; giá dịch vụ khám bệnh, chữa bệnh do Ngân sách nhà nước thanh toán; giá dịch vụ khám bệnh, chữa bệnh không thuộc danh mục do quỹ bảo hiểm y tế thanh toán mà không phải là dịch vụ khám bệnh, chữa bệnh theo yêu cầu đối với các cơ sở khám bệnh, chữa bệnh của Nhà nước trên địa bàn tỉnh Bạc Liêu",
bhyt,156969,113275,Căn cứ,True,False,False,Nghị quyết số 61/2022/NQ-HĐND Về việc Quy định hỗ trợ kinh phí đóng Bảo hiểm y tế đối với một số nhóm đối tượng có đăng ký thường trú trên địa bàn tỉnh Ninh Bình,
bhyt,155449,70819,Căn cứ,True,False,False,Nghị quyết số 03/2022/NQ-HĐND Quy định mức giá dịch vụ xét nghiệm SARS-CoV-2 (chưa bao gồm sinh phẩm xét nghiệm) không thuộc phạm vi thanh toán của Quỹ bảo hiểm y tế cho các cơ sở y tế công lập trên địa bàn tỉnh Đắk Lắk,
bhyt,179736,58497,"Sửa đổi, bổ sung",True,False,False,"Thông tư số 27/2025/TT-BYT quy định nguyên tắc, tiêu chí xây dựng, cập nhật, ghi thông tin, cấu trúc danh mục và hướng dẫn thanh toán đối với thuốc dược liệu, thuốc có kết hợp dược chất với các dược liệu, thuốc cổ truyền, dược liệu thuộc phạm vi được hưởng của người tham gia bảo hiểm y tế do Bộ trưởng Bộ Y tế ban hành",
bhyt,30353,18127,Căn cứ,True,False,False,Thông tư số 06/2013/TT-BYT Hướng dẫn thực hiện thí điểm quản lý giá thuốc bằng phương pháp thặng số bán buôn tối đa toàn chặng đối với thuốc do ngân sách nhà nước và bảo hiểm y tế chi trả,
"bhyt,vien_phi",168406,172978,Văn bản quy định hết hiệu lực,False,True,False,,"Nghị quyết số 111/2024/NQ-HĐND Bãi bỏ Nghị quyết số 78/2024/NQ-HĐND ngày 10 tháng 7 năm 2024 của Hội đồng nhân dân tỉnh Gia Lai quy định giá dịch vụ khám bệnh, chữa bệnh không thuộc phạm vi thanh toán của Quỹ Bảo hiểm y tế nhưng không phải là dịch vụ khám bệnh, chữa bệnh theo yêu cầu trong các cơ sở khám bệnh, chữa bệnh của Nhà nước thuộc tỉnh Gia Lai quản lý"
bhyt,89019,89902,"Sửa đổi, bổ sung",True,True,False,"Quyết định 1204/QĐ-UBND năm 2013 điều chỉnh mục tiêu kế hoạch thực hiện bảo hiểm y tế toàn dân trên địa bàn thành phố Hồ Chí Minh, giai đoạn 2012-2015 và giai đoạn 2016-2010 kèm theo Quyết định 5063/QĐ-UBND","Quyết định 5063/QĐ-UBND về Kế hoạch thực hiện Bảo hiểm y tế toàn dân trên địa bàn Thành phố Hồ Chí Minh, giai đoạn 2012 - 2015 và giai đoạn 2016 - 2020"
bhyt,91087,14730,Căn cứ,True,False,False,"Quyết định 55/2010/QĐ-UBND bãi bỏ thủ tục hành chính áp dụng tại Ủy ban nhân dân quận, huyện, phường, xã, thị trấn trên địa bàn thành phố Hồ Chí Minh trong các lĩnh vực lao động - tiền lương - tiền công, việc làm, bảo hiểm y tế, bảo vệ và chăm sóc trẻ em, bảo trợ xã hội do Ủy ban nhân dân thành phố Hồ Chí Minh ban hành",
"bhyt,vien_phi",173463,151168,Căn cứ,True,False,False,"Nghị quyết số 13/2024/NQ-HĐND Về việc Bãi bỏ các Nghị quyết của Hội đồng nhân dân tỉnh quy định giá dịch vụ khám bệnh, chữa bệnh không thuộc phạm vi thanh toán của Quỹ bảo hiểm y tế trong các cơ sở khám bệnh, chữa bệnh của Nhà nước trên địa bàn tỉnh Bắc Ninh",
bhyt,40940,11609,Căn cứ,True,False,False,"Quyết định số 1111/QĐ-BHXH Về việc ban hành Quy định quản lý thu bảo hiểm xã hội, bảo hiểm y tế; quản lý sổ bảo hiểm xã hội, thẻ bảo hiểm y tế",
bhyt,184087,100567,Căn cứ,True,False,False,Thông tư số 98/2025/TT-BQP Hướng dẫn thực hiện một số điều của Nghị định số 188/2025/NĐ-CP ngày 01 tháng 7 năm 2025 của Chính phủ quy định chi tiết và hướng dẫn thi hành một số điều của Luật Bảo hiểm y tế đối với các đối tượng thuộc phạm vi quản lý của Bộ Quốc phòng,
bhyt,24584,40977,"Văn bản HD, QĐ chi tiết",False,True,False,,"Quyết định số 82/QĐ-BHXH Ban hành quy định về tổ chức thực hiện hợp đồng khám chữa bệnh, giám định chi trả chi phí khám, chữa bệnh, quản lý và sử dụng quỹ bảo hiểm ý tế"
bhyt,12326,172923,Văn bản sửa đổi,False,True,False,,Luật Bảo hiểm y tế sửa đổi 2024 số Luật số 51/2024/QH15
"bhyt,vien_phi",179585,148465,Tạm ngưng hiệu lực,True,True,False,"Thông tư số 22/2021/TT-BYT của Bộ Y tế về quy định ngưng hiệu lực Thông tư 04/2021/TT-BYT ngày 29/4/2021 của Bộ trưởng Bộ Y tế hướng dẫn thanh toán chi phí khám bệnh, chữa bệnh bảo hiểm y tế theo định suất","Thông tư số 04/2021/TT-BYT hướng dẫn thanh toán chi phí khám bệnh, chữa bệnh bảo hiểm y tế theo định suất"
bhyt,173888,167197,Căn cứ,True,False,False,Quyết định số 134/2024/QĐ-UBND Bãi bỏ Quyết định số 51/2015/QĐ-UBND ngày 13 tháng 11 năm 2015 của Ủy ban nhân dân Thành phố Hồ Chí Minh về ban hành quy trình thực hiện cấp thẻ Bảo hiểm y tế cho các đối tượng bảo trợ xã hội tại cộng đồng trên địa bàn Thành phố Hồ Chí Minh,
bhyt,127519,92948,"Quy định chi tiết, hướng dẫn thi hành",True,False,False,Quyết định số Số: 10/2018/QĐ-UBND Quy định mức hỗ trợ đóng bảo hiểm y tế cho người thuộc hộ gia đình nghèo đa chiều thiếu hụt dịch vụ xã hội cơ bản khác (không bị thiếu hụt bảo hiểm y tế) trên địa bàn tỉnh Điện Biên,
bhyt,179920,70807,Căn cứ,True,False,False,"Nghị quyết số 19/2025/NQ-HĐND Quy định nội dung, mức hỗ trợ đóng bảo hiểm xã hội tự nguyện, bảo hiểm y tế cho các đối tượng chính sách xã hội của thành phố Hà Nội (Thực hiện điểm a, điểm b khoản 3, khoản 4 Điều 27 Luật Thủ đô)",
bhyt,185306,137359,Bãi bỏ,True,False,True,Nghị quyết số 75/2025/NQ-HĐND Quy định mức hỗ trợ đóng bảo hiểm y tế cho người bệnh phong tại Bệnh viện Bến Sắn; trẻ em và người có hoàn cảnh khó khăn trên địa bàn Thành phố Hồ Chí Minh,
bhyt,141799,12326,Căn cứ,True,False,False,Nghị quyết số 287/2020/NQ-HĐND Hỗ trợ kinh phí đóng bảo hiểm y tế cho người nhiễm HIV chưa có thẻ bảo hiểm y tế trên địa bàn tỉnh Kiên Giang,
bhyt,32781,54850,"Văn bản HD, QĐ chi tiết",False,True,False,,"Quyết định số 08/2015/QĐ-TTg Thí điểm về giao dịch điện tử trong việc thực hiện thủ tục tham gia bảo hiểm xã hội, bảo hiểm y tế, bảo hiểm thất nghiệp và đề nghị cấp sổ bảo hiểm xã hội, thẻ bảo hiểm y tế"
bhyt,98366,67295,Căn cứ,False,True,False,,"Thông tư liên tịch số 05/2015/TTLT-BTP-BCA-BYT Hướng dẫn thực hiện liên thông các thủ tục hành chính về đăng ký khai sinh, đăng ký thường trú, cấp thẻ bảo hiểm y tế cho trẻ em dưới 6 tuổi"
bhyt,184708,179427,Căn cứ,True,False,False,"Nghị quyết số 57/2025/NQ-HĐND Quy định chính sách hỗ trợ mức đóng bảo hiểm y tế cho các nhóm đối tượng xã hội đang thường trú trên địa bàn thành phố Hải Phòng, giai đoạn 2026 - 2030",
bhyt,185418,178340,Căn cứ,True,False,False,"Nghị quyết số 99/2025/NQ-HĐND quy định chính sách hỗ trợ kinh phí tham gia bảo hiểm xã hội tự nguyện, bảo hiểm y tế trên địa bàn tỉnh Bắc Ninh, giai đoạn 2026- 2030",
bhyt,181625,70807,Căn cứ,True,False,False,"Nghị quyết số 09/2025/NQ-HĐND Về việc sửa đổi khoản 1 Điều 1 Nghị quyết số 13/2023/NQ-HĐND ngày 14 tháng 12 năm 2023 của Hội đồng nhân dân tỉnh quy định mức hỗ trợ đóng bảo hiểm y tế cho đối tượng hộ cận nghèo trên địa bàn tỉnh Thanh Hóa, giai đoạn 2024 - 2025",
bhyt,117603,38018,Căn cứ,False,True,False,,Nghị định số 105/2014/NĐ-CP Quy định chi tiết và hướng dẫn thi hành một số điều của Luật Bảo hiểm y tế
bhyt,142146,12326,Căn cứ,True,False,False,Nghị quyết số 276/2020/NQ-HĐND Quy định mức hỗ trợ từ ngân sách nhà nước đóng bảo hiểm y tế cho đối tượng người khuyết tật trên địa bàn tỉnh Hưng Yên,
bhyt,127059,38018,Căn cứ,False,True,False,,Nghị định số 105/2014/NĐ-CP Quy định chi tiết và hướng dẫn thi hành một số điều của Luật Bảo hiểm y tế
bhyt,184087,100567,Dẫn chiếu,True,False,False,Thông tư số 98/2025/TT-BQP Hướng dẫn thực hiện một số điều của Nghị định số 188/2025/NĐ-CP ngày 01 tháng 7 năm 2025 của Chính phủ quy định chi tiết và hướng dẫn thi hành một số điều của Luật Bảo hiểm y tế đối với các đối tượng thuộc phạm vi quản lý của Bộ Quốc phòng,
bhyt,89902,60114,Văn bản dẫn chiếu,True,False,False,"Quyết định 5063/QĐ-UBND về Kế hoạch thực hiện Bảo hiểm y tế toàn dân trên địa bàn Thành phố Hồ Chí Minh, giai đoạn 2012 - 2015 và giai đoạn 2016 - 2020",
bhyt,184559,178717,Căn cứ,True,False,False,Nghị quyết số 64/2025/NQ-HĐND Quy định mức hỗ trợ đóng bảo hiểm y tế cho một số đối tượng trên địa bàn tỉnh Phú Thọ giao đoạn 2026-2030,
bhyt,cc529cf0-7ff4-11f1-ba62-eb7a9ce1404a,8619b9a0-5e55-11f1-8e5a-2929924511d6,Căn cứ,False,True,False,,"Nghị định 02/2025/NĐ-CP Sửa đổi, bổ sung một số điều của nghị định số 146/2018/NĐ-CP ngày 17 tháng 10 năm 2018 của chính phủ quy định chi tiết và hướng dẫn biện pháp thi hành luật bảo hiểm y tể, đã được sửa đổi, bổ sung một số điều tại nghị định số 75/2023/NĐ-CP ngày 19 tháng 10 năm 2023 của chính phủ"
bhyt,179736,12326,Căn cứ,True,False,False,"Thông tư số 27/2025/TT-BYT quy định nguyên tắc, tiêu chí xây dựng, cập nhật, ghi thông tin, cấu trúc danh mục và hướng dẫn thanh toán đối với thuốc dược liệu, thuốc có kết hợp dược chất với các dược liệu, thuốc cổ truyền, dược liệu thuộc phạm vi được hưởng của người tham gia bảo hiểm y tế do Bộ trưởng Bộ Y tế ban hành",
bhyt,179711,134065,Dẫn chiếu,True,False,False,Nghị định số 188/2025/NĐ-CP hướng dẫn Luật Bảo hiểm y tế,
bhyt,186756,179711,Căn cứ,False,True,False,,Nghị định số 188/2025/NĐ-CP hướng dẫn Luật Bảo hiểm y tế
"bhyt,vien_phi",157394,137200,Căn cứ,True,False,False,"Quyết định số 27/2020/QĐ-UBND Quy định giá dịch vụ khám bệnh, chữa bệnh không thuộc phạm vi thanh toán của Quỹ bảo hiểm y tế trong các cơ sở khám bệnh, chữa bệnh của Nhà nước trên địa bàn tỉnh Ninh Thuận",
bhyt,129162,129160,Văn bản căn cứ,True,False,False,Nghị quyết số 57/2018/NQ-HĐND Hỗ trợ kinh phí 30% mệnh giá mua thẻ bảo hiểm y tế cho người thuộc hộ nghèo đa chiều thiếu hụt các dịch vụ xã hội cơ bản khác (không bị thiếu hụt bảo hiểm y tế) trên địa bàn tỉnh Trà Vinh từ năm 2018 đến năm 2020,
bhyt,145322,172977,Văn bản quy định hết hiệu lực,False,True,False,,Nghị quyết số 110/2024/NQ-HĐND Bãi bỏ các Nghị quyết của Hội đồng nhân dân tỉnh Gia Lai
bhyt,173064,170583,Căn cứ,True,False,False,"Nghị quyết số 31/2024/NQ-HĐND Về việc bãi bỏ Nghị quyết số 04/2024/NQ-HĐND ngày 21 tháng 5 năm 2024 của Hội đồng nhân dân tỉnh quy định giá cụ thể dịch vụ khám bệnh, chữa bệnh không thuộc danh mục do quỹ bảo hiểm y tế thanh toán mà không phải là dịch vụ khám bệnh, chữa bệnh theo yêu cầu đối với các cơ sở khám bệnh, chửa bệnh của Nhà nước trên địa bàn tỉnh Long An",
bhyt,88622,15057,Căn cứ,True,False,False,"Quyết định 3651/QĐ-UBND ban hành Kế hoạch Chương trình hành động 32-CTrHĐ/TU thực hiện Nghị quyết 21-NQ/TW về tăng cường sự lãnh đạo của Đảng đối với công tác bảo hiểm xã hội, bảo hiểm y tế giai đoạn 2012 - 2020 do thành phố Hồ Chí Minh ban hành",
bhyt,159070,12326,Căn cứ,True,False,False,"Nghị quyết số 34/2022/NQ-HĐND Quy định việc hỗ trợ đóng bảo hiểm xã hội và bảo hiểm y tế cho ấp (khu) đội trưởng, người hoạt động không chuyên trách ở ấp, khu phố và người trực tiếp tham gia công việc ở ấp, khu phố trên địa bàn tỉnh Kiên Giang",
bhyt,40940,15057,"Quy định chi tiết, hướng dẫn thi hành",True,False,False,"Quyết định số 1111/QĐ-BHXH Về việc ban hành Quy định quản lý thu bảo hiểm xã hội, bảo hiểm y tế; quản lý sổ bảo hiểm xã hội, thẻ bảo hiểm y tế",
bhyt,184454,172923,Căn cứ,True,True,False,"Nghị quyết số 56/2025/NQ-HĐND Quy định mức hỗ trợ đóng bảo hiểm y tế cho người cao tuổi, học sinh trên địa bàn Thành phố Hồ Chí Minh",Luật Bảo hiểm y tế sửa đổi 2024 số Luật số 51/2024/QH15
"bhyt,vien_phi",173832,168128,Căn cứ,True,False,False,"Nghị quyết số 27/2024/NQ-HĐND Quy định giá dịch vụ khám bệnh, chữa bệnh thuộc danh mục do quỹ bảo hiểm y tế thanh toán; giá dịch vụ khám bệnh, chữa bệnh do ngân sách nhà nước thanh toán; giá dịch vụ khám bệnh, chữa bệnh không thuộc danh mục do quỹ bảo hiểm y tế thanh toán mà không phải là dịch vụ khám bệnh, chữa bệnh theo yêu cầu đối với các cơ sở khám bệnh, chữa bệnh của Nhà nước trên địa bàn tỉnh Bến Tre",
bhyt,155449,153632,Dẫn chiếu,True,False,False,Nghị quyết số 03/2022/NQ-HĐND Quy định mức giá dịch vụ xét nghiệm SARS-CoV-2 (chưa bao gồm sinh phẩm xét nghiệm) không thuộc phạm vi thanh toán của Quỹ bảo hiểm y tế cho các cơ sở y tế công lập trên địa bàn tỉnh Đắk Lắk,
bhyt,152757,139878,Căn cứ,True,False,False,Nghị quyết số Số: 04/2022/NQ-HĐND Quy định chính sách hỗ trợ bảo hiểm y tế đối với đồng bào dân tộc thiểu số trên địa bàn tỉnh Quảng Nam giai đoạn 2022 - 2025,
bhyt,182608,158188,Thay thế,True,False,True,"Thông tư số 86 /2025/TT-BCA Quy định biện pháp thực hiện bảo hiểm y tế đối với công nhân công an, người lao động, học sinh, sinh viên và thân nhân của cán bộ, chiến sĩ, công nhân công an đang công tác, học tập trong Công an nhân dân",
"bhyt,vien_phi",75997,27488,Căn cứ,True,False,False,"Nghị quyết số 25/2013/NQ-HĐND Về bãi bỏ bảng giá thu một phần viện phí tại trạm Y tế xã áp dụng cho người bệnh ngoại trú, nội trú có thẻ bảo hiểm y tế ban hành kèm theo Nghị quyết số 13/2008/NQ-HĐND ngày 16/12/2008 của Hội đồng nhân dân tỉnh Kon Tum khóa IX, kỳ họp thứ 11",
bhyt,173888,103581,Căn cứ,True,False,False,Quyết định số 134/2024/QĐ-UBND Bãi bỏ Quyết định số 51/2015/QĐ-UBND ngày 13 tháng 11 năm 2015 của Ủy ban nhân dân Thành phố Hồ Chí Minh về ban hành quy trình thực hiện cấp thẻ Bảo hiểm y tế cho các đối tượng bảo trợ xã hội tại cộng đồng trên địa bàn Thành phố Hồ Chí Minh,
bhyt,26258,40940,"Văn bản HD, QĐ chi tiết",False,True,False,,"Quyết định số 1111/QĐ-BHXH Về việc ban hành Quy định quản lý thu bảo hiểm xã hội, bảo hiểm y tế; quản lý sổ bảo hiểm xã hội, thẻ bảo hiểm y tế"
bhyt,79102,176707,Văn bản bổ sung,False,True,False,,"Nghị định số 74/2025/NĐ-CP Sửa đổi, bổ sung một số điều của Nghị định số 70/2015/NĐ-CP ngày 01 tháng 09 năm 2015 của Chính phủ quy định chi tiết và hướng dẫn thi hành một số điều của Luật Bảo hiểm y tế đói với Quân đội nhân dân, công an nhân dân và người làm công tác cơ yếu"
bhyt,183449,172923,Căn cứ,False,True,False,,Luật Bảo hiểm y tế sửa đổi 2024 số Luật số 51/2024/QH15
bhyt,185524,142146,Dẫn chiếu,True,True,False,"Nghị quyết số 818/2025/NQ-HĐND Quy định mức hỗ trợ từ ngân sách nhà nước đóng bảo hiểm y tế, bảo hiểm xã hội tự nguyện cho một số đối tượng trên địa bàn tỉnh Hưng Yên",Nghị quyết số 276/2020/NQ-HĐND Quy định mức hỗ trợ từ ngân sách nhà nước đóng bảo hiểm y tế cho đối tượng người khuyết tật trên địa bàn tỉnh Hưng Yên
"bhyt,vien_phi",155057,151168,Căn cứ,True,False,False,"Quyết định số 10/2022/QĐ-UBND Về sửa đổi, bổ sung Quyết định 56/2019/QĐ-UBND ngày 31 tháng 12 năm 2019 của Ủy ban nhân dân tỉnh Hà Nam về quy định mức giá dịch vụ khám bệnh, chữa bệnh không thuộc phạm vi thanh toán của Quỹ bảo hiểm y tế trong các cơ sở khám bệnh, chữa bệnh của Nhà nước thuộc địa phương quản lý trên địa bàn tỉnh Hà Nam",
bhyt,120801,92948,Căn cứ,True,False,False,"Quyết định số 04/2017/QĐ-UBND Quy định mức hỗ trợ đóng bảo hiểm y tế từ ngân sách địa phương cho đối tượng là người thuộc hộ gia đình làm nông nghiệp, lâm nghiệp, ngư nghiệp, diêm nghiệp có mức sống trung bình trên địa bàn tỉnh Nam Định",
bhyt,51860,14259,Căn cứ,True,False,False,Quyết định số 1219/QĐ-UBND Về việc ban hành quy trình cấp thẻ bảo hiểm y tế cho người nghèo,
bhyt,155449,25170,Căn cứ,True,False,False,Nghị quyết số 03/2022/NQ-HĐND Quy định mức giá dịch vụ xét nghiệm SARS-CoV-2 (chưa bao gồm sinh phẩm xét nghiệm) không thuộc phạm vi thanh toán của Quỹ bảo hiểm y tế cho các cơ sở y tế công lập trên địa bàn tỉnh Đắk Lắk,
bhyt,155764,139878,Căn cứ,True,False,False,Nghị quyết số 07/2022/NQ-HĐND Về việc quy định mức hỗ trợ kinh phí mua thẻ bảo hiểm y tế cho người thuộc hộ cận nghèo trên địa bàn tỉnh Khánh Hòa giai đoạn 2022-2025,
bhyt,129005,46744,Căn cứ,True,False,False,Thông tư số 56/2017/TT-BYT quy định chi tiết thi hành Luật bảo hiểm xã hội và Luật an toàn vệ sinh lao động thuộc lĩnh vực y tế,
"bhyt,vien_phi",143848,137243,Căn cứ,True,False,False,"Quyết định số 28/2020/QĐ-UBND Quy định giá dịch vụ khám bệnh, chữa bệnh không thuộc phạm vi thanh toán của Quỹ bảo hiểm y tế trong các cơ sở khám bệnh, chữa bệnh của Nhà nước trên địa bàn tỉnh Ninh Thuận.",
bhyt,184559,12326,Căn cứ,True,False,False,Nghị quyết số 64/2025/NQ-HĐND Quy định mức hỗ trợ đóng bảo hiểm y tế cho một số đối tượng trên địa bàn tỉnh Phú Thọ giao đoạn 2026-2030,
bhyt,184882,179711,Căn cứ,False,True,False,,Nghị định số 188/2025/NĐ-CP hướng dẫn Luật Bảo hiểm y tế
"bhyt,vien_phi",174245,167025,Bãi bỏ,True,False,True,"Nghị quyết số 26/2024/NQ-HĐND Bãi bỏ Nghị quyết số 04/2024/NQ-HĐND ngày 19 tháng 4 năm 2024 của Hội đồng nhân dân tỉnh An Giang quy định mức giá dịch vụ khám bệnh, chữa bệnh không thuộc phạm vi thanh toán của Quỹ bảo hiểm y tế mà không phải là đối tượng khám bệnh, chữa bệnh theo yêu cầu tạ",
bhyt,159113,148053,Thay thế,True,False,True,Nghị quyết số 09/2022/NQ-HĐND Quy định giá dịch vụ xét nghiệm SARS-CoV-2 (chưa bao gồm chi phí sinh phẩm xét nghiệm) trong trường hợp không thuộc phạm vi thanh toán của Quỹ bảo hiểm y tế đối với các cơ sở y tế công lập trên địa bàn tỉnh Vĩnh Phúc,
bhyt,128717,38018,Căn cứ,False,True,False,,Nghị định số 105/2014/NĐ-CP Quy định chi tiết và hướng dẫn thi hành một số điều của Luật Bảo hiểm y tế
bhyt,119949,12326,Căn cứ,True,False,False,Nghị quyết số 70/2016/NQ-HĐND Quy định mức hỗ trợ đóng bảo hiểm y tế cho người thuộc hộ gia đình cận nghèo trên địa bàn tỉnh Ninh Thuận năm 2017,
bhyt,117826,38018,Căn cứ,False,True,False,,Nghị định số 105/2014/NĐ-CP Quy định chi tiết và hướng dẫn thi hành một số điều của Luật Bảo hiểm y tế
bhyt,92520,38018,Căn cứ,False,True,False,,Nghị định số 105/2014/NĐ-CP Quy định chi tiết và hướng dẫn thi hành một số điều của Luật Bảo hiểm y tế
bhyt,93166,93164,Văn bản căn cứ,True,False,False,"Quyết định số 60/2009/QĐ-UBND Ban hành Quy chế phối hợp trong thực hiện chính sách, pháp luật về bảo hiểm xã hội và bảo hiểm y tế trên địa bàn tỉnh Long An",
bhyt,168803,12326,Căn cứ,True,False,False,Nghị quyết số 15/2024/NQ-HĐND Quy định chính sách hỗ trợ kinh phí đóng bảo hiểm y tế; chi phí cùng chi trả đối với thuốc kháng HIV cho người nhiễm HIV/AIDS có thẻ bảo hiểm y tế trên địa bàn tỉnh Nghệ An,
"bhyt,vien_phi",173176,170583,Căn cứ,True,False,False,"Nghị quyết số 68/2024/NQ-HĐND Quy định giá dịch vụ khám bệnh, chữa bệnh thuộc danh mục thanh toán của Quỹ bảo hiểm y tế, giá dịch vụ khám bệnh, chữa bệnh do ngân sách nhà nước thanh toán và giá dịch vụ khám bệnh, chữa bệnh không thuộc danh mục thanh toán của Quỹ bảo hiểm y tế mà không phải là dịch vụ khám bệnh, chữa bệnh theo yêu cầu tại các cơ sở khám bệnh, chữa bệnh công lập thuộc thành phố Đà Nẵng",
"bhyt,vien_phi",173621,170583,Căn cứ,True,False,False,"Nghị quyết số 40/2024/NQ-HĐND Bãi bỏ Nghị quyết số 01/2024/NQ-HĐND ngày 19 tháng 01 năm 2024 của Hội đồng nhân dân tỉnh Đồng Nai quy định giá dịch vụ khám bệnh, chữa bệnh không thuộc phạm vi thanh toán của Quỹ bảo hiểm y tế trong các cơ sở khám bệnh, chữa bệnh của Nhà nước trên địa bàn tỉnh Đồng Nai",
"bhyt,vien_phi",173398,166391,Căn cứ,True,False,False,"Nghị quyết số 09/2024/NQ-HĐND Bãi bỏ Nghị quyết số 19/2023/NQ-HĐND ngày 12 tháng 12 năm 2023 của Hội đồng nhân dân tỉnh quy định mức giá dịch vụ khám bệnh, chữa bệnh không thuộc phạm vi thanh toán của Quỹ bảo hiểm y tế mà không phải dịch vụ khám bệnh chữa bệnh theo yêu cầu tại các cơ sở khám bệnh, chữa bệnh của Nhà nước thuộc tỉnh Phú Thọ quản lý",
"bhyt,vien_phi",157394,25170,Căn cứ,True,False,False,"Quyết định số 27/2020/QĐ-UBND Quy định giá dịch vụ khám bệnh, chữa bệnh không thuộc phạm vi thanh toán của Quỹ bảo hiểm y tế trong các cơ sở khám bệnh, chữa bệnh của Nhà nước trên địa bàn tỉnh Ninh Thuận",
bhyt,127243,70819,Căn cứ,True,False,False,"Quyết định số 52/2017/QĐ-UBND Sửa đổi, bổ sung Quyết định số 52/2016/QĐ-UBND ngày 21/12/2016 của UBND tỉnh về việc hỗ trợ kinh phí đóng bảo hiểm y tế giai đoạn 2017-2020",
bhyt,88622,79862,Dẫn chiếu,True,False,False,"Quyết định 3651/QĐ-UBND ban hành Kế hoạch Chương trình hành động 32-CTrHĐ/TU thực hiện Nghị quyết 21-NQ/TW về tăng cường sự lãnh đạo của Đảng đối với công tác bảo hiểm xã hội, bảo hiểm y tế giai đoạn 2012 - 2020 do thành phố Hồ Chí Minh ban hành",
bhyt,21993,22796,Dẫn chiếu,True,True,False,Thông tư liên tịch số 09/2002/TTLT/BTCCBCP-BLĐTBXH-BTC-BYT Hướng dẫn về việc chuyển Bảo hiểm y tế Việt Nam sang Bảo hiểm xã hội Việt Nam.,Quyết định số 20/2002/QĐ-TTg Về việc chuyển Bảo hiểm Y tế Việt Nam sang Bảo hiểm Xã hội Việt Nam.
bhyt,168803,146648,Căn cứ,True,False,False,Nghị quyết số 15/2024/NQ-HĐND Quy định chính sách hỗ trợ kinh phí đóng bảo hiểm y tế; chi phí cùng chi trả đối với thuốc kháng HIV cho người nhiễm HIV/AIDS có thẻ bảo hiểm y tế trên địa bàn tỉnh Nghệ An,
bhyt,176101,70819,Căn cứ,True,False,False,"Nghị quyết số 28/2024/NQ-HĐND Quy định giá cụ thể dịch vụ khám bệnh, chữa bệnh thuộc danh mục do quỹ bảo hiểm y tế thanh toán, giá cụ thể dịch vụ khám bệnh, chữa bệnh do ngân sách nhà nước thanh toán, giá cụ thể dịch vụ khám bệnh, chữa bệnh không thuộc danh mục do quỹ bảo hiểm y tế thanh toán mà không phải là dịch vụ khám bệnh, chữa bệnh theo yêu cầu đối với các cơ sở khám bệnh, chữa bệnh của Nhà nước trên địa bàn tỉnh Hà Nam quản lý thuộc phạm vi được phân quyền",
bhyt,166785,185204,Văn bản quy định hết hiệu lực,False,True,False,,"Nghị quyết số 91/2025/NQ-HĐND Quy định chính sách hỗ trợ đóng bảo hiểm y tế cho một số nhóm đối tượng trên địa bàn tỉnh Quảng Ninh, giai đoạn 2026-2030"
"bhyt,vien_phi",150427,173463,Văn bản quy định hết hiệu lực,False,True,False,,"Nghị quyết số 13/2024/NQ-HĐND Về việc Bãi bỏ các Nghị quyết của Hội đồng nhân dân tỉnh quy định giá dịch vụ khám bệnh, chữa bệnh không thuộc phạm vi thanh toán của Quỹ bảo hiểm y tế trong các cơ sở khám bệnh, chữa bệnh của Nhà nước trên địa bàn tỉnh Bắc Ninh"
"bhyt,vien_phi",173343,12803,Căn cứ,True,False,False,"Nghị quyết số 30/2024/NQ-HĐND Bãi bỏ Nghị quyết số 16/2019/NQ-HĐND ngày 04 tháng 10 năm 2019 của Hội đồng nhân dân tỉnh Hậu Giang quy định mức giá dịch vụ khám bệnh, chữa bệnh không thuộc phạm vi thanh toán của quỹ bảo hiểm y tế trong các cơ sở khám bệnh, chữa bệnh của Nhà nước trên địa bàn tỉnh Hậu Giang",
bhyt,74259,25930,Dẫn chiếu,True,False,False,"Quyết định số 16/2013/QĐ-UBND Về việc sửa đổi, bổ sung điểm c, khoản 2, Điều 1 Quy định phân cấp quản lý mua, cấp phát thẻ bảo hiểm y tế cho các đối tượng được ngân sách nhà nước đảm bảo trên địa bàn tỉnh Hòa Bình ban hành kèm theo Quyết định số 14/2012/QĐ-UBND ngày 19 tháng 9 năm 2012 của UBND tỉnh Hòa Bình",
bhyt,62448,27863,Dẫn chiếu,True,False,False,Quyết định số 538/QĐ-TTg Phê duyệt Đề án thực hiện lộ trình tiến tới bảo hiểm y tế toàn dân giai đoạn 2012-2015 và 2020,
bhyt,8e1ecd70-7aa2-11f1-ab8b-c9aa60b38f20,179711,Căn cứ,False,True,False,,Nghị định số 188/2025/NĐ-CP hướng dẫn Luật Bảo hiểm y tế
bhyt,181930,34049,Dẫn chiếu,True,False,False,Nghị quyết số 17/2025/NQ-HĐND Ban hành Quy định mức hỗ trợ đóng bảo hiểm y tế đối với một số đối tượng trên địa bàn tỉnh Vĩnh Long,
bhyt,153741,70800,Căn cứ,True,False,False,"Nghị quyết số 88/2022/NQ-HĐND về ban hành giá dịch vụ xét nghiệm SARC-CoV-2 không thuộc phạm vi thanh toán của quỹ bảo hiểm y tế trong các cơ sở khám bệnh, chữa bệnh của Nhà nước do tỉnh Quảng Ninh quản lý",
bhyt,52484,38018,Căn cứ,False,True,False,,Nghị định số 105/2014/NĐ-CP Quy định chi tiết và hướng dẫn thi hành một số điều của Luật Bảo hiểm y tế
bhyt,164868,181625,Văn bản bổ sung,False,True,False,,"Nghị quyết số 09/2025/NQ-HĐND Về việc sửa đổi khoản 1 Điều 1 Nghị quyết số 13/2023/NQ-HĐND ngày 14 tháng 12 năm 2023 của Hội đồng nhân dân tỉnh quy định mức hỗ trợ đóng bảo hiểm y tế cho đối tượng hộ cận nghèo trên địa bàn tỉnh Thanh Hóa, giai đoạn 2024 - 2025"
bhyt,100567,179772,"Văn bản HD, QĐ chi tiết",False,True,False,,"Thông tư số 63/2025/TT-BQP Quy định, hướng dẫn thực hiện một số điều của Nghị định số 70/2015/NĐ-CP ngày 01 tháng 9 năm 2015 của Chính phủ quy định chi tiết và hướng dẫn thi hành một số điều của Luật Bảo hiểm y tế đối với quân đội nhân dân, công an nhân dân và người làm công tác cơ yếu; Nghị định số 74/2025/NĐ-CP ngày 31 tháng 3 năm 2025 sửa đổi, bổ sung một số điều của Nghị định số 70/2015/NĐ-CP ngày 01 tháng 9 năm 2015 của Chính phủ"
bhyt,5344,10420,Căn cứ,True,False,False,"Quyết định số 118/1997/QĐ-UB Về việc thành lập Bảo hiểm Y tế, trực thuộc Sở Y tế.",
bhyt,179920,132188,Căn cứ,True,False,False,"Nghị quyết số 19/2025/NQ-HĐND Quy định nội dung, mức hỗ trợ đóng bảo hiểm xã hội tự nguyện, bảo hiểm y tế cho các đối tượng chính sách xã hội của thành phố Hà Nội (Thực hiện điểm a, điểm b khoản 3, khoản 4 Điều 27 Luật Thủ đô)",
bhyt,184454,178717,Căn cứ,True,False,False,"Nghị quyết số 56/2025/NQ-HĐND Quy định mức hỗ trợ đóng bảo hiểm y tế cho người cao tuổi, học sinh trên địa bàn Thành phố Hồ Chí Minh",
"bhyt,vien_phi",174525,168128,Căn cứ,True,False,False,"Nghị quyết số 47/2024/NQ-HĐND Bãi bỏ Nghị quyết số 26/2024/NQ-HĐND ngày 23 tháng 7 năm 2024 của Hội đồng nhân dân tỉnh Quy định mức giá dịch vụ khám bệnh, chữa bệnh không thuộc phạm vi thanh toán của Quỹ bảo hiểm y tế mà không phải là dịch vụ khám bệnh, chữa bệnh theo yêu cầu trong các cơ sở khám bệnh, chữa bệnh của Nhà nước thuộc tỉnh Quảng Ngãi quản lý",
"bhyt,vien_phi",174421,170583,Căn cứ,True,False,False,"Nghị quyết số 30/2024/NQ-HĐND Bãi bỏ Nghị quyết số 09/2019/NQ-HĐND ngày 06 tháng 12 năm 2019 của Hội đồng nhân dân tỉnh “về việc quy định mức giá dịch vụ khám bệnh, chữa bệnh không thuộc phạm vi thanh toán của Quỹ bảo hiểm y tế trong các cơ sở khám bệnh, chữa bệnh của Nhà nước trên địa bàn tỉnh Bạc Liêu”",
"bhyt,vien_phi",172424,167197,Căn cứ,True,False,False,"Nghị quyết số 49/2024/NQ-HĐND Bãi bỏ Nghị quyết số 32/2024/NQ-HĐND ngày 19/4/2024 của HĐND tỉnh quy định mức giá dịch vụ khám bệnh, chữa bệnh không thuộc phạm vi thanh toán của Quỹ Bảo hiểm y tế (nhưng không phải là dịch vụ khám bệnh, chữa bệnh của Nhà nước thuộc tỉnh Quảng Ninh quản lý)",
bhyt,153839,32610,Căn cứ,True,False,False,Nghị quyết số 113/2022/NQ-UBND Quy định mức giá dịch vụ xét nghiệm SARS-CoV-2 không thuộc phạm vi thanh toán của Quỹ bảo hiểm y tế trên địa bàn tỉnh Hòa Bình,
bhyt,65812,38018,Căn cứ,False,True,False,,Nghị định số 105/2014/NĐ-CP Quy định chi tiết và hướng dẫn thi hành một số điều của Luật Bảo hiểm y tế
bhyt,3167a8d0-58e8-11f1-b3bb-7f5ed40f13b2,175462,Căn cứ,True,False,False,"Thông tư 126/2025/TT-BTC Quy định quy trình kiểm tra lĩnh vực bảo hiểm xã hội, bảo hiểm thất nghiệp, bảo hiểm y tế thuộc phạm vi quản lý nhà nước của Bộ Tài chính",
bhyt,179736,172923,"Văn bản được HD, QĐ chi tiết",True,True,False,"Thông tư số 27/2025/TT-BYT quy định nguyên tắc, tiêu chí xây dựng, cập nhật, ghi thông tin, cấu trúc danh mục và hướng dẫn thanh toán đối với thuốc dược liệu, thuốc có kết hợp dược chất với các dược liệu, thuốc cổ truyền, dược liệu thuộc phạm vi được hưởng của người tham gia bảo hiểm y tế do Bộ trưởng Bộ Y tế ban hành",Luật Bảo hiểm y tế sửa đổi 2024 số Luật số 51/2024/QH15
bhyt,38018,73089,"Văn bản HD, QĐ chi tiết",True,False,False,Nghị định số 105/2014/NĐ-CP Quy định chi tiết và hướng dẫn thi hành một số điều của Luật Bảo hiểm y tế,
bhyt,178011,175440,Căn cứ,True,False,False,Nghị quyết số 09/2025/NQ-HĐND Quy định mức hỗ trợ đóng bảo hiểm y tế cho một số đối tượng trên địa bàn tỉnh An Giang,
bhyt,140624,116689,Dẫn chiếu,True,False,False,Thông tư số 30/2019/TT-BLĐTBXH Hướng dẫn lập danh sách đối tượng tham gia bảo hiểm y tế do Bộ Lao động - Thương binh và Xã hội quản lý,
bhyt,184764,36793,Căn cứ,True,False,False,"Nghị quyết số 110/2025/NQ-HĐND Quy định mức hỗ trợ đóng bảo hiểm y tế cho người thuộc hộ gia đình cận nghèo; học sinh, sinh viên là người dân tộc thiểu số; người thuộc hộ gia đình làm nông nghiệp, lâm nghiệp, ngư nghiệp có mức sống trung bình trên địa bàn tỉnh Lai Châu giai đoạn 2026 – 2030",
bhyt,181625,173331,Căn cứ,True,False,False,"Nghị quyết số 09/2025/NQ-HĐND Về việc sửa đổi khoản 1 Điều 1 Nghị quyết số 13/2023/NQ-HĐND ngày 14 tháng 12 năm 2023 của Hội đồng nhân dân tỉnh quy định mức hỗ trợ đóng bảo hiểm y tế cho đối tượng hộ cận nghèo trên địa bàn tỉnh Thanh Hóa, giai đoạn 2024 - 2025",
"bhyt,vien_phi",172810,139878,Căn cứ,True,False,False,"Nghị quyết số 26/2024/NQ-HĐND bãi bỏ Nghị quyết số 02/2024/NQ-HĐND ngày 26/02/2024 của HĐND tỉnh Quy định giá dịch vụ khám bệnh, chữa bệnh không thuộc phạm vi thanh toán của Quỹ Bảo hiểm y tế trong các cơ sở khám bệnh, chữa bệnh của Nhà nước trên địa bàn tỉnh Trà Vinh",
"bhyt,vien_phi",167742,139878,Căn cứ,True,False,False,"Nghị quyết số số 11/2024/NQ-HĐND Quy định mức giá dịch vụ khám bệnh, chữa bệnh không thuộc phạm vi thanh toán của Quỹ bảo hiểm y tế nhưng không phải là dịch vụ khám bệnh, chữa bệnh theo yêu cầu trong các cơ sở khám bệnh, chữa bệnh của Nhà nước thuộc tỉnh Quảng Nam",
bhyt,129506,38018,Căn cứ,False,True,False,,Nghị định số 105/2014/NĐ-CP Quy định chi tiết và hướng dẫn thi hành một số điều của Luật Bảo hiểm y tế
bhyt,182783,181847,Căn cứ,False,True,False,,"Nghị định số 233/2025/NĐ-CP Quy định cơ chế tài chính về bảo hiểm xã hội, bảo hiểm thất nghiệp, bảo hiểm y tế; chi tổ chức và hoạt động bảo hiểm xã hội, bảo hiểm thất nghiệp, bảo hiểm y tế"
bhyt,15516,30353,"Văn bản HD, QĐ chi tiết",False,True,False,,Thông tư số 06/2013/TT-BYT Hướng dẫn thực hiện thí điểm quản lý giá thuốc bằng phương pháp thặng số bán buôn tối đa toàn chặng đối với thuốc do ngân sách nhà nước và bảo hiểm y tế chi trả
"bhyt,vien_phi",141832,52575,Căn cứ,True,False,False,"Quyết định số 10/2020/QĐ-UBND Bãi bỏ Quyết định số 74/2017/QĐ-UBND ngày 01 tháng 9 năm 2017 của Ủy ban nhân dân tỉnh về việc quy định mức giá dịch vụ khám bệnh, chữa bệnh không thuộc phạm vi thanh toán của Quỹ bảo hiểm y tế tại các cơ sở y tế công lập thuộc tỉnh Thừa Thiên Huế",
bhyt,140624,11802,Dẫn chiếu,True,True,False,Thông tư số 30/2019/TT-BLĐTBXH Hướng dẫn lập danh sách đối tượng tham gia bảo hiểm y tế do Bộ Lao động - Thương binh và Xã hội quản lý,Quyết định số 170/2008/QĐ-TTg Về chế độ bảo hiểm y tế và trợ cấp mai táng đối với thanh niên xung phong thời kỳ kháng chiến chống Pháp
"bhyt,vien_phi",172978,168125,Căn cứ,True,False,False,"Nghị quyết số 111/2024/NQ-HĐND Bãi bỏ Nghị quyết số 78/2024/NQ-HĐND ngày 10 tháng 7 năm 2024 của Hội đồng nhân dân tỉnh Gia Lai quy định giá dịch vụ khám bệnh, chữa bệnh không thuộc phạm vi thanh toán của Quỹ Bảo hiểm y tế nhưng không phải là dịch vụ khám bệnh, chữa bệnh theo yêu cầu trong các cơ sở khám bệnh, chữa bệnh của Nhà nước thuộc tỉnh Gia Lai quản lý",
bhyt,184764,172923,Căn cứ,True,True,False,"Nghị quyết số 110/2025/NQ-HĐND Quy định mức hỗ trợ đóng bảo hiểm y tế cho người thuộc hộ gia đình cận nghèo; học sinh, sinh viên là người dân tộc thiểu số; người thuộc hộ gia đình làm nông nghiệp, lâm nghiệp, ngư nghiệp có mức sống trung bình trên địa bàn tỉnh Lai Châu giai đoạn 2026 – 2030",Luật Bảo hiểm y tế sửa đổi 2024 số Luật số 51/2024/QH15
bhyt,130135,70807,Căn cứ,True,False,False,Nghị quyết số 59/2018/NQ-HĐND Quy định mức hỗ trợ đóng bảo hiểm y tế từ ngân sách nhà nước cho người thuộc hộ gia đình nghèo đa chiều thiếu hụt các dịch vụ xã hội cơ bản khác (không thiếu hụt Bảo hiểm y tế) trên địa bàn tỉnh,
bhyt,172923,146606,Dẫn chiếu,True,False,False,Luật Bảo hiểm y tế sửa đổi 2024 số Luật số 51/2024/QH15,
bhyt,159070,151301,Văn bản căn cứ,True,False,False,"Nghị quyết số 34/2022/NQ-HĐND Quy định việc hỗ trợ đóng bảo hiểm xã hội và bảo hiểm y tế cho ấp (khu) đội trưởng, người hoạt động không chuyên trách ở ấp, khu phố và người trực tiếp tham gia công việc ở ấp, khu phố trên địa bàn tỉnh Kiên Giang",
bhyt,150222,166391,Căn cứ,True,False,False,"Quyết định số 29/2021/QĐ-UBND Bãi bỏ Quyết định số 1202/2008/QĐ-UBND ngày 14 tháng 7 năm 2008 của Ủy ban nhân dân tỉnh Cao Bằng ban hành Quy định về chế độ tiền công, chế độ bảo hiểm xã hội, bảo hiểm y tế, chế độ bồi thường tai nạn lao động, chế độ tiền thưởng đối với huấn luyện viên, vận động viên thể thao của tỉnh Cao Bằng",
"bhyt,vien_phi",173463,150427,Bãi bỏ,True,False,True,"Nghị quyết số 13/2024/NQ-HĐND Về việc Bãi bỏ các Nghị quyết của Hội đồng nhân dân tỉnh quy định giá dịch vụ khám bệnh, chữa bệnh không thuộc phạm vi thanh toán của Quỹ bảo hiểm y tế trong các cơ sở khám bệnh, chữa bệnh của Nhà nước trên địa bàn tỉnh Bắc Ninh",
"bhyt,vien_phi",173398,167907,Căn cứ,True,False,False,"Nghị quyết số 09/2024/NQ-HĐND Bãi bỏ Nghị quyết số 19/2023/NQ-HĐND ngày 12 tháng 12 năm 2023 của Hội đồng nhân dân tỉnh quy định mức giá dịch vụ khám bệnh, chữa bệnh không thuộc phạm vi thanh toán của Quỹ bảo hiểm y tế mà không phải dịch vụ khám bệnh chữa bệnh theo yêu cầu tại các cơ sở khám bệnh, chữa bệnh của Nhà nước thuộc tỉnh Phú Thọ quản lý",
bhyt,142146,70819,Căn cứ,True,False,False,Nghị quyết số 276/2020/NQ-HĐND Quy định mức hỗ trợ từ ngân sách nhà nước đóng bảo hiểm y tế cho đối tượng người khuyết tật trên địa bàn tỉnh Hưng Yên,
bhyt,67295,12326,"Quy định chi tiết, hướng dẫn thi hành",True,False,False,"Thông tư liên tịch số 05/2015/TTLT-BTP-BCA-BYT Hướng dẫn thực hiện liên thông các thủ tục hành chính về đăng ký khai sinh, đăng ký thường trú, cấp thẻ bảo hiểm y tế cho trẻ em dưới 6 tuổi",
bhyt,65845,38018,"Quy định chi tiết, hướng dẫn thi hành",False,True,False,,Nghị định số 105/2014/NĐ-CP Quy định chi tiết và hướng dẫn thi hành một số điều của Luật Bảo hiểm y tế
bhyt,116687,38018,Căn cứ,False,True,False,,Nghị định số 105/2014/NĐ-CP Quy định chi tiết và hướng dẫn thi hành một số điều của Luật Bảo hiểm y tế
"bhyt,vien_phi",139700,172675,Văn bản quy định hết hiệu lực,False,True,False,,"Nghị quyết số 21/2024/NQ-HĐND Bãi bỏ Nghị quyết số 124/2019/NQ-HĐND ngày 13 tháng 12 năm 2019 của Hội đồng nhân dân tỉnh Quy định mức giá dịch vụ khám bệnh, chữa bệnh tại các cơ sở khám bệnh, chữa bệnh của Nhà nước trên địa bàn tỉnh Bà Rịa - Vũng Tàu không thuộc phạm vi thanh toán của Quỹ bảo hiểm y tế và nguyên tắc áp dụng giá khám bệnh, chữa bệnh trong một số trường hợp"
bhyt,173389,147123,Căn cứ,True,False,False,Nghị quyết số 42/2024/NQ-HĐND Về hỗ trợ chi phí mua thẻ bảo hiểm y tế cho người nhiễm HIV/AIDS và hỗ trợ chi phí cùng chi trả thuốc kháng vi rút HIV cho người nhiễm HIV/AIDS có thẻ bảo hiểm y tế trên địa bàn Thành phố Hồ Chí Minh,
bhyt,267ffff0-6647-11f1-b01e-8bc328b4d0e9,ebde45c0-5e60-11f1-8fbf-fba9197f5741,Căn cứ,True,False,False,Nghị quyết số 14/2026/NQ-HĐND Nghị quyết quy định chính sách hỗ trợ an sinh xã hội cho người dân thủ đô,
bhyt,10842,11130,Căn cứ,True,False,False,Quyết định số 1008/BYT-QĐ Ban hành danh mục mã số và mẫu thẻ bảo hiểm y tế,
"bhyt,vien_phi",144093,137243,Căn cứ,True,False,False,"Quyết định số 36/2020/QĐ-UBND Về việc bãi bỏ Quyết định số 24/2017/QĐ-UBND ngày 21/8/2017 của Ủy ban nhân dân tỉnh về việc Quy định mức giá dịch vụ khám bệnh, chữa bệnh không thuộc phạm vi thanh toán của Quỹ bảo hiểm y tế trong các cơ sở khám bệnh, chữa bệnh của Nhà nước trên địa bàn tỉnh Lạng Sơn",
bhyt,109238,22796,Căn cứ,True,True,False,Thông tư liên tịch số 09/2002/TTLT/BTCCBCP-BLÐTBXH-BTC-BYT Thông tư hướng dẫn về việc chuyển Bảo hiểm y tế Việt Nam sang Bảo hiểm xã hội,Quyết định số 20/2002/QĐ-TTg Về việc chuyển Bảo hiểm Y tế Việt Nam sang Bảo hiểm Xã hội Việt Nam.
"bhyt,vien_phi",173463,166391,Căn cứ,True,False,False,"Nghị quyết số 13/2024/NQ-HĐND Về việc Bãi bỏ các Nghị quyết của Hội đồng nhân dân tỉnh quy định giá dịch vụ khám bệnh, chữa bệnh không thuộc phạm vi thanh toán của Quỹ bảo hiểm y tế trong các cơ sở khám bệnh, chữa bệnh của Nhà nước trên địa bàn tỉnh Bắc Ninh",
"bhyt,vien_phi",173832,166391,Căn cứ,True,False,False,"Nghị quyết số 27/2024/NQ-HĐND Quy định giá dịch vụ khám bệnh, chữa bệnh thuộc danh mục do quỹ bảo hiểm y tế thanh toán; giá dịch vụ khám bệnh, chữa bệnh do ngân sách nhà nước thanh toán; giá dịch vụ khám bệnh, chữa bệnh không thuộc danh mục do quỹ bảo hiểm y tế thanh toán mà không phải là dịch vụ khám bệnh, chữa bệnh theo yêu cầu đối với các cơ sở khám bệnh, chữa bệnh của Nhà nước trên địa bàn tỉnh Bến Tre",
bhyt,c55da810-6b93-11f1-ae50-93204d3d31ff,181847,Căn cứ,True,True,False,"Thông tư số 116/2025/TT-BTC Hướng dẫn thực hiện cơ chế tài chính về bảo hiểm xã hội, bảo hiểm thất nghiệp, bảo hiểm y tế; chi tổ chức và hoạt động bảo hiểm xã hội, bảo hiểm thất nghiệp, bảo hiểm y tế","Nghị định số 233/2025/NĐ-CP Quy định cơ chế tài chính về bảo hiểm xã hội, bảo hiểm thất nghiệp, bảo hiểm y tế; chi tổ chức và hoạt động bảo hiểm xã hội, bảo hiểm thất nghiệp, bảo hiểm y tế"
bhyt,168944,185356,Văn bản quy định hết hiệu lực,False,True,False,,Nghị quyết số '26/2025/NQ-HĐND Quy định mức hỗ trợ đóng bảo hiểm y tế cho một số đối tượng trên địa bàn thành phố Cần Thơ
bhyt,132188,176707,Văn bản bổ sung,False,True,False,,"Nghị định số 74/2025/NĐ-CP Sửa đổi, bổ sung một số điều của Nghị định số 70/2015/NĐ-CP ngày 01 tháng 09 năm 2015 của Chính phủ quy định chi tiết và hướng dẫn thi hành một số điều của Luật Bảo hiểm y tế đói với Quân đội nhân dân, công an nhân dân và người làm công tác cơ yếu"
bhyt,178336,152757,"Sửa đổi, bổ sung",False,True,False,,Nghị quyết số Số: 04/2022/NQ-HĐND Quy định chính sách hỗ trợ bảo hiểm y tế đối với đồng bào dân tộc thiểu số trên địa bàn tỉnh Quảng Nam giai đoạn 2022 - 2025
vien_phi,49919,10274,Căn cứ,True,False,False,"Quyết định số 72/2012/QĐ-UBND Về việc quy định đơn giá dịch vụ khám bệnh, chữa bệnh tại các cơ sở khám bệnh, chữa bệnh của nhà nước trên địa bàn tỉnh Nghệ An",
bhyt,100267,20068,Căn cứ,True,False,False,"Quyết định số 25/2015/QĐ-UBND Ban hành Quy định đăng ký khám bệnh, chữa bệnh ban đầu và chuyển tuyến khám bệnh, chữa bệnh bảo hiểm y tế trên địa bàn tỉnh Ninh Thuận",
"bhyt,vien_phi",173283,170583,Căn cứ,True,False,False,"Nghị quyết số 30/2024/NQ-HĐND Bãi bỏ Nghị quyết số 39/2023/NQ-HĐND ngày 08 tháng 12 năm 2023 của Hội đồng nhân dân Thành phố quy định giá dịch vụ khám bệnh, chữa bệnh không thuộc phạm vi thanh toán của Quỹ Bảo hiểm y tế trong các cơ sở khám bệnh, chữa bệnh của Nhà nước thuộc Thành phố Hồ Chí Minh quản lý và mức giá dịch vụ khám bệnh, chữa bệnh trong một số trường hợp",
bhyt,184890,161965,Thay thế,True,False,True,Nghị quyết số 35/2025/NQ-HĐND Quy định mức hỗ trợ kinh phí đóng bảo hiểm y tế cho một số đối tượng trên địa bàn tỉnh Gia Lai,
bhyt,74259,14463,Căn cứ,True,False,False,"Quyết định số 16/2013/QĐ-UBND Về việc sửa đổi, bổ sung điểm c, khoản 2, Điều 1 Quy định phân cấp quản lý mua, cấp phát thẻ bảo hiểm y tế cho các đối tượng được ngân sách nhà nước đảm bảo trên địa bàn tỉnh Hòa Bình ban hành kèm theo Quyết định số 14/2012/QĐ-UBND ngày 19 tháng 9 năm 2012 của UBND tỉnh Hòa Bình",
bhyt,161822,70800,Căn cứ,True,False,False,"Quyết định số 38/2023/QĐ-UBND Sửa đổi, bổ sung một số điều của Quyết định số 36/2018/QĐ-UBND ngày 13/6/2018 của Ủy ban nhân dân tỉnh Thừa Thiên Huế quy định mức hỗ trợ kinh phí đóng bảo hiểm y tế và chi phí cùng chi trả đối với thuốc kháng vi rút HIV (ARV) cho người nhiễm HIV/AIDS trên địa bàn tỉnh Thừa Thiên Huế",
bhyt,55070,12326,Căn cứ,True,False,False,"Quyết định số 53/2014/QĐ-UBND Ban hành Quy chế phối hợp trong việc thực hiện liên thông các thủ tục hành chính về đăng ký khai sinh, đăng ký thường trú, cấp thẻ bảo hiểm y tế cho trẻ em dưới 6 tuổi trên địa bàn tỉnh Hà Nam",
bhyt,61668,11735,Căn cứ,True,False,False,Quyết định số 287/2014/QĐ-UBND Về việc hỗ trợ kinh phí cho đối tượng cận nghèo mua bảo hiểm y tế,
bhyt,38018,12326,Dẫn chiếu,True,False,False,Nghị định số 105/2014/NĐ-CP Quy định chi tiết và hướng dẫn thi hành một số điều của Luật Bảo hiểm y tế,
bhyt,150222,14833,Căn cứ,True,False,False,"Quyết định số 29/2021/QĐ-UBND Bãi bỏ Quyết định số 1202/2008/QĐ-UBND ngày 14 tháng 7 năm 2008 của Ủy ban nhân dân tỉnh Cao Bằng ban hành Quy định về chế độ tiền công, chế độ bảo hiểm xã hội, bảo hiểm y tế, chế độ bồi thường tai nạn lao động, chế độ tiền thưởng đối với huấn luyện viên, vận động viên thể thao của tỉnh Cao Bằng",
bhyt,178011,132188,Căn cứ,True,False,False,Nghị quyết số 09/2025/NQ-HĐND Quy định mức hỗ trợ đóng bảo hiểm y tế cho một số đối tượng trên địa bàn tỉnh An Giang,
bhyt,49829,15057,Căn cứ,True,False,False,"Quyết định số 24/2014/QĐ-UBND Ban hành Quy chế phối hợp công tác trong thực hiện pháp luật về bảo hiểm xã hội, bảo hiểm y tế, bảo hiểm thất nghiệp trên địa bàn tỉnh",
"bhyt,vien_phi",174421,167565,Căn cứ,True,False,False,"Nghị quyết số 30/2024/NQ-HĐND Bãi bỏ Nghị quyết số 09/2019/NQ-HĐND ngày 06 tháng 12 năm 2019 của Hội đồng nhân dân tỉnh “về việc quy định mức giá dịch vụ khám bệnh, chữa bệnh không thuộc phạm vi thanh toán của Quỹ bảo hiểm y tế trong các cơ sở khám bệnh, chữa bệnh của Nhà nước trên địa bàn tỉnh Bạc Liêu”",
bhyt,153608,25170,Căn cứ,True,False,False,"Nghị quyết số 11/2022/NQ-HĐND Quy định giá dịch vụ xét nghiệm SARS-CoV-2 trong trường hợp không thuộc phạm vi thanh toán của Quỹ bảo hiểm y tế tại các cơ sở khám bệnh, chữa bệnh của Nhà nước trên địa bàn tỉnh Ninh Bình",
bhyt,132858,129213,"Quy định chi tiết, hướng dẫn thi hành",True,False,False,"Quyết định số 51/2018/QĐ-TTg Về chi phí quản lý bảo hiểm xã hội, bảo hiểm thất nghiệp, bảo hiểm y tế giai đoạn 2019 - 2021",
bhyt,156261,46744,Căn cứ,True,False,False,"Quyết định số 19/2022/QĐ-TTg Về chi phí quản lý bảo hiểm xã hội, bảo hiểm thất nghiệp, bảo hiểm y tế giai đoạn 2022 - 2024",
bhyt,187782,12326,Căn cứ,True,False,False,"Thông tư số 107/2025/TT-BTC Hướng dẫn kế toán quỹ bảo hiểm xã hội, quỹ bảo hiểm y tế, quỹ bảo hiểm thất nghiệp",
"bhyt,vien_phi",124774,141832,Văn bản quy định hết hiệu lực,False,True,False,,"Quyết định số 10/2020/QĐ-UBND Bãi bỏ Quyết định số 74/2017/QĐ-UBND ngày 01 tháng 9 năm 2017 của Ủy ban nhân dân tỉnh về việc quy định mức giá dịch vụ khám bệnh, chữa bệnh không thuộc phạm vi thanh toán của Quỹ bảo hiểm y tế tại các cơ sở y tế công lập thuộc tỉnh Thừa Thiên Huế"
bhyt,79219,20068,Căn cứ,True,False,False,"Quyết định số 76/2014/QĐ-UBND Ban hành Quy định quản lý, cấp phát thẻ bảo hiểm y tế cho đối tượng Ngân sách nhà nước đảm bảo toàn bộ hoặc một phần kinh phí áp dụng trên địa bàn tỉnh Hà Tĩnh",
bhyt,173389,70800,Căn cứ,True,False,False,Nghị quyết số 42/2024/NQ-HĐND Về hỗ trợ chi phí mua thẻ bảo hiểm y tế cho người nhiễm HIV/AIDS và hỗ trợ chi phí cùng chi trả thuốc kháng vi rút HIV cho người nhiễm HIV/AIDS có thẻ bảo hiểm y tế trên địa bàn Thành phố Hồ Chí Minh,
bhyt,185383,172923,Căn cứ,False,True,False,,Luật Bảo hiểm y tế sửa đổi 2024 số Luật số 51/2024/QH15
"bhyt,vien_phi",173621,103581,Căn cứ,True,False,False,"Nghị quyết số 40/2024/NQ-HĐND Bãi bỏ Nghị quyết số 01/2024/NQ-HĐND ngày 19 tháng 01 năm 2024 của Hội đồng nhân dân tỉnh Đồng Nai quy định giá dịch vụ khám bệnh, chữa bệnh không thuộc phạm vi thanh toán của Quỹ bảo hiểm y tế trong các cơ sở khám bệnh, chữa bệnh của Nhà nước trên địa bàn tỉnh Đồng Nai",
bhyt,36f5c720-453b-11f1-acd6-db04b8fc4659,12326,Căn cứ,True,False,False,"Thông tư 06/2026/TT-BYT QUY ĐỊNH VỀ MÃ HÓA BỆNH TẬT, NGUYÊN NHÂN TỬ VONG THEO ICD-10",
bhyt,3c7280b0-58e8-11f1-8ac3-d768273af8f0,165913,Căn cứ,True,False,False,"Thông tư 09/2026/TT-BTC Quy định về việc tạo lập sổ bảo hiểm xã hội, thẻ bảo hiểm y tế bản điện tử",
bhyt,179724,123244,"Sửa đổi, bổ sung",True,False,False,"Thông tư số 24/2025/TT-BYT sửa đổi Thông tư 04/2017/TT-BYT về Danh mục và tỷ lệ, điều kiện thanh toán đối với vật tư y tế thuộc phạm vi được hưởng của người tham gia bảo hiểm y tế do Bộ trưởng Bộ Y tế ban hành",
bhyt,79543,47690,Dẫn chiếu,False,True,False,,Thông tư liên tịch số 21/2005/TTLT-BYT-BTC Thông tư hướng dẫn thực hiện bảo hiểm y tế bắt buộc
bhyt,151650,154152,Văn bản quy định hết hiệu lực,False,True,False,,Nghị quyết số 04/2022/NQ-HĐND Quy định giá dịch vụ xét nghiệm SARS-CoV-2 không thuộc phạm vi thanh toán của Quỹ Bảo hiểm y tế áp dụng cho các cơ sở y tế công lập thuộc tỉnh Phú Thọ quản lý
bhyt,156429,70800,Căn cứ,True,False,False,Nghị quyết số 13/2022/NQ-HĐND.loi Về việc Quy định mức giá dịch vụ xét nghiệm SARS-CoV-2 không thuộc phạm vi thanh toán của Quỹ bảo hiểm y tế tại các cơ sở y tế của Nhà nước thuộc tỉnh Thừa Thiên Huế,
bhyt,155298,151168,"Quy định chi tiết, hướng dẫn thi hành",True,False,False,"Nghị quyết số 65/2022/NQ-HĐND Quy định mức giá dịch vụ xét nghiệm SARS-CoV-2 không thuộc phạm vi thanh toán của Quỹ bảo hiểm y tế (chưa bao gồm chi phí sinh phẩm xét nghiệm SARS-CoV-2) tại cơ sở khám bệnh, chữa bệnh của Nhà nước trên địa bàn tỉnh Hà Tĩnh",
"bhyt,vien_phi",141428,70800,Căn cứ,True,False,False,"Nghị quyết số 08/2019/NQ-HĐND Quy định giá dịch vụ khám bệnh, chữa bệnh không thuộc phạm vi thanh toán của Quỹ bảo hiểm y tế tại các cơ sở khám bệnh, chữa bệnh của Nhà nước do địa phương quản lý",
bhyt,184087,179711,Căn cứ,True,True,False,Thông tư số 98/2025/TT-BQP Hướng dẫn thực hiện một số điều của Nghị định số 188/2025/NĐ-CP ngày 01 tháng 7 năm 2025 của Chính phủ quy định chi tiết và hướng dẫn thi hành một số điều của Luật Bảo hiểm y tế đối với các đối tượng thuộc phạm vi quản lý của Bộ Quốc phòng,Nghị định số 188/2025/NĐ-CP hướng dẫn Luật Bảo hiểm y tế
bhyt,155147,25170,Căn cứ,True,False,False,"Quyết định số 18/2022/QĐ-UBND Ban hành Quy định đăng ký khám bệnh, chữa bệnh bảo hiểm y tế ban đầu và chuyển tuyến khám bệnh, chữa bệnh bảo hiểm y tế trên địa bàn tỉnh Ninh Thuận",
bhyt,127617,36793,Căn cứ,True,False,False,Quyết định số 02/2018/QĐ-UBND Quy định mức hỗ trợ đóng bảo hiểm y tế cho hộ cận nghèo năm 2018 và người thuộc hộ nghèo đa chiều thiếu hụt các dịch vụ xã hội cơ bản khác (không thiếu hụt bảo hiểm y tế) gai đoạn 2017-2018 trên địa bàn tỉnh Ninh Thuận,
"bhyt,vien_phi",125042,142680,Văn bản quy định hết hiệu lực,False,True,False,,"Quyết định số 12/2020/QĐ-UBND Bãi bỏ Quyết định số 51/2017/QĐ-UBND ngày 21/8/2017 của UBND tỉnh Quảng Ngãi Quy định mức giá dịch vụ khám bệnh, chữa bệnh không thuộc phạm vi thanh toán của Quỹ bảo hiểm y tế trong các cơ sở khám bệnh, chữa bệnh của Nhà nước thuộc tỉnh Quảng Ngãi quản lý"
bhyt,152609,135466,Căn cứ,False,True,False,,"Thông tư số 27/2018/TT-BYT Hướng dẫn thực hiện bảo hiểm y tế và khám bệnh, chữa bệnh liên quan đến HIV/AIDS"
bhyt,173380,166391,Căn cứ,True,False,False,"Nghị quyết số 20/2024/NQ-HĐND Về việc quy định mức hỗ trợ đóng bảo hiểm y tế cho người dân tộc thiểu số tại các thôn, tổ dân phố, xã không thuộc vùng có điều kiện kinh tế - xã hội khó khăn, đặc biệt khó khăn trên địa bàn tỉnh Khánh Hòa",
bhyt,185662,179711,Dẫn chiếu,True,True,False,Nghị quyết số 43/2025/NQ-HĐND Quy định mức hỗ trợ đóng bảo hiểm y tế cho một số đối tượng trên địa bàn tỉnh Tuyên Quang,Nghị định số 188/2025/NĐ-CP hướng dẫn Luật Bảo hiểm y tế
bhyt,185204,179711,"Quy định chi tiết, hướng dẫn thi hành",True,True,False,"Nghị quyết số 91/2025/NQ-HĐND Quy định chính sách hỗ trợ đóng bảo hiểm y tế cho một số nhóm đối tượng trên địa bàn tỉnh Quảng Ninh, giai đoạn 2026-2030",Nghị định số 188/2025/NĐ-CP hướng dẫn Luật Bảo hiểm y tế
"bhyt,vien_phi",173398,70819,Căn cứ,True,False,False,"Nghị quyết số 09/2024/NQ-HĐND Bãi bỏ Nghị quyết số 19/2023/NQ-HĐND ngày 12 tháng 12 năm 2023 của Hội đồng nhân dân tỉnh quy định mức giá dịch vụ khám bệnh, chữa bệnh không thuộc phạm vi thanh toán của Quỹ bảo hiểm y tế mà không phải dịch vụ khám bệnh chữa bệnh theo yêu cầu tại các cơ sở khám bệnh, chữa bệnh của Nhà nước thuộc tỉnh Phú Thọ quản lý",
bhyt,127110,36793,Căn cứ,True,False,False,"Nghị quyết số 50/2017/NQ-HĐND Về bãi bỏ Khoản 1, Khoản 2, Khoản 3 Mục II Điều 1 Nghị quyết số 155/2009/NQ-HĐND ngày 10 tháng 12 năm 2009 của Hội đồng nhân dân tỉnh về mức hỗ trợ đóng bảo hiểm xã hội tự nguyện, bảo hiểm y tế cho cán bộ không chuyên trách xã, phường, thị trấn",
bhyt,112831,38018,Căn cứ,False,True,False,,Nghị định số 105/2014/NĐ-CP Quy định chi tiết và hướng dẫn thi hành một số điều của Luật Bảo hiểm y tế
bhyt,179711,175261,Căn cứ,True,False,False,Nghị định số 188/2025/NĐ-CP hướng dẫn Luật Bảo hiểm y tế,
bhyt,40940,15057,Căn cứ,True,False,False,"Quyết định số 1111/QĐ-BHXH Về việc ban hành Quy định quản lý thu bảo hiểm xã hội, bảo hiểm y tế; quản lý sổ bảo hiểm xã hội, thẻ bảo hiểm y tế",
bhyt,4508b790-6869-11f1-896d-1f64195cf782,178340,Căn cứ,True,False,False,"Nghị quyết số 09/2026/NQ-HĐND Quy định mức hỗ trợ đóng bảo hiểm y tế cho đối tượng hộ cận nghèo trên địa bàn tỉnh Thanh Hóa, giai đoạn 2026 - 2030",
bhyt,173922,139878,Căn cứ,True,False,False,"Nghị quyết số 32/2024/NQ-HĐND Quy định giá cụ thể dịch vụ khám bệnh, chữa bệnh do Quỹ bảo hiểm y tế thanh toán; giá cụ thể dịch vụ khám bệnh, chữa bệnh do ngân sách nhà nước thanh toán, giá cụ thể dịch vụ khám bệnh, chữa bệnh không thuộc danh mục do quỹ bảo hiểm y tế thanh toán mà không phải là dịch vụ khám bệnh, chữa bệnh theo yêu cầu đối với các cơ sở khám bệnh, chữa bệnh của Nhà nước trên địa bàn tỉnh Đắk Lắk",
"bhyt,vien_phi",173621,139878,Căn cứ,True,False,False,"Nghị quyết số 40/2024/NQ-HĐND Bãi bỏ Nghị quyết số 01/2024/NQ-HĐND ngày 19 tháng 01 năm 2024 của Hội đồng nhân dân tỉnh Đồng Nai quy định giá dịch vụ khám bệnh, chữa bệnh không thuộc phạm vi thanh toán của Quỹ bảo hiểm y tế trong các cơ sở khám bệnh, chữa bệnh của Nhà nước trên địa bàn tỉnh Đồng Nai",
bhyt,152757,70807,Căn cứ,True,False,False,Nghị quyết số Số: 04/2022/NQ-HĐND Quy định chính sách hỗ trợ bảo hiểm y tế đối với đồng bào dân tộc thiểu số trên địa bàn tỉnh Quảng Nam giai đoạn 2022 - 2025,
bhyt,130135,36793,Căn cứ,True,False,False,Nghị quyết số 59/2018/NQ-HĐND Quy định mức hỗ trợ đóng bảo hiểm y tế từ ngân sách nhà nước cho người thuộc hộ gia đình nghèo đa chiều thiếu hụt các dịch vụ xã hội cơ bản khác (không thiếu hụt Bảo hiểm y tế) trên địa bàn tỉnh,
bhyt,177730,172923,Căn cứ,False,True,False,,Luật Bảo hiểm y tế sửa đổi 2024 số Luật số 51/2024/QH15
"bhyt,vien_phi",168588,139878,Căn cứ,True,False,False,"Nghị quyết số 26/2024/NQ-HĐND Quy định giá dịch vụ khám bệnh, chữa bệnh không thuộc danh mục do Quỹ bảo hiểm y tế thanh toán mà không phải là dịch vụ khám bệnh, chữa bệnh theo yêu cầu đối với các cơ sở khám bệnh, chữa bệnh của Nhà nước thuộc tỉnh Thanh Hóa quản lý",
bhyt,55070,20068,Căn cứ,True,False,False,"Quyết định số 53/2014/QĐ-UBND Ban hành Quy chế phối hợp trong việc thực hiện liên thông các thủ tục hành chính về đăng ký khai sinh, đăng ký thường trú, cấp thẻ bảo hiểm y tế cho trẻ em dưới 6 tuổi trên địa bàn tỉnh Hà Nam",
bhyt,173389,146648,Căn cứ,True,False,False,Nghị quyết số 42/2024/NQ-HĐND Về hỗ trợ chi phí mua thẻ bảo hiểm y tế cho người nhiễm HIV/AIDS và hỗ trợ chi phí cùng chi trả thuốc kháng vi rút HIV cho người nhiễm HIV/AIDS có thẻ bảo hiểm y tế trên địa bàn Thành phố Hồ Chí Minh,
"bhyt,vien_phi",184589,155017,Thay thế,True,False,True,"Nghị quyết số 68/2025/NQ-HĐND Quy định mức hỗ trợ đóng bảo hiểm y tế cho các đối tượng cao hơn mức hỗ trợ tối thiểu; đối tượng được hỗ trợ và mức hỗ trợ cùng chi trả chi phí khám bệnh, chữa bệnh bảo hiểm y tế cho người tham gia bảo hiểm y tế khi đi khám bệnh, chữa bệnh trên địa bàn tỉnh Lâm Đồng",
"bhyt,vien_phi",174274,168128,Căn cứ,True,False,False,"Nghị quyết số 41/2024/NQ-HĐND Bãi bỏ Nghị quyết số 26/2024/NQ-HĐND ngày 31 tháng 5 năm 2024 của Hội đồng nhân dân tỉnh quy định giá dịch vụ khám bệnh, chữa bệnh không thuộc danh mục do Quỹ bảo hiểm y tế thanh toán mà không phải là dịch vụ khám bệnh, chữa bệnh theo yêu cầu đối với các cơ sở khám bệnh, chữa bệnh của Nhà nước thuộc tỉnh Thanh Hóa quản lý",
bhyt,153950,153632,Căn cứ,True,False,False,Nghị quyết số 13/2022/NQ-HĐND Quy định giá dịch vụ xét nghiệm SARS-CoV-2 không thuộc phạm vi thanh toán của Quỹ bảo hiểm y tế trong các cơ sở khám chữa bệnh của Nhà nước thuộc phạm vi quản lý của tỉnh Nam Định,
bhyt,155298,152867,Thay thế,True,False,True,"Nghị quyết số 65/2022/NQ-HĐND Quy định mức giá dịch vụ xét nghiệm SARS-CoV-2 không thuộc phạm vi thanh toán của Quỹ bảo hiểm y tế (chưa bao gồm chi phí sinh phẩm xét nghiệm SARS-CoV-2) tại cơ sở khám bệnh, chữa bệnh của Nhà nước trên địa bàn tỉnh Hà Tĩnh",
bhyt,179711,146643,Dẫn chiếu,True,False,False,Nghị định số 188/2025/NĐ-CP hướng dẫn Luật Bảo hiểm y tế,
bhyt,74259,25164,Căn cứ,True,False,False,"Quyết định số 16/2013/QĐ-UBND Về việc sửa đổi, bổ sung điểm c, khoản 2, Điều 1 Quy định phân cấp quản lý mua, cấp phát thẻ bảo hiểm y tế cho các đối tượng được ngân sách nhà nước đảm bảo trên địa bàn tỉnh Hòa Bình ban hành kèm theo Quyết định số 14/2012/QĐ-UBND ngày 19 tháng 9 năm 2012 của UBND tỉnh Hòa Bình",
"bhyt,vien_phi",173832,70807,Căn cứ,True,False,False,"Nghị quyết số 27/2024/NQ-HĐND Quy định giá dịch vụ khám bệnh, chữa bệnh thuộc danh mục do quỹ bảo hiểm y tế thanh toán; giá dịch vụ khám bệnh, chữa bệnh do ngân sách nhà nước thanh toán; giá dịch vụ khám bệnh, chữa bệnh không thuộc danh mục do quỹ bảo hiểm y tế thanh toán mà không phải là dịch vụ khám bệnh, chữa bệnh theo yêu cầu đối với các cơ sở khám bệnh, chữa bệnh của Nhà nước trên địa bàn tỉnh Bến Tre",
bhyt,125662,38018,Căn cứ,False,True,False,,Nghị định số 105/2014/NĐ-CP Quy định chi tiết và hướng dẫn thi hành một số điều của Luật Bảo hiểm y tế
bhyt,155274,70819,Căn cứ,True,False,False,Nghị quyết số 32/2022/NQ-HĐND Quy định mức giá dịch vụ xét nghiệm SARS-CoV-2 đối với trường hợp không thuộc phạm vi thanh toán của Quỹ bảo hiểm y tế trên địa bàn tỉnh Vĩnh Long,
bhyt,156562,115469,Căn cứ,True,False,False,Nghị quyết số 13/2022/NQ-HĐND Về việc Quy định giá dịch vụ xét nghiệm SARS-CoV-2 không thuộc phạm vi thanh toán của Quỹ bảo hiểm y tế tại các cơ sở y tế của Nhà nước thuộc tỉnh Thừa Thiên Huế,
bhyt,155298,36793,Căn cứ,True,False,False,"Nghị quyết số 65/2022/NQ-HĐND Quy định mức giá dịch vụ xét nghiệm SARS-CoV-2 không thuộc phạm vi thanh toán của Quỹ bảo hiểm y tế (chưa bao gồm chi phí sinh phẩm xét nghiệm SARS-CoV-2) tại cơ sở khám bệnh, chữa bệnh của Nhà nước trên địa bàn tỉnh Hà Tĩnh",
bhyt,136623,123258,Căn cứ,True,False,False,Nghị quyết số 83/2019/NQ-HĐND Hỗ trợ kinh phí mua thẻ bảo hiểm y tế cho người nhiễm HIV/AIDS và kinh phí cùng chi trả thuốc kháng vi-rút HIV (ARV) cho người nhiễm HIV/AIDS có thẻ bảo hiểm y tế trên địa bàn tỉnh Trà Vinh giai đoạn 2019 - 2020,
bhyt,179785,176707,Hợp nhất,False,True,False,,"Nghị định số 74/2025/NĐ-CP Sửa đổi, bổ sung một số điều của Nghị định số 70/2015/NĐ-CP ngày 01 tháng 09 năm 2015 của Chính phủ quy định chi tiết và hướng dẫn thi hành một số điều của Luật Bảo hiểm y tế đói với Quân đội nhân dân, công an nhân dân và người làm công tác cơ yếu"
bhyt,154030,176101,Văn bản quy định hết hiệu lực,False,True,False,,"Nghị quyết số 28/2024/NQ-HĐND Quy định giá cụ thể dịch vụ khám bệnh, chữa bệnh thuộc danh mục do quỹ bảo hiểm y tế thanh toán, giá cụ thể dịch vụ khám bệnh, chữa bệnh do ngân sách nhà nước thanh toán, giá cụ thể dịch vụ khám bệnh, chữa bệnh không thuộc danh mục do quỹ bảo hiểm y tế thanh toán mà không phải là dịch vụ khám bệnh, chữa bệnh theo yêu cầu đối với các cơ sở khám bệnh, chữa bệnh của Nhà nước trên địa bàn tỉnh Hà Nam quản lý thuộc phạm vi được phân quyền"
bhyt,36793,172923,Văn bản bổ sung,False,True,False,,Luật Bảo hiểm y tế sửa đổi 2024 số Luật số 51/2024/QH15
bhyt,156310,153632,Căn cứ,True,False,False,"Nghị quyết số 11/2022/NQ-HĐND Quy định giá dịch vụ xét nghiệm SARS-CoV-2 không thuộc phạm vi thanh toán của Quỹ bảo hiểm y tế trong các cơ sở khám bệnh, chữa bệnh của Nhà nước trên địa bàn tỉnh Trà Vinh",
bhyt,185037,12326,Căn cứ,True,False,False,"Nghị quyết số 57/2025/NQ-HĐND Quy định chính sách hỗ trợ mức đóng bảo hiểm y tế cho các nhóm đối tượng xã hội đang thường trú trên địa bàn thành phố Hải Phòng, giai đoạn 2026 - 2030",
bhyt,153608,27624,Căn cứ,True,False,False,"Nghị quyết số 11/2022/NQ-HĐND Quy định giá dịch vụ xét nghiệm SARS-CoV-2 trong trường hợp không thuộc phạm vi thanh toán của Quỹ bảo hiểm y tế tại các cơ sở khám bệnh, chữa bệnh của Nhà nước trên địa bàn tỉnh Ninh Bình",
bhyt,145986,135466,Căn cứ,False,True,False,,"Thông tư số 27/2018/TT-BYT Hướng dẫn thực hiện bảo hiểm y tế và khám bệnh, chữa bệnh liên quan đến HIV/AIDS"
bhyt,132733,65824,Căn cứ,True,False,False,"Nghị quyết số 35/2018/NQ-HĐND về thực hiện chế độ lương và hỗ trợ bảo hiểm xã hội, bảo hiểm y tế , bảo hiểm thất nghiệp đối với lao động hợp đồng vị trí nấu ăn trong các trường mầm non công lập tỉnh Quảng trị",
bhyt,184087,179711,Dẫn chiếu,True,True,False,Thông tư số 98/2025/TT-BQP Hướng dẫn thực hiện một số điều của Nghị định số 188/2025/NĐ-CP ngày 01 tháng 7 năm 2025 của Chính phủ quy định chi tiết và hướng dẫn thi hành một số điều của Luật Bảo hiểm y tế đối với các đối tượng thuộc phạm vi quản lý của Bộ Quốc phòng,Nghị định số 188/2025/NĐ-CP hướng dẫn Luật Bảo hiểm y tế
bhyt,170853,70821,Căn cứ,True,False,False,"Nghị định số 63/2024/NĐ-CP Quy định việc thực hiện liên thông điện tử 02 nhóm thủ tục hành chính: Đăng ký khai sinh, đăng ký thường trú, cấp thẻ bảo hiểm y tế cho trẻ em dưới 6 tuổi; đăng ký khai tử, xóa đăng ký thường trú, giải quyết mai táng phí, tử tuất",
bhyt,179711,168125,Dẫn chiếu,True,False,False,Nghị định số 188/2025/NĐ-CP hướng dẫn Luật Bảo hiểm y tế,
"bhyt,vien_phi",126175,124653,Căn cứ,True,False,False,"Quyết định số 23/2017/QĐ-UBND Triển khai thực hiện Nghị quyết số 08/2017/NQ-HĐND Ngày 14 tháng 7 năm 2017 của Hội đồng nhân dân tỉnh Bạc Liêu về việc quy định mức giá dịch vụ khám bệnh, chữa bệnh không thuộc phạm vi thanh toán của Quỹ bảo hiểm y tế trong các cơ sở khám bệnh, chữa bệnh của Nhà nước trên địa bàn tỉnh Bạc Liêu",
bhyt,155469,153632,Căn cứ,True,False,False,Nghị quyết số 06/2022/NQ-HĐND Quy định giá dịch vụ xét nghiệm SARS-CoV-2không thuộc phạm vi thanh toán của Quỹ bảo hiểm y tế trên địa bàn tỉnh Bến Tre,
"bhyt,vien_phi",174274,70819,Căn cứ,True,False,False,"Nghị quyết số 41/2024/NQ-HĐND Bãi bỏ Nghị quyết số 26/2024/NQ-HĐND ngày 31 tháng 5 năm 2024 của Hội đồng nhân dân tỉnh quy định giá dịch vụ khám bệnh, chữa bệnh không thuộc danh mục do Quỹ bảo hiểm y tế thanh toán mà không phải là dịch vụ khám bệnh, chữa bệnh theo yêu cầu đối với các cơ sở khám bệnh, chữa bệnh của Nhà nước thuộc tỉnh Thanh Hóa quản lý",
"bhyt,vien_phi",173621,70819,Căn cứ,True,False,False,"Nghị quyết số 40/2024/NQ-HĐND Bãi bỏ Nghị quyết số 01/2024/NQ-HĐND ngày 19 tháng 01 năm 2024 của Hội đồng nhân dân tỉnh Đồng Nai quy định giá dịch vụ khám bệnh, chữa bệnh không thuộc phạm vi thanh toán của Quỹ bảo hiểm y tế trong các cơ sở khám bệnh, chữa bệnh của Nhà nước trên địa bàn tỉnh Đồng Nai",
bhyt,154152,25170,Căn cứ,True,False,False,Nghị quyết số 04/2022/NQ-HĐND Quy định giá dịch vụ xét nghiệm SARS-CoV-2 không thuộc phạm vi thanh toán của Quỹ Bảo hiểm y tế áp dụng cho các cơ sở y tế công lập thuộc tỉnh Phú Thọ quản lý,
bhyt,132733,23779,Căn cứ,True,False,False,"Nghị quyết số 35/2018/NQ-HĐND về thực hiện chế độ lương và hỗ trợ bảo hiểm xã hội, bảo hiểm y tế , bảo hiểm thất nghiệp đối với lao động hợp đồng vị trí nấu ăn trong các trường mầm non công lập tỉnh Quảng trị",
bhyt,158390,179244,Văn bản bổ sung,False,True,False,,"Thông tư số 15/2025/TT-BYT quy định về phân cấp, phân định thẩm quyền của chính quyền địa phương 02 cấp trong lĩnh vực y, dược cổ truyền do Bộ trưởng Bộ Y tế ban hành"
bhyt,185037,146013,Thay thế,True,False,True,"Nghị quyết số 57/2025/NQ-HĐND Quy định chính sách hỗ trợ mức đóng bảo hiểm y tế cho các nhóm đối tượng xã hội đang thường trú trên địa bàn thành phố Hải Phòng, giai đoạn 2026 - 2030",
"bhyt,vien_phi",174274,170583,Căn cứ,True,False,False,"Nghị quyết số 41/2024/NQ-HĐND Bãi bỏ Nghị quyết số 26/2024/NQ-HĐND ngày 31 tháng 5 năm 2024 của Hội đồng nhân dân tỉnh quy định giá dịch vụ khám bệnh, chữa bệnh không thuộc danh mục do Quỹ bảo hiểm y tế thanh toán mà không phải là dịch vụ khám bệnh, chữa bệnh theo yêu cầu đối với các cơ sở khám bệnh, chữa bệnh của Nhà nước thuộc tỉnh Thanh Hóa quản lý",
bhyt,155147,121926,Thay thế,True,False,True,"Quyết định số 18/2022/QĐ-UBND Ban hành Quy định đăng ký khám bệnh, chữa bệnh bảo hiểm y tế ban đầu và chuyển tuyến khám bệnh, chữa bệnh bảo hiểm y tế trên địa bàn tỉnh Ninh Thuận",
bhyt,147940,70819,Căn cứ,True,False,False,"Quyết định số Số: 09/2021/QĐ-UBND Bãi bỏ Quyết định số 03/2016/QĐ-UBND ngày 28 tháng 3 năm 2016 của Uỷ ban nhân dân tỉnh ban hành Quy chế phối hợp thực hiện đăng ký khai sinh, đăng ký thường trú, cấp thẻ bảo hiểm y tế cho trẻ em dưới 6 tuổi trên địa bàn tỉnh Điện Biên",
bhyt,127617,38018,Hướng dẫn áp dụng,True,True,False,Quyết định số 02/2018/QĐ-UBND Quy định mức hỗ trợ đóng bảo hiểm y tế cho hộ cận nghèo năm 2018 và người thuộc hộ nghèo đa chiều thiếu hụt các dịch vụ xã hội cơ bản khác (không thiếu hụt bảo hiểm y tế) gai đoạn 2017-2018 trên địa bàn tỉnh Ninh Thuận,Nghị định số 105/2014/NĐ-CP Quy định chi tiết và hướng dẫn thi hành một số điều của Luật Bảo hiểm y tế
vien_phi,119018,119060,Căn cứ,False,True,False,,Quyết định số 2340/2007/QĐ-UBND Về việc Ban hành mức giá thu một phần viện phí và các dịch vụ y tế áp dụng tại các cơ sở khám chữa bệnh trong hệ thống y tế nhà nước thuộc tỉnh Thái Nguyên quản lý
bhyt,12325,9028,"Quy định chi tiết, hướng dẫn thi hành",True,False,False,Lệnh số 23/2008/L-CTN Về việc công bố Luật,
bhyt,167234,132188,Căn cứ,True,False,False,"Nghị quyết số 05/2024/NQ-HĐND Sửa đổi khoản 1 Điều 1 Nghị quyết số 19/2022/NQ-HĐND ngày 09 tháng 12 năm 2022 của Hội đồng nhân dân tỉnh quy định mức hỗ trợ đóng bảo hiểm y tế cho người có uy tín trong đồng bào dân tộc thiểu số không thuộc đối tượng đã được ngân sách nhà nước đóng và hỗ trợ mức đóng bảo hiểm y tế trên địa bàn tỉnh Trà Vinh, giai đoạn 2023 - 2025",
bhyt,169585,146383,Căn cứ,True,False,False,Thông tư 08/2024/TT-BYT bãi bỏ một phần các văn bản quy phạm pháp luật do Bộ trưởng Bộ Y tế ban hành,
bhyt,172923,32801,Căn cứ,True,False,False,Luật Bảo hiểm y tế sửa đổi 2024 số Luật số 51/2024/QH15,
bhyt,158729,70807,Căn cứ,True,False,False,Quyết định số 81/2022/QĐ-UBND Quy định mức hỗ trợ đóng bảo hiểm y tế cho người thuộc hộ gia đình cận nghèo giai đoạn 2023-2025 trên địa bàn tỉnh Ninh Thuận,
bhyt,118234,36793,Căn cứ,True,False,False,QUYẾT ĐỊNH SỐ 53/2016/QĐ-UBND QUY ĐỊNH MỨC HỖ TRỢ ĐÓNG BẢO HIỂM Y TẾ CHO NGƯỜI THUỘC HỘ GIA ĐÌNH CẬN NGHÈO TRÊN ĐỊA BÀN TỈNH NGHỆ AN GIAI ĐOẠN 2016-2020,
bhyt,49482,49481,Văn bản hết hiệu lực,True,False,False,"Quyết định số 104/2009/QĐ-UBND Về việc phân công, phân cấp quản lý mua, cấp phát thẻ bảo hiểm y tế cho các đối tượng được Ngân sách Nhà nước đảm bảo trên địa bàn tỉnh Nghệ An",
bhyt,106259,17855,Căn cứ,True,False,False,Quyết định số 08/2016/QĐ-UBND Về việc quy định mức hỗ trợ đóng bảo hiểm y tế cho hộ cận nghèo trên địa bàn tỉnh Ninh Thuận năm 2016,
bhyt,a58d0900-6ae3-11f1-9463-4ba9a7c0cbbb,179767,Căn cứ,True,False,False,"Nghị quyết số 17/2026/NQ-HĐND Sửa đổi, bổ sung một số điều của nghị quyết số 19/2025/NQ-HĐND ngày 09 tháng 7 năm 2025 của Hội đồng nhân dân thành phố Hà Nội quy định nội dung, mức hỗ trợ đóng bảo hiểm xã hội, bảo hiểm y tế cho các đối tượng chính sách xã hội của thành phố Hà Nội",
bhyt,185524,142146,Tạm ngưng hiệu lực,True,True,False,"Nghị quyết số 818/2025/NQ-HĐND Quy định mức hỗ trợ từ ngân sách nhà nước đóng bảo hiểm y tế, bảo hiểm xã hội tự nguyện cho một số đối tượng trên địa bàn tỉnh Hưng Yên",Nghị quyết số 276/2020/NQ-HĐND Quy định mức hỗ trợ từ ngân sách nhà nước đóng bảo hiểm y tế cho đối tượng người khuyết tật trên địa bàn tỉnh Hưng Yên
"bhyt,vien_phi",142680,25170,Căn cứ,True,False,False,"Quyết định số 12/2020/QĐ-UBND Bãi bỏ Quyết định số 51/2017/QĐ-UBND ngày 21/8/2017 của UBND tỉnh Quảng Ngãi Quy định mức giá dịch vụ khám bệnh, chữa bệnh không thuộc phạm vi thanh toán của Quỹ bảo hiểm y tế trong các cơ sở khám bệnh, chữa bệnh của Nhà nước thuộc tỉnh Quảng Ngãi quản lý",
bhyt,149120,47217,Thay thế,True,False,True,"Quyết định số 27/2021/QĐ-UBND Bãi bỏ Quyết định số 46/2014/QĐ-UBND ngày 26 tháng 11 năm 2014 của Ủy ban nhân dân tỉnh về việc ban hành Quy chế thực hiện liên thông nhóm thủ tục hành chính thuộc lĩnh vực hộ tịch, bảo hiểm y tế và đăng ký, quản lý cư trú cho trẻ em dưới 6 tuổi của tỉnh Phú Yên",
bhyt,159113,70819,Căn cứ,True,False,False,Nghị quyết số 09/2022/NQ-HĐND Quy định giá dịch vụ xét nghiệm SARS-CoV-2 (chưa bao gồm chi phí sinh phẩm xét nghiệm) trong trường hợp không thuộc phạm vi thanh toán của Quỹ bảo hiểm y tế đối với các cơ sở y tế công lập trên địa bàn tỉnh Vĩnh Phúc,
bhyt,129005,70811,Căn cứ,True,False,False,Thông tư số 56/2017/TT-BYT quy định chi tiết thi hành Luật bảo hiểm xã hội và Luật an toàn vệ sinh lao động thuộc lĩnh vực y tế,
vien_phi,65855,65852,Văn bản căn cứ,True,False,False,Quyết định số 2758/QĐ-UBND V/v bổ sung danh mục và mức giá thu một phần viện phí Đo mật độ xương tại các cơ sở khám chữa bênh trên đia bàn tỉnh,
bhyt,185038,175440,Căn cứ,True,False,False,Nghị quyết số 15/2025/NQ-HĐND Quy định mức hỗ trợ đóng bảo hiểm y tế cho một số đối tượng trên địa bàn tỉnh Cà Mau,
bhyt,186004,172923,Căn cứ,False,True,False,,Luật Bảo hiểm y tế sửa đổi 2024 số Luật số 51/2024/QH15
bhyt,140172,70819,Căn cứ,True,False,False,Nghị quyết số 11/2019/NQ-HĐND Hỗ trợ bảo hiểm y tế cho người thuộc hộ nghèo khi mới thoát nghèo trên địa bàn tỉnh Bạc Liêu,
bhyt,184764,178717,Căn cứ,True,False,False,"Nghị quyết số 110/2025/NQ-HĐND Quy định mức hỗ trợ đóng bảo hiểm y tế cho người thuộc hộ gia đình cận nghèo; học sinh, sinh viên là người dân tộc thiểu số; người thuộc hộ gia đình làm nông nghiệp, lâm nghiệp, ngư nghiệp có mức sống trung bình trên địa bàn tỉnh Lai Châu giai đoạn 2026 – 2030",
"bhyt,vien_phi",173176,168125,Căn cứ,True,False,False,"Nghị quyết số 68/2024/NQ-HĐND Quy định giá dịch vụ khám bệnh, chữa bệnh thuộc danh mục thanh toán của Quỹ bảo hiểm y tế, giá dịch vụ khám bệnh, chữa bệnh do ngân sách nhà nước thanh toán và giá dịch vụ khám bệnh, chữa bệnh không thuộc danh mục thanh toán của Quỹ bảo hiểm y tế mà không phải là dịch vụ khám bệnh, chữa bệnh theo yêu cầu tại các cơ sở khám bệnh, chữa bệnh công lập thuộc thành phố Đà Nẵng",
bhyt,156969,70800,Căn cứ,True,False,False,Nghị quyết số 61/2022/NQ-HĐND Về việc Quy định hỗ trợ kinh phí đóng Bảo hiểm y tế đối với một số nhóm đối tượng có đăng ký thường trú trên địa bàn tỉnh Ninh Bình,
bhyt,145559,12326,Căn cứ,True,False,False,Nghị quyết số 332/2020/NQ-HĐND Quy định mức hỗ trợ từ ngân sách nhà nước đóng bảo hiểm y tế cho một số đối tượng trên địa bàn tỉnh Hưng Yên giai đoạn 2021 - 2025,
bhyt,57819,10420,Căn cứ,True,False,False,Quyết định số 69/2002/QĐ-UB Về việc sửa đổi Quyết định số 76/2001/QĐ-UB/VX ngày 16-8-2001 của UBND tỉnh Nghệ An về việc điều chỉnh mức đóng Bảo hiểm y tế học sinh và Y tế trường học tự nguyện,
bhyt,174277,184266,Văn bản quy định hết hiệu lực,False,True,False,,"Nghị quyết số 35/2025/NQ-HĐND Quy định chính sách hỗ trợ tiền ăn thêm, tiền mua bảo hiểm y tế và chi phí sinh hoạt khác đối với một số nhóm đối tượng đang được chăm sóc, nuôi dưỡng tại các đơn vị do Sở Y tế và Sở Nội vụ quản lý"
bhyt,177892,12326,Căn cứ,True,False,False,"Nghị quyết số 03/2025/NQ-HĐND Quy định mức hỗ trợ đóng bảo hiểm y tế đối với học sinh, sinh viên đang học tại các trường công lập thuộc tỉnh quản lý",
bhyt,110272,7543,Căn cứ,True,False,False,Thông tư liên tịch số 77/2003/TTLT-BTC-BYT hướng dẫn thực hiện bảo hiểm y tế tự nguyện,
bhyt,187259,179427,Căn cứ,True,False,False,Nghị quyết số 27/2026/NQ-HĐND Quy định mức hỗ trợ đóng bảo hiểm y tế trên địa bàn tỉnh giai đoạn 2026 - 2030.,
"bhyt,vien_phi",173176,139878,Căn cứ,True,False,False,"Nghị quyết số 68/2024/NQ-HĐND Quy định giá dịch vụ khám bệnh, chữa bệnh thuộc danh mục thanh toán của Quỹ bảo hiểm y tế, giá dịch vụ khám bệnh, chữa bệnh do ngân sách nhà nước thanh toán và giá dịch vụ khám bệnh, chữa bệnh không thuộc danh mục thanh toán của Quỹ bảo hiểm y tế mà không phải là dịch vụ khám bệnh, chữa bệnh theo yêu cầu tại các cơ sở khám bệnh, chữa bệnh công lập thuộc thành phố Đà Nẵng",
"bhyt,vien_phi",168478,128242,Thay thế,True,False,True,"NGHỊ QUYẾT SỐ Số: 6/2019/NQ-HĐND QUY ĐỊNH VỀ GIÁ DỊCH VỤ KHÁM BỆNH, CHỮA BỆNH KHÔNG THUỘC PHẠM VI THANH TOÁN CỦA QUỸ BẢO HIỂM Y TẾ TRONG CÁC CƠ SỞ KHÁM BỆNH, CHỮA BỆNH CỦA NHÀ NƯỚC TRÊN ĐỊA BÀN TỈNH BÌNH PHƯỚC",
bhyt,123510,70800,Căn cứ,True,False,False,Nghị quyết số 68/2017/NQ-HĐND Quy định mức hỗ trợ kinh phí đóng bảo hiểm y tế và chi phí cùng chi trả sử dụng thuốc kháng vi rút HIV đối với người nhiễm HIV/AIDS trên địa bàn tỉnh Điện Biên,
bhyt,135466,123256,Căn cứ,True,False,False,"Thông tư số 27/2018/TT-BYT Hướng dẫn thực hiện bảo hiểm y tế và khám bệnh, chữa bệnh liên quan đến HIV/AIDS",
bhyt,139461,70800,Căn cứ,True,False,False,Quyết định số 39/2019/QĐ-UBND Bãi bỏ Quyết định số 52/2003/QĐ-UB ngày 09 tháng 6 năm 2003của Uỷ ban nhân dân tỉnh và Quyết định số 53/2003/QĐ-UB ngày 10 tháng 6 năm 2003 của Uỷ ban nhân dân tỉnh,
"bhyt,vien_phi",148465,12326,Căn cứ,True,False,False,"Thông tư số 04/2021/TT-BYT hướng dẫn thanh toán chi phí khám bệnh, chữa bệnh bảo hiểm y tế theo định suất",
bhyt,88138,80699,Văn bản căn cứ,True,False,False,"Quyết định 11862/QĐ-UBND năm 2014 bãi bỏ Quyết định 02/2013/QĐ-UBND về Quy chế thực hiện cơ chế một cửa liên thông nhóm thủ tục hành chính thuộc lĩnh vực hộ tịch, bảo hiểm y tế và đăng ký, quản lý cư trú trên địa bàn Quận Bình Tân, thành phố Hồ Chí Minh",
bhyt,185037,151649,Thay thế,True,False,True,"Nghị quyết số 57/2025/NQ-HĐND Quy định chính sách hỗ trợ mức đóng bảo hiểm y tế cho các nhóm đối tượng xã hội đang thường trú trên địa bàn thành phố Hải Phòng, giai đoạn 2026 - 2030",
bhyt,185662,178717,Căn cứ,True,False,False,Nghị quyết số 43/2025/NQ-HĐND Quy định mức hỗ trợ đóng bảo hiểm y tế cho một số đối tượng trên địa bàn tỉnh Tuyên Quang,
bhyt,183562,172923,Căn cứ,False,True,False,,Luật Bảo hiểm y tế sửa đổi 2024 số Luật số 51/2024/QH15
bhyt,153741,27624,Căn cứ,True,False,False,"Nghị quyết số 88/2022/NQ-HĐND về ban hành giá dịch vụ xét nghiệm SARC-CoV-2 không thuộc phạm vi thanh toán của quỹ bảo hiểm y tế trong các cơ sở khám bệnh, chữa bệnh của Nhà nước do tỉnh Quảng Ninh quản lý",
bhyt,187782,175027,Căn cứ,True,False,False,"Thông tư số 107/2025/TT-BTC Hướng dẫn kế toán quỹ bảo hiểm xã hội, quỹ bảo hiểm y tế, quỹ bảo hiểm thất nghiệp",
bhyt,107416,18312,Căn cứ,True,False,False,"Thông tư liên tịch số 16/2006/TTLT-BYT-BTC Thông tư hướng dẫn sửa đổi, bổ sung một số điểm của Thông tư liên tịch số 21/2005/TTLT-BYT-BTC ngày 27/7/2005 của liên Bộ Y tế - Bộ Tài chính hướng dẫn thực hiện bảo hiểm y tế bắt buộc",
bhyt,168904,172923,Văn bản bổ sung,False,True,False,,Luật Bảo hiểm y tế sửa đổi 2024 số Luật số 51/2024/QH15
bhyt,27159,67295,"Văn bản HD, QĐ chi tiết",False,True,False,,"Thông tư liên tịch số 05/2015/TTLT-BTP-BCA-BYT Hướng dẫn thực hiện liên thông các thủ tục hành chính về đăng ký khai sinh, đăng ký thường trú, cấp thẻ bảo hiểm y tế cho trẻ em dưới 6 tuổi"
bhyt,181930,26831,Dẫn chiếu,True,False,False,Nghị quyết số 17/2025/NQ-HĐND Ban hành Quy định mức hỗ trợ đóng bảo hiểm y tế đối với một số đối tượng trên địa bàn tỉnh Vĩnh Long,
bhyt,175447,146383,Căn cứ,True,False,False,Nghị quyết số 05/2025/NQ-HĐND Quy định chính sách hỗ trợ 100% mức đóng bảo hiểm y tế theo hộ gia đình đối với người từ đủ 60 tuổi đến dưới 75 tuổi thuộc hộ cận nghèo và hộ có mức sống trung bình theo chuẩn thành phố trên địa bàn thành phố Đà Nẵng,
bhyt,173743,139878,Căn cứ,True,False,False,"Nghị quyết số 118/2024/NQ-HĐND Bãi bỏ Nghị quyết số 32/2024/NQ-HĐND ngày 11 tháng 7 năm 2024 của Hội đồng nhân dân tỉnh quy định giá cụ thể dịch vụ khám bệnh, chữa bệnh không thuộc phạm vi thanh toán của Quỹ bảo hiểm y tế nhưng không phải là đối tượng khám chữa bệnh theo yêu cầu trong các cơ sở khám bệnh, chữa bệnh của Nhà nước trên địa bàn tỉnh Kon Tum",
"bhyt,vien_phi",172424,103581,Căn cứ,True,False,False,"Nghị quyết số 49/2024/NQ-HĐND Bãi bỏ Nghị quyết số 32/2024/NQ-HĐND ngày 19/4/2024 của HĐND tỉnh quy định mức giá dịch vụ khám bệnh, chữa bệnh không thuộc phạm vi thanh toán của Quỹ Bảo hiểm y tế (nhưng không phải là dịch vụ khám bệnh, chữa bệnh của Nhà nước thuộc tỉnh Quảng Ninh quản lý)",
"bhyt,vien_phi",173832,140166,Thay thế,True,False,True,"Nghị quyết số 27/2024/NQ-HĐND Quy định giá dịch vụ khám bệnh, chữa bệnh thuộc danh mục do quỹ bảo hiểm y tế thanh toán; giá dịch vụ khám bệnh, chữa bệnh do ngân sách nhà nước thanh toán; giá dịch vụ khám bệnh, chữa bệnh không thuộc danh mục do quỹ bảo hiểm y tế thanh toán mà không phải là dịch vụ khám bệnh, chữa bệnh theo yêu cầu đối với các cơ sở khám bệnh, chữa bệnh của Nhà nước trên địa bàn tỉnh Bến Tre",
bhyt,166928,12900,Căn cứ,True,False,False,Nghị quyết số 288/2022/NQ-HĐND Quy định mức giá dịch vụ xét nghiệm SARS-CoV-2 (chưa bao gồm sinh phẩm xét nghiệm phản ứng) do cơ sở y tế của Nhà nước thực hiện không thuộc phạm vi thanh toán của Quỹ bảo hiểm y tế trên địa bàn tỉnh Thanh Hoá,
"bhyt,vien_phi",75997,25170,Căn cứ,True,False,False,"Nghị quyết số 25/2013/NQ-HĐND Về bãi bỏ bảng giá thu một phần viện phí tại trạm Y tế xã áp dụng cho người bệnh ngoại trú, nội trú có thẻ bảo hiểm y tế ban hành kèm theo Nghị quyết số 13/2008/NQ-HĐND ngày 16/12/2008 của Hội đồng nhân dân tỉnh Kon Tum khóa IX, kỳ họp thứ 11",
bhyt,132858,46744,Căn cứ,True,False,False,"Quyết định số 51/2018/QĐ-TTg Về chi phí quản lý bảo hiểm xã hội, bảo hiểm thất nghiệp, bảo hiểm y tế giai đoạn 2019 - 2021",
bhyt,115653,169565,Văn bản bổ sung,False,True,False,,"Thông tư 13/2020/TT-BYT sửa đổi Thông tư 35/2016/TT-BYT về Danh mục và tỷ lệ, điều kiện thanh toán đối với dịch vụ kỹ thuật y tế thuộc phạm vi được hưởng của người tham gia bảo hiểm y tế do Bộ trưởng Bộ Y tế ban hành"
"bhyt,vien_phi",158076,172678,Văn bản quy định hết hiệu lực,False,True,False,,"Nghị quyết số 23/2024/NQ-HĐND Bãi bỏ toàn bộ Nghị quyết số 16/2022/NQ-HĐND ngày 09/12/2022 của Hội đồng nhân dân thành phố quy định mức giá dịch vụ khám bệnh, chữa bệnh không thuộc phạm vi thanh toán của Quỹ bảo hiểm y tế trong các cơ sở khám bệnh, chữa bệnh của Nhà nước thuộc thành phố Hải Phòng"
bhyt,36793,176707,"Văn bản HD, QĐ chi tiết",False,True,False,,"Nghị định số 74/2025/NĐ-CP Sửa đổi, bổ sung một số điều của Nghị định số 70/2015/NĐ-CP ngày 01 tháng 09 năm 2015 của Chính phủ quy định chi tiết và hướng dẫn thi hành một số điều của Luật Bảo hiểm y tế đói với Quân đội nhân dân, công an nhân dân và người làm công tác cơ yếu"
"bhyt,vien_phi",185924,151168,Căn cứ,True,False,False,"Nghị quyết số 50/2025/NQ-HĐND Sửa đổi, bổ sung một số điều của Nghị quyết số 28/2024/NQ-HĐND ngày 31 tháng 12 năm 2024 của Hội đồng nhân dân tỉnh quy định giá dịch vụ khám bệnh, chữa bệnh do quỹ bảo hiểm y tế thanh toán; giá dịch vụ khám bệnh, chữa bệnh do ngân sách nhà nước thanh toán; giá dịch vụ khám bệnh, chữa bệnh không thuộc danh mục do quỹ bảo hiểm y tế thanh toán mà không phải là dịch vụ khám bệnh, chữa bệnh theo yêu cầu đối với các cơ sở khám bệnh, chữa bệnh của Nhà nước thuộc tỉnh Lạng Sơn quản lý",
bhyt,40357,18312,"Quy định chi tiết, hướng dẫn thi hành",True,False,False,Quyết định số 1005/QĐ-BHXH Về việc sửa đổi bổ sung một số điểm tại quy định về tổ chức thực hiện chế độ KCB bảo hiểm y tế ban hành kèm theo Quyết định số 2559/QĐ-BHXH ngày 27/9/2005 Của Tổng Giám đốc Bảo hiểm xã hội Việt Nam,
bhyt,140624,127367,Dẫn chiếu,True,False,False,Thông tư số 30/2019/TT-BLĐTBXH Hướng dẫn lập danh sách đối tượng tham gia bảo hiểm y tế do Bộ Lao động - Thương binh và Xã hội quản lý,
bhyt,177933,166391,Căn cứ,True,False,False,"Nghị quyết số 04/2025/NQ-HĐND Hỗ trợ mức đóng bảo hiểm y tế và chi phí cùng chi trả đối với thuốc kháng vi-rút HIV cho người nhiễm HIV/AIDS đang điều trị tại các cơ sở khám, chữa bệnh công lập thuộc mạng lưới phòng, chống HIV/AIDS của tỉnh Khánh Hòa",
bhyt,50db14e0-7440-11f1-bfef-3d76b5210224,8619b9a0-5e55-11f1-8e5a-2929924511d6,Căn cứ,False,True,False,,"Nghị định 02/2025/NĐ-CP Sửa đổi, bổ sung một số điều của nghị định số 146/2018/NĐ-CP ngày 17 tháng 10 năm 2018 của chính phủ quy định chi tiết và hướng dẫn biện pháp thi hành luật bảo hiểm y tể, đã được sửa đổi, bổ sung một số điều tại nghị định số 75/2023/NĐ-CP ngày 19 tháng 10 năm 2023 của chính phủ"
bhyt,156261,70821,Căn cứ,True,False,False,"Quyết định số 19/2022/QĐ-TTg Về chi phí quản lý bảo hiểm xã hội, bảo hiểm thất nghiệp, bảo hiểm y tế giai đoạn 2022 - 2024",
bhyt,155147,47035,"Quy định chi tiết, hướng dẫn thi hành",True,False,False,"Quyết định số 18/2022/QĐ-UBND Ban hành Quy định đăng ký khám bệnh, chữa bệnh bảo hiểm y tế ban đầu và chuyển tuyến khám bệnh, chữa bệnh bảo hiểm y tế trên địa bàn tỉnh Ninh Thuận",
"bhyt,vien_phi",126175,52575,Căn cứ,True,False,False,"Quyết định số 23/2017/QĐ-UBND Triển khai thực hiện Nghị quyết số 08/2017/NQ-HĐND Ngày 14 tháng 7 năm 2017 của Hội đồng nhân dân tỉnh Bạc Liêu về việc quy định mức giá dịch vụ khám bệnh, chữa bệnh không thuộc phạm vi thanh toán của Quỹ bảo hiểm y tế trong các cơ sở khám bệnh, chữa bệnh của Nhà nước trên địa bàn tỉnh Bạc Liêu",
bhyt,62144,7023,Căn cứ,True,False,False,"Nghị quyết số 79/2002/NQ-HĐND Về việc thực hiện chế độ bảo hiểm xã hội, bảo hiểm y tế và chế độ thôi việc đối với giáo viên mầm non dân lập",
bhyt,185037,172198,Thay thế,True,False,True,"Nghị quyết số 57/2025/NQ-HĐND Quy định chính sách hỗ trợ mức đóng bảo hiểm y tế cho các nhóm đối tượng xã hội đang thường trú trên địa bàn thành phố Hải Phòng, giai đoạn 2026 - 2030",
bhyt,156169,32610,Căn cứ,True,False,False,"Nghị quyết số 12/2022/NQ-HĐND Quy định mức giá dịch vụ xét nghiệm SARS-CoV-2 trong trường hợp không thuộc phạm vi thanh toán của Quỹ bảo hiểm y tế tại các cơ sở khám bệnh, chữa bệnh công lập thuộc tỉnh Ninh Thuận",
bhyt,155298,32610,"Quy định chi tiết, hướng dẫn thi hành",True,False,False,"Nghị quyết số 65/2022/NQ-HĐND Quy định mức giá dịch vụ xét nghiệm SARS-CoV-2 không thuộc phạm vi thanh toán của Quỹ bảo hiểm y tế (chưa bao gồm chi phí sinh phẩm xét nghiệm SARS-CoV-2) tại cơ sở khám bệnh, chữa bệnh của Nhà nước trên địa bàn tỉnh Hà Tĩnh",
"bhyt,vien_phi",141544,27863,Căn cứ,True,False,False,"Nghị quyết số 18/2019/NQ-HĐND Quy định giá dịch vụ khám bệnh, chữa bệnh không thuộc phạm vi thanh toán của Quỹ bảo hiểm y tế tại các cơ sở khám bệnh, chữa bệnh của Nhà nước do địa phương quản lý",
bhyt,171713,168128,Dẫn chiếu,True,False,False,"Thông tư 37/2024/TT-BYT quy định nguyên tắc, tiêu chí xây dựng, cập nhật, ghi thông tin, cấu trúc danh mục và hướng dẫn thanh toán đối với thuốc hóa dược, sinh phẩm, thuốc phóng xạ và chất đánh dấu thuộc phạm vi được hưởng của người tham gia bảo hiểm y tế do Bộ trưởng Bộ Y tế ban hành",
bhyt,123477,38018,Căn cứ,False,True,False,,Nghị định số 105/2014/NĐ-CP Quy định chi tiết và hướng dẫn thi hành một số điều của Luật Bảo hiểm y tế
bhyt,155147,94002,"Quy định chi tiết, hướng dẫn thi hành",True,False,False,"Quyết định số 18/2022/QĐ-UBND Ban hành Quy định đăng ký khám bệnh, chữa bệnh bảo hiểm y tế ban đầu và chuyển tuyến khám bệnh, chữa bệnh bảo hiểm y tế trên địa bàn tỉnh Ninh Thuận",
bhyt,21892,40272,"Văn bản HD, QĐ chi tiết",False,True,False,,Quyết định số 2559/QĐ-BHXH Ban hành quy định về tổ chức thực hiện chế độ khám chữa bệnh bảo hiểm y tế
bhyt,16858,67295,"Văn bản HD, QĐ chi tiết",False,True,False,,"Thông tư liên tịch số 05/2015/TTLT-BTP-BCA-BYT Hướng dẫn thực hiện liên thông các thủ tục hành chính về đăng ký khai sinh, đăng ký thường trú, cấp thẻ bảo hiểm y tế cho trẻ em dưới 6 tuổi"
bhyt,40357,21892,"Quy định chi tiết, hướng dẫn thi hành",True,False,False,Quyết định số 1005/QĐ-BHXH Về việc sửa đổi bổ sung một số điểm tại quy định về tổ chức thực hiện chế độ KCB bảo hiểm y tế ban hành kèm theo Quyết định số 2559/QĐ-BHXH ngày 27/9/2005 Của Tổng Giám đốc Bảo hiểm xã hội Việt Nam,
bhyt,81695,36793,Căn cứ,True,False,False,Quyết định số 28/2015/QĐ-UBND Về việc hỗ trợ mua bảo hiểm y tế cho cộng tác viên Dân số - Kế hoạch hóa gia đình giai đoạn 2016 - 2020 trên địa bàn tỉnh Bình Dương,
bhyt,38018,24536,Dẫn chiếu,True,False,False,Nghị định số 105/2014/NĐ-CP Quy định chi tiết và hướng dẫn thi hành một số điều của Luật Bảo hiểm y tế,
bhyt,129653,38018,Căn cứ,False,True,False,,Nghị định số 105/2014/NĐ-CP Quy định chi tiết và hướng dẫn thi hành một số điều của Luật Bảo hiểm y tế
"bhyt,vien_phi",173343,168125,Căn cứ,True,False,False,"Nghị quyết số 30/2024/NQ-HĐND Bãi bỏ Nghị quyết số 16/2019/NQ-HĐND ngày 04 tháng 10 năm 2019 của Hội đồng nhân dân tỉnh Hậu Giang quy định mức giá dịch vụ khám bệnh, chữa bệnh không thuộc phạm vi thanh toán của quỹ bảo hiểm y tế trong các cơ sở khám bệnh, chữa bệnh của Nhà nước trên địa bàn tỉnh Hậu Giang",
bhyt,172977,70819,Căn cứ,True,False,False,Nghị quyết số 110/2024/NQ-HĐND Bãi bỏ các Nghị quyết của Hội đồng nhân dân tỉnh Gia Lai,
bhyt,185038,36793,Căn cứ,True,False,False,Nghị quyết số 15/2025/NQ-HĐND Quy định mức hỗ trợ đóng bảo hiểm y tế cho một số đối tượng trên địa bàn tỉnh Cà Mau,
bhyt,131738,38018,"Quy định chi tiết, hướng dẫn thi hành",False,True,False,,Nghị định số 105/2014/NĐ-CP Quy định chi tiết và hướng dẫn thi hành một số điều của Luật Bảo hiểm y tế
bhyt,84439,25143,Dẫn chiếu,True,False,False,"Quyết định số 30/2014/QĐ-UBND Ban hành quy định việc quản lý, cấp phát thẻ Bảo hiểm y tế cho các đối tượng được ngân sách Nhà nước đóng, hỗ trợ tiền đóng Bảo hiểm y tế trên địa bàn tỉnh Bình Thuận",
bhyt,102592,24549,Căn cứ,True,False,False,Quyết định số 45/2012/QĐ-UBND Ban hành Đề án Hỗ trợ kinh phí mua thẻ bảo hiểm y tế cho hộ gia đình cận nghèo trên địa bàn tỉnh Ninh Thuận giai đoạn 2012 - 2015,
bhyt,99229,38018,Dẫn chiếu,False,True,False,,Nghị định số 105/2014/NĐ-CP Quy định chi tiết và hướng dẫn thi hành một số điều của Luật Bảo hiểm y tế
bhyt,133877,14902,Căn cứ,True,False,False,Quyết định số 33/2018/QĐ-UBND Phân cấp thẩm quyền cấp mới thẻ Bảo hiểm y tế và trợ cấp tiền mai táng phí đối với người tham gia kháng chiến thuộc phạm vi quản lý của tỉnh Ninh Bình,
bhyt,54230,11802,Dẫn chiếu,False,True,False,,Quyết định số 170/2008/QĐ-TTg Về chế độ bảo hiểm y tế và trợ cấp mai táng đối với thanh niên xung phong thời kỳ kháng chiến chống Pháp
bhyt,5008,10420,Căn cứ,True,False,False,Quyết định số 2112/1997/QĐ-UB Về việc điều chỉnh mức thu phí bảo hiểm y tế các đối tượng tham gia tự nguyện,
bhyt,185524,175027,Căn cứ,True,False,False,"Nghị quyết số 818/2025/NQ-HĐND Quy định mức hỗ trợ từ ngân sách nhà nước đóng bảo hiểm y tế, bảo hiểm xã hội tự nguyện cho một số đối tượng trên địa bàn tỉnh Hưng Yên",
"bhyt,vien_phi",169332,166391,Căn cứ,True,False,False,"Nghị quyết số 06/2024/NQ-HĐND Về việc ban hành mức giá dịch vụ khám bệnh, chữa bệnh không thuộc phạm vi thanh toán của Quỹ bảo hiểm y tế mà không phải là dịch vụ khám bệnh, chữa bệnh theo yêu cầu tại các cơ sở khám bệnh, chữa bệnh của Nhà nước trên địa bàn tỉnh Khánh Hòa",
bhyt,154152,166391,Căn cứ,True,False,False,Nghị quyết số 04/2022/NQ-HĐND Quy định giá dịch vụ xét nghiệm SARS-CoV-2 không thuộc phạm vi thanh toán của Quỹ Bảo hiểm y tế áp dụng cho các cơ sở y tế công lập thuộc tỉnh Phú Thọ quản lý,
bhyt,82064,20068,Căn cứ,True,False,False,"Nghị quyết số 07 /2014/NQ-HĐND Quy định mức hỗ trợ Nhân viên y tế tại các khu vực thuộc phường, ấp thuộc thị trấn trên địa bàn thành phố Cần Thơ",
bhyt,143792,138202,Thay thế,True,False,True,Nghị quyết số 06/2014/NQ-HĐND Về chế độ hỗ trợ mua bảo hiểm y tế cho người đồng bào dân tộc thiểu số không thuộc vùng có điều kiện kinh tế - xã hội khó khăn trên địa bàn tỉnh Khánh Hòa,
bhyt,25987,22843,Căn cứ,True,False,False,"Quyết định số 87/2010/QĐ-TTg Về việc cho doanh nghiệp, người lao động thuộc Tập đoàn Công nghiệp tàu thủy Việt Nam và Tổng công ty Hàng hải Việt Nam vay để chi trả nợ tiền lương, nợ bảo hiểm xã hội, bảo hiểm y tế, bảo hiểm thất nghiệp, trợ cấp thôi việc, trợ cấp mất việc làm, tạo việc làm, học nghề",
bhyt,165935,185306,Văn bản quy định hết hiệu lực 1 phần,False,True,False,,Nghị quyết số 75/2025/NQ-HĐND Quy định mức hỗ trợ đóng bảo hiểm y tế cho người bệnh phong tại Bệnh viện Bến Sắn; trẻ em và người có hoàn cảnh khó khăn trên địa bàn Thành phố Hồ Chí Minh
"bhyt,vien_phi",141832,124774,Bãi bỏ,True,False,True,"Quyết định số 10/2020/QĐ-UBND Bãi bỏ Quyết định số 74/2017/QĐ-UBND ngày 01 tháng 9 năm 2017 của Ủy ban nhân dân tỉnh về việc quy định mức giá dịch vụ khám bệnh, chữa bệnh không thuộc phạm vi thanh toán của Quỹ bảo hiểm y tế tại các cơ sở y tế công lập thuộc tỉnh Thừa Thiên Huế",
bhyt,182087,100567,Căn cứ,True,False,False,"Thông tư số 81/2025/TT-BCA Quy định biện pháp thực hiện bảo hiểm y tế đối với sĩ quan, hạ sĩ quan, chiến sĩ và học viên Công an nhân dân",
bhyt,185524,36793,Căn cứ,True,False,False,"Nghị quyết số 818/2025/NQ-HĐND Quy định mức hỗ trợ từ ngân sách nhà nước đóng bảo hiểm y tế, bảo hiểm xã hội tự nguyện cho một số đối tượng trên địa bàn tỉnh Hưng Yên",
bhyt,173922,70819,Căn cứ,True,False,False,"Nghị quyết số 32/2024/NQ-HĐND Quy định giá cụ thể dịch vụ khám bệnh, chữa bệnh do Quỹ bảo hiểm y tế thanh toán; giá cụ thể dịch vụ khám bệnh, chữa bệnh do ngân sách nhà nước thanh toán, giá cụ thể dịch vụ khám bệnh, chữa bệnh không thuộc danh mục do quỹ bảo hiểm y tế thanh toán mà không phải là dịch vụ khám bệnh, chữa bệnh theo yêu cầu đối với các cơ sở khám bệnh, chữa bệnh của Nhà nước trên địa bàn tỉnh Đắk Lắk",
"bhyt,vien_phi",172424,166391,Căn cứ,True,False,False,"Nghị quyết số 49/2024/NQ-HĐND Bãi bỏ Nghị quyết số 32/2024/NQ-HĐND ngày 19/4/2024 của HĐND tỉnh quy định mức giá dịch vụ khám bệnh, chữa bệnh không thuộc phạm vi thanh toán của Quỹ Bảo hiểm y tế (nhưng không phải là dịch vụ khám bệnh, chữa bệnh của Nhà nước thuộc tỉnh Quảng Ninh quản lý)",
bhyt,179736,166456,Căn cứ,True,False,False,"Thông tư số 27/2025/TT-BYT quy định nguyên tắc, tiêu chí xây dựng, cập nhật, ghi thông tin, cấu trúc danh mục và hướng dẫn thanh toán đối với thuốc dược liệu, thuốc có kết hợp dược chất với các dược liệu, thuốc cổ truyền, dược liệu thuộc phạm vi được hưởng của người tham gia bảo hiểm y tế do Bộ trưởng Bộ Y tế ban hành",
bhyt,115741,165832,Văn bản quy định hết hiệu lực,False,True,False,,"Quyết định số 48/2023/QĐ-UBND Bãi bỏ Quyết định số 42/2016/QĐ-UBND ngày 28 tháng 10 năm 2016 của Ủy ban nhân dân Thành phố ban hành Quy chế thực hiện liên thông thủ tục hành chính về đăng ký khai sinh, đăng ký thường trú, cấp thẻ bảo hiểm y tế cho trẻ em dưới 06 tuổi và đăng ký khai tử, xóa đăng ký thường trú trên địa bàn Thành phố Hồ Chí Minh"
bhyt,185767,178340,Căn cứ,True,False,False,"Nghị quyết số 53/2025/NQ-HĐND Quy định chính sách hỗ trợ mức đóng bảo hiểm xã hội cho người tham gia bảo hiểm xã hội tự nguyện, bảo hiểm y tế trên địa bàn thành phố Huế giai đoạn 2026 - 2030",
"bhyt,vien_phi",173084,170583,Căn cứ,True,False,False,"Nghị quyết số 17/2024/NQ-HĐND Bãi bỏ Nghị quyết số 08/2024/NQ-HĐND ngày 04 tháng 7 năm 2024 của Hội đồng nhân dân tỉnh Quy định mức giá dịch vụ khám bệnh, chữa bệnh không thuộc phạm vi thanh toán của Quỹ Bảo hiểm y tế mà không phải là dịch vụ khám bệnh, chữa bệnh theo yêu cầu trong các cơ sở khám bệnh, chữa bệnh của nhà nước thuộc tỉnh Tuyên Quang quản lý",
bhyt,156429,70819,Căn cứ,True,False,False,Nghị quyết số 13/2022/NQ-HĐND.loi Về việc Quy định mức giá dịch vụ xét nghiệm SARS-CoV-2 không thuộc phạm vi thanh toán của Quỹ bảo hiểm y tế tại các cơ sở y tế của Nhà nước thuộc tỉnh Thừa Thiên Huế,
bhyt,185204,36793,Căn cứ,True,False,False,"Nghị quyết số 91/2025/NQ-HĐND Quy định chính sách hỗ trợ đóng bảo hiểm y tế cho một số nhóm đối tượng trên địa bàn tỉnh Quảng Ninh, giai đoạn 2026-2030",
bhyt,181930,173149,Bãi bỏ,True,False,True,Nghị quyết số 17/2025/NQ-HĐND Ban hành Quy định mức hỗ trợ đóng bảo hiểm y tế đối với một số đối tượng trên địa bàn tỉnh Vĩnh Long,
"bhyt,vien_phi",174415,170583,Căn cứ,True,False,False,"Nghị quyết số 01/2025/NQ-HĐND Bãi bỏ Nghị quyết số 12/2024/NQ-HĐND ngày 17 tháng 6 năm 2024 của Hội đồng nhân dân tỉnh quy định giá dịch vụ khám bệnh, chữa bệnh không thuộc phạm vi thanh toán của Quỹ Bảo hiểm y tế nhưng không phải là đối tượng khám bệnh, chữa bệnh theo yêu cầu tại các cơ sở khám bệnh, chữa bệnh công lập thuộc tỉnh Thừa Thiên Huế",
"bhyt,vien_phi",185602,149470,Dẫn chiếu,False,True,False,,"Thông tư số 48/2017/TT-BYT Quy định trích chuyển dữ liệu điện tử trong quản lý và thanh toán chi phí khám bệnh, chữa bệnh bảo hiểm y tế"
bhyt,179772,100567,Căn cứ,True,False,False,"Thông tư số 63/2025/TT-BQP Quy định, hướng dẫn thực hiện một số điều của Nghị định số 70/2015/NĐ-CP ngày 01 tháng 9 năm 2015 của Chính phủ quy định chi tiết và hướng dẫn thi hành một số điều của Luật Bảo hiểm y tế đối với quân đội nhân dân, công an nhân dân và người làm công tác cơ yếu; Nghị định số 74/2025/NĐ-CP ngày 31 tháng 3 năm 2025 sửa đổi, bổ sung một số điều của Nghị định số 70/2015/NĐ-CP ngày 01 tháng 9 năm 2015 của Chính phủ",
bhyt,183009,11735,Căn cứ,True,False,False,Nghị quyết số 10/2013/NQ-HĐND Hỗ trợ kinh phí từ Ngân sách tỉnh để mua Bảo hiểm y tế cho Người cao tuổi trên địa bàn tỉnh Ninh Bình,
bhyt,156261,70811,Căn cứ,True,False,False,"Quyết định số 19/2022/QĐ-TTg Về chi phí quản lý bảo hiểm xã hội, bảo hiểm thất nghiệp, bảo hiểm y tế giai đoạn 2022 - 2024",
bhyt,146838,70800,Căn cứ,True,False,False,"Quyết định số Số: 03/2021/QĐ-UBND Quy định mức hỗ trợ đóng bảo hiểm y tế cho người thuộc hộ gia đình cận nghèo, người thuộc hộ gia đình làm nông nghiệp, lâm nghiệp, ngư nghiệp có mức sống trung bình và học sinh, sinh viên trên địa bàn tỉnh Điện Biên",
bhyt,120801,38018,Căn cứ,True,True,False,"Quyết định số 04/2017/QĐ-UBND Quy định mức hỗ trợ đóng bảo hiểm y tế từ ngân sách địa phương cho đối tượng là người thuộc hộ gia đình làm nông nghiệp, lâm nghiệp, ngư nghiệp, diêm nghiệp có mức sống trung bình trên địa bàn tỉnh Nam Định",Nghị định số 105/2014/NĐ-CP Quy định chi tiết và hướng dẫn thi hành một số điều của Luật Bảo hiểm y tế
bhyt,156310,142842,Văn bản căn cứ,True,False,False,"Nghị quyết số 11/2022/NQ-HĐND Quy định giá dịch vụ xét nghiệm SARS-CoV-2 không thuộc phạm vi thanh toán của Quỹ bảo hiểm y tế trong các cơ sở khám bệnh, chữa bệnh của Nhà nước trên địa bàn tỉnh Trà Vinh",
bhyt,163811,163807,Văn bản dẫn chiếu,True,False,False,Nghị quyết số 32/2023/NQ-HĐND Quy định hỗ trợ mức đóng bảo hiểm y tế cho hộ thoát nghèo và hộ thoát cận nghèo trên địa bàn tỉnh Cà Mau đến năm 2025,
bhyt,96115300-857d-11f1-8dda-2d1ac6017174,8619b9a0-5e55-11f1-8e5a-2929924511d6,Căn cứ,False,True,False,,"Nghị định 02/2025/NĐ-CP Sửa đổi, bổ sung một số điều của nghị định số 146/2018/NĐ-CP ngày 17 tháng 10 năm 2018 của chính phủ quy định chi tiết và hướng dẫn biện pháp thi hành luật bảo hiểm y tể, đã được sửa đổi, bổ sung một số điều tại nghị định số 75/2023/NĐ-CP ngày 19 tháng 10 năm 2023 của chính phủ"
bhyt,5218a7f0-6c7f-11f1-9c2b-932f5a2f1e38,176696,Căn cứ,True,False,False,"Quy định chính sách hỗ trợ bảo hiểm y tế đối với đồng bào dân tộc thiểu số trên địa bàn thành phố Đà Nẵng, giai đoạn 2026 - 2031",
"bhyt,vien_phi",172424,166778,Bãi bỏ,True,False,True,"Nghị quyết số 49/2024/NQ-HĐND Bãi bỏ Nghị quyết số 32/2024/NQ-HĐND ngày 19/4/2024 của HĐND tỉnh quy định mức giá dịch vụ khám bệnh, chữa bệnh không thuộc phạm vi thanh toán của Quỹ Bảo hiểm y tế (nhưng không phải là dịch vụ khám bệnh, chữa bệnh của Nhà nước thuộc tỉnh Quảng Ninh quản lý)",
bhyt,153738,166391,Căn cứ,True,False,False,"Nghị quyết số 03/2022/NQ-HĐND Quy định giá dịch vụ xét nghiệm SARS-CoV-2 (chưa bao gồm sinh phẩm xét nghiệm phản ứng) trong trường hợp không thuộc phạm vi thanh toán của Quỹ bảo hiểm y tế tại các cơ sở khám bệnh, chữa bệnh của Nhà nước trên địa bàn tỉnh",
"bhyt,vien_phi",142685,127194,Bãi bỏ,True,False,True,"Quyết định số 25/2020/QĐ-UBND Về việc bãi bỏ Quyết định số 51/2017/QĐ-UBND ngày 21 tháng 12 năm 2017 của Ủy ban nhân dân tỉnh Tây Ninh về việc quy định giá dịch vụ khám bệnh, chữa bệnh không thuộc phạm vi thanh toán của Qũy bảo hiểm y tế trong các cơ sở khám bệnh, chữa bệnh của Nhà nước trên địa bàn tỉnh Tây Ninh",
bhyt,127519,12326,Căn cứ,True,False,False,Quyết định số Số: 10/2018/QĐ-UBND Quy định mức hỗ trợ đóng bảo hiểm y tế cho người thuộc hộ gia đình nghèo đa chiều thiếu hụt dịch vụ xã hội cơ bản khác (không bị thiếu hụt bảo hiểm y tế) trên địa bàn tỉnh Điện Biên,
bhyt,117016,67295,Căn cứ,False,True,False,,"Thông tư liên tịch số 05/2015/TTLT-BTP-BCA-BYT Hướng dẫn thực hiện liên thông các thủ tục hành chính về đăng ký khai sinh, đăng ký thường trú, cấp thẻ bảo hiểm y tế cho trẻ em dưới 6 tuổi"
bhyt,74259,12326,Căn cứ,True,False,False,"Quyết định số 16/2013/QĐ-UBND Về việc sửa đổi, bổ sung điểm c, khoản 2, Điều 1 Quy định phân cấp quản lý mua, cấp phát thẻ bảo hiểm y tế cho các đối tượng được ngân sách nhà nước đảm bảo trên địa bàn tỉnh Hòa Bình ban hành kèm theo Quyết định số 14/2012/QĐ-UBND ngày 19 tháng 9 năm 2012 của UBND tỉnh Hòa Bình",
bhyt,185767,179149,Dẫn chiếu,True,False,False,"Nghị quyết số 53/2025/NQ-HĐND Quy định chính sách hỗ trợ mức đóng bảo hiểm xã hội cho người tham gia bảo hiểm xã hội tự nguyện, bảo hiểm y tế trên địa bàn thành phố Huế giai đoạn 2026 - 2030",
bhyt,177933,146648,Căn cứ,True,False,False,"Nghị quyết số 04/2025/NQ-HĐND Hỗ trợ mức đóng bảo hiểm y tế và chi phí cùng chi trả đối với thuốc kháng vi-rút HIV cho người nhiễm HIV/AIDS đang điều trị tại các cơ sở khám, chữa bệnh công lập thuộc mạng lưới phòng, chống HIV/AIDS của tỉnh Khánh Hòa",
"bhyt,vien_phi",173130,70819,Căn cứ,True,False,False,"Nghị quyết số 30/2024/NQ-HĐND Bãi bỏ Nghị quyết số 15/2019/NQ-HĐND ngày 06 tháng 12 năm 2019 của Hội đồng nhân dân tỉnh Sóc Trăng quy định giá dịch vụ khám bệnh, chữa bệnh không thuộc phạm vi thanh toán của Quỹ bảo hiểm y tế trong các cơ sở khám bệnh, chữa bệnh của Nhà nước trên địa bàn tỉnh Sóc Trăng",
bhyt,155274,27624,Căn cứ,True,False,False,Nghị quyết số 32/2022/NQ-HĐND Quy định mức giá dịch vụ xét nghiệm SARS-CoV-2 đối với trường hợp không thuộc phạm vi thanh toán của Quỹ bảo hiểm y tế trên địa bàn tỉnh Vĩnh Long,
bhyt,145559,119084,Căn cứ,True,False,False,Nghị quyết số 332/2020/NQ-HĐND Quy định mức hỗ trợ từ ngân sách nhà nước đóng bảo hiểm y tế cho một số đối tượng trên địa bàn tỉnh Hưng Yên giai đoạn 2021 - 2025,
bhyt,183010,20068,Căn cứ,True,False,False,Nghị quyết số 31/2015/NQ-HĐND Quy định mức hỗ trợ kinh phí đóng bảo hiểm y tế cho một số đối tượng có hộ khẩu thường trú tại tỉnh Ninh Bình,
bhyt,71177,139461,Văn bản quy định hết hiệu lực,False,True,False,,Quyết định số 39/2019/QĐ-UBND Bãi bỏ Quyết định số 52/2003/QĐ-UB ngày 09 tháng 6 năm 2003của Uỷ ban nhân dân tỉnh và Quyết định số 53/2003/QĐ-UB ngày 10 tháng 6 năm 2003 của Uỷ ban nhân dân tỉnh
bhyt,24584,40940,"Văn bản HD, QĐ chi tiết",False,True,False,,"Quyết định số 1111/QĐ-BHXH Về việc ban hành Quy định quản lý thu bảo hiểm xã hội, bảo hiểm y tế; quản lý sổ bảo hiểm xã hội, thẻ bảo hiểm y tế"
bhyt,184890,168407,Thay thế,True,False,True,Nghị quyết số 35/2025/NQ-HĐND Quy định mức hỗ trợ kinh phí đóng bảo hiểm y tế cho một số đối tượng trên địa bàn tỉnh Gia Lai,
bhyt,185418,178717,Căn cứ,True,False,False,"Nghị quyết số 99/2025/NQ-HĐND quy định chính sách hỗ trợ kinh phí tham gia bảo hiểm xã hội tự nguyện, bảo hiểm y tế trên địa bàn tỉnh Bắc Ninh, giai đoạn 2026- 2030",
"bhyt,vien_phi",141428,128645,Thay thế,True,False,True,"Nghị quyết số 08/2019/NQ-HĐND Quy định giá dịch vụ khám bệnh, chữa bệnh không thuộc phạm vi thanh toán của Quỹ bảo hiểm y tế tại các cơ sở khám bệnh, chữa bệnh của Nhà nước do địa phương quản lý",
bhyt,155147,139878,Căn cứ,True,False,False,"Quyết định số 18/2022/QĐ-UBND Ban hành Quy định đăng ký khám bệnh, chữa bệnh bảo hiểm y tế ban đầu và chuyển tuyến khám bệnh, chữa bệnh bảo hiểm y tế trên địa bàn tỉnh Ninh Thuận",
bhyt,142146,41968,Văn bản căn cứ,True,False,False,Nghị quyết số 276/2020/NQ-HĐND Quy định mức hỗ trợ từ ngân sách nhà nước đóng bảo hiểm y tế cho đối tượng người khuyết tật trên địa bàn tỉnh Hưng Yên,
bhyt,165935,184454,Văn bản quy định hết hiệu lực 1 phần,False,True,False,,"Nghị quyết số 56/2025/NQ-HĐND Quy định mức hỗ trợ đóng bảo hiểm y tế cho người cao tuổi, học sinh trên địa bàn Thành phố Hồ Chí Minh"
bhyt,100567,176707,Văn bản bổ sung,False,True,False,,"Nghị định số 74/2025/NĐ-CP Sửa đổi, bổ sung một số điều của Nghị định số 70/2015/NĐ-CP ngày 01 tháng 09 năm 2015 của Chính phủ quy định chi tiết và hướng dẫn thi hành một số điều của Luật Bảo hiểm y tế đói với Quân đội nhân dân, công an nhân dân và người làm công tác cơ yếu"
bhyt,88622,24536,Dẫn chiếu,True,False,False,"Quyết định 3651/QĐ-UBND ban hành Kế hoạch Chương trình hành động 32-CTrHĐ/TU thực hiện Nghị quyết 21-NQ/TW về tăng cường sự lãnh đạo của Đảng đối với công tác bảo hiểm xã hội, bảo hiểm y tế giai đoạn 2012 - 2020 do thành phố Hồ Chí Minh ban hành",
bhyt,139793,38018,Căn cứ,False,True,False,,Nghị định số 105/2014/NĐ-CP Quy định chi tiết và hướng dẫn thi hành một số điều của Luật Bảo hiểm y tế
bhyt,52541,17354,Căn cứ,True,False,False,"Quyết định số 3929/2005/QĐ-UBND V/v ban hành kế hoạch thực hiện "" Lộ trình tiến tới bảo hiểm y tế toàn dân vào năm 2010""",
"bhyt,vien_phi",173517,70819,Căn cứ,True,False,False,"Nghị quyết số 83/2024/NQ-HĐND Bãi bỏ Nghị quyết số 25/2024/NQ-HĐND ngày 17 tháng 7 năm 2024 của Hội đồng nhân dân tỉnh Lai Châu Quy định giá dịch vụ khám bệnh, chữa bệnh không thuộc phạm vi thanh toán của Quỹ bảo hiểm y tế trong các cơ sở khám bệnh, chữa bệnh của nhà nước thuộc tỉnh Lai Châu quản lý",
bhyt,158050,12900,Căn cứ,True,False,False,"Nghị quyết số 61/2022/NQ-HĐND Quy định mức giá dịch vụ xét nghiệm SARS-CoV-2 không thuộc phạm vi thanh toán của Quỹ bảo hiểm y tế cho các cơ sở khám bệnh, chữa bệnh của Nhà nước trên địa bàn tỉnh Lai Châu",
bhyt,129310,38018,Căn cứ,False,True,False,,Nghị định số 105/2014/NĐ-CP Quy định chi tiết và hướng dẫn thi hành một số điều của Luật Bảo hiểm y tế
bhyt,3167a8d0-58e8-11f1-b3bb-7f5ed40f13b2,12326,Căn cứ,True,False,False,"Thông tư 126/2025/TT-BTC Quy định quy trình kiểm tra lĩnh vực bảo hiểm xã hội, bảo hiểm thất nghiệp, bảo hiểm y tế thuộc phạm vi quản lý nhà nước của Bộ Tài chính",
bhyt,171885,159334,Căn cứ,True,False,False,"Thông tư 39/2024/TT-BYT sửa đổi Thông tư 35/2016/TT-BYT về Danh mục và tỷ lệ, điều kiện thanh toán đối với dịch vụ kỹ thuật y tế thuộc phạm vi được hưởng của người tham gia bảo hiểm y tế do Bộ trưởng Bộ Y tế ban hành",
bhyt,181847,140564,Thay thế,True,False,True,"Nghị định số 233/2025/NĐ-CP Quy định cơ chế tài chính về bảo hiểm xã hội, bảo hiểm thất nghiệp, bảo hiểm y tế; chi tổ chức và hoạt động bảo hiểm xã hội, bảo hiểm thất nghiệp, bảo hiểm y tế",
bhyt,88622,14902,"Quy định chi tiết, hướng dẫn thi hành",True,False,False,"Quyết định 3651/QĐ-UBND ban hành Kế hoạch Chương trình hành động 32-CTrHĐ/TU thực hiện Nghị quyết 21-NQ/TW về tăng cường sự lãnh đạo của Đảng đối với công tác bảo hiểm xã hội, bảo hiểm y tế giai đoạn 2012 - 2020 do thành phố Hồ Chí Minh ban hành",
bhyt,156261,32912,Căn cứ,True,False,False,"Quyết định số 19/2022/QĐ-TTg Về chi phí quản lý bảo hiểm xã hội, bảo hiểm thất nghiệp, bảo hiểm y tế giai đoạn 2022 - 2024",
bhyt,150222,150221,Văn bản hết hiệu lực,True,False,False,"Quyết định số 29/2021/QĐ-UBND Bãi bỏ Quyết định số 1202/2008/QĐ-UBND ngày 14 tháng 7 năm 2008 của Ủy ban nhân dân tỉnh Cao Bằng ban hành Quy định về chế độ tiền công, chế độ bảo hiểm xã hội, bảo hiểm y tế, chế độ bồi thường tai nạn lao động, chế độ tiền thưởng đối với huấn luyện viên, vận động viên thể thao của tỉnh Cao Bằng",
bhyt,143761,77487,Bãi bỏ,True,False,True,"Quyết định số 37/2020/QĐ-UBND Về việc bãi bỏ Quyết định số 28/2013/QĐ-UBND ngày 26/7/2013 của UBND tỉnh ban hành quy định phối hợp giải quyết thủ tục hành chính về đăng ký khai sinh, khai tử, bảo hiểm y tế và đăng ký thường trú trên địa bàn tỉnh và Quyết định số 23/2015/QĐ-UBND ngày 01/6/2015 về việc sửa đổi, bổ sung Quyết định số 28/2013/QĐ-UBND ngày 26/7/2013 của UBND tỉnh",
bhyt,4508b790-6869-11f1-896d-1f64195cf782,179711,Căn cứ,True,True,False,"Nghị quyết số 09/2026/NQ-HĐND Quy định mức hỗ trợ đóng bảo hiểm y tế cho đối tượng hộ cận nghèo trên địa bàn tỉnh Thanh Hóa, giai đoạn 2026 - 2030",Nghị định số 188/2025/NĐ-CP hướng dẫn Luật Bảo hiểm y tế
bhyt,9d0906c0-7ac0-11f1-941d-db6d817211f9,8619b9a0-5e55-11f1-8e5a-2929924511d6,Căn cứ,False,True,False,,"Nghị định 02/2025/NĐ-CP Sửa đổi, bổ sung một số điều của nghị định số 146/2018/NĐ-CP ngày 17 tháng 10 năm 2018 của chính phủ quy định chi tiết và hướng dẫn biện pháp thi hành luật bảo hiểm y tể, đã được sửa đổi, bổ sung một số điều tại nghị định số 75/2023/NĐ-CP ngày 19 tháng 10 năm 2023 của chính phủ"
bhyt,564c4f70-7daa-11f1-98a1-672e5b55f66c,8619b9a0-5e55-11f1-8e5a-2929924511d6,Căn cứ,False,True,False,,"Nghị định 02/2025/NĐ-CP Sửa đổi, bổ sung một số điều của nghị định số 146/2018/NĐ-CP ngày 17 tháng 10 năm 2018 của chính phủ quy định chi tiết và hướng dẫn biện pháp thi hành luật bảo hiểm y tể, đã được sửa đổi, bổ sung một số điều tại nghị định số 75/2023/NĐ-CP ngày 19 tháng 10 năm 2023 của chính phủ"
bhyt,176707,172923,Căn cứ,True,True,False,"Nghị định số 74/2025/NĐ-CP Sửa đổi, bổ sung một số điều của Nghị định số 70/2015/NĐ-CP ngày 01 tháng 09 năm 2015 của Chính phủ quy định chi tiết và hướng dẫn thi hành một số điều của Luật Bảo hiểm y tế đói với Quân đội nhân dân, công an nhân dân và người làm công tác cơ yếu",Luật Bảo hiểm y tế sửa đổi 2024 số Luật số 51/2024/QH15
"bhyt,vien_phi",155057,155061,Văn bản hết hiệu lực,True,False,False,"Quyết định số 10/2022/QĐ-UBND Về sửa đổi, bổ sung Quyết định 56/2019/QĐ-UBND ngày 31 tháng 12 năm 2019 của Ủy ban nhân dân tỉnh Hà Nam về quy định mức giá dịch vụ khám bệnh, chữa bệnh không thuộc phạm vi thanh toán của Quỹ bảo hiểm y tế trong các cơ sở khám bệnh, chữa bệnh của Nhà nước thuộc địa phương quản lý trên địa bàn tỉnh Hà Nam",
bhyt,111769,38018,Căn cứ,False,True,False,,Nghị định số 105/2014/NĐ-CP Quy định chi tiết và hướng dẫn thi hành một số điều của Luật Bảo hiểm y tế
bhyt,149120,70800,Căn cứ,True,False,False,"Quyết định số 27/2021/QĐ-UBND Bãi bỏ Quyết định số 46/2014/QĐ-UBND ngày 26 tháng 11 năm 2014 của Ủy ban nhân dân tỉnh về việc ban hành Quy chế thực hiện liên thông nhóm thủ tục hành chính thuộc lĩnh vực hộ tịch, bảo hiểm y tế và đăng ký, quản lý cư trú cho trẻ em dưới 6 tuổi của tỉnh Phú Yên",
bhyt,168950,185356,Văn bản quy định hết hiệu lực,False,True,False,,Nghị quyết số '26/2025/NQ-HĐND Quy định mức hỗ trợ đóng bảo hiểm y tế cho một số đối tượng trên địa bàn thành phố Cần Thơ
bhyt,84439,19477,Dẫn chiếu,True,False,False,"Quyết định số 30/2014/QĐ-UBND Ban hành quy định việc quản lý, cấp phát thẻ Bảo hiểm y tế cho các đối tượng được ngân sách Nhà nước đóng, hỗ trợ tiền đóng Bảo hiểm y tế trên địa bàn tỉnh Bình Thuận",
"bhyt,vien_phi",173463,139878,Căn cứ,True,False,False,"Nghị quyết số 13/2024/NQ-HĐND Về việc Bãi bỏ các Nghị quyết của Hội đồng nhân dân tỉnh quy định giá dịch vụ khám bệnh, chữa bệnh không thuộc phạm vi thanh toán của Quỹ bảo hiểm y tế trong các cơ sở khám bệnh, chữa bệnh của Nhà nước trên địa bàn tỉnh Bắc Ninh",
bhyt,181930,179711,Căn cứ,True,True,False,Nghị quyết số 17/2025/NQ-HĐND Ban hành Quy định mức hỗ trợ đóng bảo hiểm y tế đối với một số đối tượng trên địa bàn tỉnh Vĩnh Long,Nghị định số 188/2025/NĐ-CP hướng dẫn Luật Bảo hiểm y tế
bhyt,123510,70819,Căn cứ,True,False,False,Nghị quyết số 68/2017/NQ-HĐND Quy định mức hỗ trợ kinh phí đóng bảo hiểm y tế và chi phí cùng chi trả sử dụng thuốc kháng vi rút HIV đối với người nhiễm HIV/AIDS trên địa bàn tỉnh Điện Biên,
bhyt,117674,46744,Căn cứ,True,False,False,"Nghị định số 21/2016/NĐ-CP Quy định việc thực hiện chức năng thanh tra chuyên ngành về đóng bảo hiểm xã hội, bảo hiểm thất nghiệp, bảo hiểm y tế của cơ quan bảo hiểm xã hội",
bhyt,182608,12326,Căn cứ,True,False,False,"Thông tư số 86 /2025/TT-BCA Quy định biện pháp thực hiện bảo hiểm y tế đối với công nhân công an, người lao động, học sinh, sinh viên và thân nhân của cán bộ, chiến sĩ, công nhân công an đang công tác, học tập trong Công an nhân dân",
bhyt,179382,179711,"Văn bản HD, QĐ chi tiết",False,True,False,,Nghị định số 188/2025/NĐ-CP hướng dẫn Luật Bảo hiểm y tế
bhyt,184731,179711,Căn cứ,True,True,False,Nghị quyết số 23/2025/NQ-HĐND Về việc quy định mức hỗ trợ đóng bảo hiểm y tế cho các đối tượng không được hưởng mức hỗ trợ từ ngân sách nhà nước đối với Thanh niên thi hành nghĩa vụ Kinh tế - Quốc phòng của tỉnh Tây Ninh và Đoàn xây dựng kinh tế Thanh niên trên địa bàn tỉnh Tây Ninh,Nghị định số 188/2025/NĐ-CP hướng dẫn Luật Bảo hiểm y tế
bhyt,175447,166391,Căn cứ,True,False,False,Nghị quyết số 05/2025/NQ-HĐND Quy định chính sách hỗ trợ 100% mức đóng bảo hiểm y tế theo hộ gia đình đối với người từ đủ 60 tuổi đến dưới 75 tuổi thuộc hộ cận nghèo và hộ có mức sống trung bình theo chuẩn thành phố trên địa bàn thành phố Đà Nẵng,
bhyt,22615,7543,Căn cứ,True,False,False,"Thông tư liên tịch số 07/2002/TTLT/BTC-BYT Sửa đổi, bổ sung một số điểm của Thông tư liên tịch số 151/1998/TTLT/BTC-BYT ngày 20/11/1998 của liên Bộ Tài chính - Y tế hướng dẫn chế độ quản lý tài chính quỹ Bảo hiểm y tế",
"bhyt,vien_phi",142800,173101,Văn bản quy định hết hiệu lực,False,True,False,,"Nghị quyết số 22/2024/NQ-HĐND Bãi bỏ Nghị quyết số 07/2020/NQ-HĐND ngày 11 tháng 6 năm 2020 của Hội đồng nhân dân tỉnh Quy định giá dịch vụ khám bệnh, chữa bệnh không thuộc phạm vi thanh toán của Quỹ bảo hiểm y tế trong các cơ sở khám bệnh, chữa bệnh công lập trên địa bàn tỉnh"
bhyt,184708,25164,Căn cứ,True,False,False,"Nghị quyết số 57/2025/NQ-HĐND Quy định chính sách hỗ trợ mức đóng bảo hiểm y tế cho các nhóm đối tượng xã hội đang thường trú trên địa bàn thành phố Hải Phòng, giai đoạn 2026 - 2030",
bhyt,175447,175363,Căn cứ,True,False,False,Nghị quyết số 05/2025/NQ-HĐND Quy định chính sách hỗ trợ 100% mức đóng bảo hiểm y tế theo hộ gia đình đối với người từ đủ 60 tuổi đến dưới 75 tuổi thuộc hộ cận nghèo và hộ có mức sống trung bình theo chuẩn thành phố trên địa bàn thành phố Đà Nẵng,
bhyt,127616,70819,Căn cứ,True,False,False,Nghị quyết số 46/2017/NQ-HĐND Quy định mức hỗ trợ đóng bảo hiểm y tế cho hộ cận nghèo năm 2018 và người thuộc hộ nghèo đa chiều thiếu hụt các dịch vụ xã hội cơ bản khác (không thiếu hụt bảo hiểm y tế) giai đoạn 2017-2018 trên địa bàn tỉnh Ninh Thuận,
bhyt,146838,36793,Căn cứ,True,False,False,"Quyết định số Số: 03/2021/QĐ-UBND Quy định mức hỗ trợ đóng bảo hiểm y tế cho người thuộc hộ gia đình cận nghèo, người thuộc hộ gia đình làm nông nghiệp, lâm nghiệp, ngư nghiệp có mức sống trung bình và học sinh, sinh viên trên địa bàn tỉnh Điện Biên",
bhyt,38018,65812,"Văn bản HD, QĐ chi tiết",True,False,False,Nghị định số 105/2014/NĐ-CP Quy định chi tiết và hướng dẫn thi hành một số điều của Luật Bảo hiểm y tế,
bhyt,40357,40287,Căn cứ,True,False,False,Quyết định số 1005/QĐ-BHXH Về việc sửa đổi bổ sung một số điểm tại quy định về tổ chức thực hiện chế độ KCB bảo hiểm y tế ban hành kèm theo Quyết định số 2559/QĐ-BHXH ngày 27/9/2005 Của Tổng Giám đốc Bảo hiểm xã hội Việt Nam,
bhyt,157577,70807,Căn cứ,True,False,False,Nghị quyết số 304/2022/NQ-HĐND Quy định mức hỗ trợ đóng bảo hiểm y tế cho đối tượng thuộc hộ cận nghèo trên địa bàn tỉnh Thanh Hóa quý IV năm 2022,
bhyt,167234,36793,Căn cứ,True,False,False,"Nghị quyết số 05/2024/NQ-HĐND Sửa đổi khoản 1 Điều 1 Nghị quyết số 19/2022/NQ-HĐND ngày 09 tháng 12 năm 2022 của Hội đồng nhân dân tỉnh quy định mức hỗ trợ đóng bảo hiểm y tế cho người có uy tín trong đồng bào dân tộc thiểu số không thuộc đối tượng đã được ngân sách nhà nước đóng và hỗ trợ mức đóng bảo hiểm y tế trên địa bàn tỉnh Trà Vinh, giai đoạn 2023 - 2025",
bhyt,0a8e2230-8416-11f1-9514-8b59c2c56adf,8619b9a0-5e55-11f1-8e5a-2929924511d6,Căn cứ,False,True,False,,"Nghị định 02/2025/NĐ-CP Sửa đổi, bổ sung một số điều của nghị định số 146/2018/NĐ-CP ngày 17 tháng 10 năm 2018 của chính phủ quy định chi tiết và hướng dẫn biện pháp thi hành luật bảo hiểm y tể, đã được sửa đổi, bổ sung một số điều tại nghị định số 75/2023/NĐ-CP ngày 19 tháng 10 năm 2023 của chính phủ"
bhyt,183010,65845,Căn cứ,True,False,False,Nghị quyết số 31/2015/NQ-HĐND Quy định mức hỗ trợ kinh phí đóng bảo hiểm y tế cho một số đối tượng có hộ khẩu thường trú tại tỉnh Ninh Bình,
bhyt,179711,100567,Dẫn chiếu,True,False,False,Nghị định số 188/2025/NĐ-CP hướng dẫn Luật Bảo hiểm y tế,
bhyt,161822,147195,Căn cứ,True,False,False,"Quyết định số 38/2023/QĐ-UBND Sửa đổi, bổ sung một số điều của Quyết định số 36/2018/QĐ-UBND ngày 13/6/2018 của Ủy ban nhân dân tỉnh Thừa Thiên Huế quy định mức hỗ trợ kinh phí đóng bảo hiểm y tế và chi phí cùng chi trả đối với thuốc kháng vi rút HIV (ARV) cho người nhiễm HIV/AIDS trên địa bàn tỉnh Thừa Thiên Huế",
bhyt,84726d90-66ed-11f1-8735-f935ab579d34,85808,Bãi bỏ,True,False,True,Nghị quyết Quy định mức hỗ trợ chi phí tiêm phòng dại cho một số đối tượng trên địa bàn tỉnh Thái Nguyên,
bhyt,51097,23777,Căn cứ,True,False,False,"Nghị quyết số 52/2012/NQ-HĐND Về quy định mức trợ cấp ngày công lao động, hỗ trợ tiền ăn cho lực lượng dân quân khi thực hiện nhiệm vụ và chế độ bảo hiểm y tế cho lực lượng dân quân thường trực trên địa bàn tỉnh Quảng Nam",
bhyt,156404,139878,Căn cứ,True,False,False,"Quyết định số 49/2022/QĐ-UBND Quy định mức giá dịch vụ xét nghiệm SARS-CoV-2 trong trường hợp không thuộc phạm vi thanh toán của Quỹ bảo hiểm y tế tại các cơ sở khám bệnh, chữa bệnh công lập thuộc tỉnh Ninh Thuận",
"bhyt,vien_phi",155057,32610,Căn cứ,True,False,False,"Quyết định số 10/2022/QĐ-UBND Về sửa đổi, bổ sung Quyết định 56/2019/QĐ-UBND ngày 31 tháng 12 năm 2019 của Ủy ban nhân dân tỉnh Hà Nam về quy định mức giá dịch vụ khám bệnh, chữa bệnh không thuộc phạm vi thanh toán của Quỹ bảo hiểm y tế trong các cơ sở khám bệnh, chữa bệnh của Nhà nước thuộc địa phương quản lý trên địa bàn tỉnh Hà Nam",
bhyt,29217,18312,Căn cứ,True,False,False,Quyết định số 77/2006/QĐ-UBND Về việc phê duyệt đối tượng mua Bảo hiểm y tế người nghèo tinh Lào Cai năm 2006,
bhyt,181625,164868,"Sửa đổi, bổ sung",True,False,False,"Nghị quyết số 09/2025/NQ-HĐND Về việc sửa đổi khoản 1 Điều 1 Nghị quyết số 13/2023/NQ-HĐND ngày 14 tháng 12 năm 2023 của Hội đồng nhân dân tỉnh quy định mức hỗ trợ đóng bảo hiểm y tế cho đối tượng hộ cận nghèo trên địa bàn tỉnh Thanh Hóa, giai đoạn 2024 - 2025",
"bhyt,vien_phi",128645,141428,Văn bản quy định hết hiệu lực,False,True,False,,"Nghị quyết số 08/2019/NQ-HĐND Quy định giá dịch vụ khám bệnh, chữa bệnh không thuộc phạm vi thanh toán của Quỹ bảo hiểm y tế tại các cơ sở khám bệnh, chữa bệnh của Nhà nước do địa phương quản lý"
bhyt,173389,103581,Căn cứ,True,False,False,Nghị quyết số 42/2024/NQ-HĐND Về hỗ trợ chi phí mua thẻ bảo hiểm y tế cho người nhiễm HIV/AIDS và hỗ trợ chi phí cùng chi trả thuốc kháng vi rút HIV cho người nhiễm HIV/AIDS có thẻ bảo hiểm y tế trên địa bàn Thành phố Hồ Chí Minh,
bhyt,185356,70807,Căn cứ,True,False,False,Nghị quyết số '26/2025/NQ-HĐND Quy định mức hỗ trợ đóng bảo hiểm y tế cho một số đối tượng trên địa bàn thành phố Cần Thơ,
bhyt,28013,12326,Căn cứ,True,False,False,Thông tư số 178/2012/TT-BTC Hướng dẫn kế toán áp dụng cho Bảo hiểm xã hội Việt Nam,
bhyt,179244,166665,"Sửa đổi, bổ sung",True,False,False,"Thông tư số 15/2025/TT-BYT quy định về phân cấp, phân định thẩm quyền của chính quyền địa phương 02 cấp trong lĩnh vực y, dược cổ truyền do Bộ trưởng Bộ Y tế ban hành",
bhyt,179711,168904,Dẫn chiếu,True,False,False,Nghị định số 188/2025/NĐ-CP hướng dẫn Luật Bảo hiểm y tế,
bhyt,158729,146383,Căn cứ,True,False,False,Quyết định số 81/2022/QĐ-UBND Quy định mức hỗ trợ đóng bảo hiểm y tế cho người thuộc hộ gia đình cận nghèo giai đoạn 2023-2025 trên địa bàn tỉnh Ninh Thuận,
bhyt,133877,86942,Căn cứ,True,False,False,Quyết định số 33/2018/QĐ-UBND Phân cấp thẩm quyền cấp mới thẻ Bảo hiểm y tế và trợ cấp tiền mai táng phí đối với người tham gia kháng chiến thuộc phạm vi quản lý của tỉnh Ninh Bình,
bhyt,89902,30863,Văn bản dẫn chiếu,True,False,False,"Quyết định 5063/QĐ-UBND về Kế hoạch thực hiện Bảo hiểm y tế toàn dân trên địa bàn Thành phố Hồ Chí Minh, giai đoạn 2012 - 2015 và giai đoạn 2016 - 2020",
bhyt,0682b030-84d3-11f1-8e08-0594f352574d,135466,Căn cứ,True,True,False,Nghị quyết số 60/2026/NQ-HĐND Quy định mức hỗ trợ đóng bảo hiểm y tế trên địa bàn tỉnh Quảng Ngãi,"Thông tư số 27/2018/TT-BYT Hướng dẫn thực hiện bảo hiểm y tế và khám bệnh, chữa bệnh liên quan đến HIV/AIDS"
bhyt,180170,36793,Căn cứ,True,False,False,"Nghị quyết số 08/2025/NQ-HĐND Quy định chính sách hỗ trợ thêm mức đóng bảo hiểm y tế cho một số đối tượng trên địa bàn tỉnh Nghệ An, giai đoạn 2026 – 2030",
bhyt,158024,139878,Căn cứ,True,False,False,Nghị quyết số 26/2022/NQ-HĐND Quy định mức hỗ trợ đóng bảo hiểm y tế cho người thuộc hộ gia đình cận nghèo giai đoạn 2023-2025 trên địa bàn tỉnh Ninh Thuận,
bhyt,177832,12326,Căn cứ,True,False,False,"Thông tư số 99/2024/TT-BCA Quy định đăng ký khám bệnh, chữa bệnh bảo hiểm y tế ban đầu và chuyển người bệnh giữa các cơ sở khám bệnh, chữa bệnh thuộc Bộ Công an",
bhyt,117674,26353,"Quy định chi tiết, hướng dẫn thi hành",True,False,False,"Nghị định số 21/2016/NĐ-CP Quy định việc thực hiện chức năng thanh tra chuyên ngành về đóng bảo hiểm xã hội, bảo hiểm thất nghiệp, bảo hiểm y tế của cơ quan bảo hiểm xã hội",
bhyt,115952,70819,Căn cứ,True,False,False,"Quyết định số 57/2016/QĐ-UBND Về việc bãi bỏ Quyết định số 50/2015/QĐ-UBND ngày 12 tháng 8 năm 2015 của Ủy ban nhân dân tỉnh ban hành Quy định giải quyết thủ tục hành chính theo cơ chế một cửa thuộc lĩnh vực hộ tịch; một cửa liên thông thuộc lĩnh vực hộ tịch, cấp thẻ bảo hiểm y tế và đăng ký, quản lý cư trú tại Ủy ban nhân dân xã, phường, thị trấn trên địa bàn tỉnh Ninh Thuận",
bhyt,100729,12326,Căn cứ,True,False,False,"Quyết định số 2583/2014/QĐ-UBND Về việc ban hành Quy chế phối hợp công tác thực hiện pháp luật về bảo hiểm xã hội, bảo hiểm y tế, bảo hiểm thất nghiệp",
bhyt,113486,38018,Căn cứ,False,True,False,,Nghị định số 105/2014/NĐ-CP Quy định chi tiết và hướng dẫn thi hành một số điều của Luật Bảo hiểm y tế
bhyt,157778,12326,Căn cứ,True,False,False,Nghị quyết số 105/2022/NQ-HĐND Quy định mức hỗ trợ đóng bảo hiểm y tế cho nhóm đối tượng trên địa bàn tỉnh Nam Định,
bhyt,40977,24584,"Quy định chi tiết, hướng dẫn thi hành",True,False,False,"Quyết định số 82/QĐ-BHXH Ban hành quy định về tổ chức thực hiện hợp đồng khám chữa bệnh, giám định chi trả chi phí khám, chữa bệnh, quản lý và sử dụng quỹ bảo hiểm ý tế",
bhyt,115018,38018,Căn cứ,False,True,False,,Nghị định số 105/2014/NĐ-CP Quy định chi tiết và hướng dẫn thi hành một số điều của Luật Bảo hiểm y tế
bhyt,106259,12326,Căn cứ,True,False,False,Quyết định số 08/2016/QĐ-UBND Về việc quy định mức hỗ trợ đóng bảo hiểm y tế cho hộ cận nghèo trên địa bàn tỉnh Ninh Thuận năm 2016,
bhyt,115952,103581,Căn cứ,True,False,False,"Quyết định số 57/2016/QĐ-UBND Về việc bãi bỏ Quyết định số 50/2015/QĐ-UBND ngày 12 tháng 8 năm 2015 của Ủy ban nhân dân tỉnh ban hành Quy định giải quyết thủ tục hành chính theo cơ chế một cửa thuộc lĩnh vực hộ tịch; một cửa liên thông thuộc lĩnh vực hộ tịch, cấp thẻ bảo hiểm y tế và đăng ký, quản lý cư trú tại Ủy ban nhân dân xã, phường, thị trấn trên địa bàn tỉnh Ninh Thuận",
bhyt,102592,17855,Căn cứ,True,False,False,Quyết định số 45/2012/QĐ-UBND Ban hành Đề án Hỗ trợ kinh phí mua thẻ bảo hiểm y tế cho hộ gia đình cận nghèo trên địa bàn tỉnh Ninh Thuận giai đoạn 2012 - 2015,
"bhyt,vien_phi",185924,172699,Căn cứ,True,False,False,"Nghị quyết số 50/2025/NQ-HĐND Sửa đổi, bổ sung một số điều của Nghị quyết số 28/2024/NQ-HĐND ngày 31 tháng 12 năm 2024 của Hội đồng nhân dân tỉnh quy định giá dịch vụ khám bệnh, chữa bệnh do quỹ bảo hiểm y tế thanh toán; giá dịch vụ khám bệnh, chữa bệnh do ngân sách nhà nước thanh toán; giá dịch vụ khám bệnh, chữa bệnh không thuộc danh mục do quỹ bảo hiểm y tế thanh toán mà không phải là dịch vụ khám bệnh, chữa bệnh theo yêu cầu đối với các cơ sở khám bệnh, chữa bệnh của Nhà nước thuộc tỉnh Lạng Sơn quản lý",
bhyt,5326,10420,Căn cứ,True,False,False,Quyết định số 449/1997/QĐ-UB Về việc ban hành bản quy chế làm việc của Hội đồng quản trị Bảo hiểm y tế tỉnh.,
bhyt,21013,22840,Căn cứ,True,False,False,"Lệnh số 07/2003/L-CTN Về việc công bố Pháp lệnh Hành nghề y, dược tư nhân",
bhyt,100729,24549,Dẫn chiếu,True,False,False,"Quyết định số 2583/2014/QĐ-UBND Về việc ban hành Quy chế phối hợp công tác thực hiện pháp luật về bảo hiểm xã hội, bảo hiểm y tế, bảo hiểm thất nghiệp",
bhyt,187533,179427,Căn cứ,True,False,False,Nghị quyết số 09/2026/NQ-HĐND Quy định mức hỗ trợ đóng bảo hiểm y tế cho một số đối tượng trên địa bàn tỉnh Điện Biên,
bhyt,79219,11735,Căn cứ,True,False,False,"Quyết định số 76/2014/QĐ-UBND Ban hành Quy định quản lý, cấp phát thẻ bảo hiểm y tế cho đối tượng Ngân sách nhà nước đảm bảo toàn bộ hoặc một phần kinh phí áp dụng trên địa bàn tỉnh Hà Tĩnh",
bhyt,113306,70819,Căn cứ,True,False,False,"Quyết định số 02/2016/QĐ-UBND Về việc ban hành Quy chế phối hợp thực hiện liên thông các thủ tục hành chính về đăng ký khai sinh, đăng ký thường trú, cấp thẻ bảo hiểm y tế cho trẻ em dưới 6 tuổi trên địa bàn tỉnh Trà Vinh",
bhyt,185176,179711,Căn cứ,False,True,False,,Nghị định số 188/2025/NĐ-CP hướng dẫn Luật Bảo hiểm y tế
bhyt,155274,153632,Căn cứ,True,False,False,Nghị quyết số 32/2022/NQ-HĐND Quy định mức giá dịch vụ xét nghiệm SARS-CoV-2 đối với trường hợp không thuộc phạm vi thanh toán của Quỹ bảo hiểm y tế trên địa bàn tỉnh Vĩnh Long,
bhyt,166928,25170,Căn cứ,True,False,False,Nghị quyết số 288/2022/NQ-HĐND Quy định mức giá dịch vụ xét nghiệm SARS-CoV-2 (chưa bao gồm sinh phẩm xét nghiệm phản ứng) do cơ sở y tế của Nhà nước thực hiện không thuộc phạm vi thanh toán của Quỹ bảo hiểm y tế trên địa bàn tỉnh Thanh Hoá,
bhyt,155518,70800,Căn cứ,True,False,False,Nghị quyết số 10/2022/NQ-HĐND Quy định mức giá dịch vụ xét nghiệm SARS-CoV-2 bao gồm chi phí trực tiếp và chi phí tiền lương (chưa bao gồm sinh phẩm xét nghiệm phản ứng) trong trường hợp không thuộc phạm vi thanh toán của Quỹ bảo hiểm y tế trên địa bàn tỉnh An Giang,
bhyt,153950,70819,Căn cứ,True,False,False,Nghị quyết số 13/2022/NQ-HĐND Quy định giá dịch vụ xét nghiệm SARS-CoV-2 không thuộc phạm vi thanh toán của Quỹ bảo hiểm y tế trong các cơ sở khám chữa bệnh của Nhà nước thuộc phạm vi quản lý của tỉnh Nam Định,
bhyt,155298,27624,Căn cứ,True,False,False,"Nghị quyết số 65/2022/NQ-HĐND Quy định mức giá dịch vụ xét nghiệm SARS-CoV-2 không thuộc phạm vi thanh toán của Quỹ bảo hiểm y tế (chưa bao gồm chi phí sinh phẩm xét nghiệm SARS-CoV-2) tại cơ sở khám bệnh, chữa bệnh của Nhà nước trên địa bàn tỉnh Hà Tĩnh",
bhyt,c55da810-6b93-11f1-ae50-93204d3d31ff,175261,Căn cứ,True,False,False,"Thông tư số 116/2025/TT-BTC Hướng dẫn thực hiện cơ chế tài chính về bảo hiểm xã hội, bảo hiểm thất nghiệp, bảo hiểm y tế; chi tổ chức và hoạt động bảo hiểm xã hội, bảo hiểm thất nghiệp, bảo hiểm y tế",
bhyt,173389,147119,Căn cứ,True,False,False,Nghị quyết số 42/2024/NQ-HĐND Về hỗ trợ chi phí mua thẻ bảo hiểm y tế cho người nhiễm HIV/AIDS và hỗ trợ chi phí cùng chi trả thuốc kháng vi rút HIV cho người nhiễm HIV/AIDS có thẻ bảo hiểm y tế trên địa bàn Thành phố Hồ Chí Minh,
bhyt,179920,172923,Căn cứ,True,True,False,"Nghị quyết số 19/2025/NQ-HĐND Quy định nội dung, mức hỗ trợ đóng bảo hiểm xã hội tự nguyện, bảo hiểm y tế cho các đối tượng chính sách xã hội của thành phố Hà Nội (Thực hiện điểm a, điểm b khoản 3, khoản 4 Điều 27 Luật Thủ đô)",Luật Bảo hiểm y tế sửa đổi 2024 số Luật số 51/2024/QH15
"bhyt,vien_phi",174274,172699,Căn cứ,True,False,False,"Nghị quyết số 41/2024/NQ-HĐND Bãi bỏ Nghị quyết số 26/2024/NQ-HĐND ngày 31 tháng 5 năm 2024 của Hội đồng nhân dân tỉnh quy định giá dịch vụ khám bệnh, chữa bệnh không thuộc danh mục do Quỹ bảo hiểm y tế thanh toán mà không phải là dịch vụ khám bệnh, chữa bệnh theo yêu cầu đối với các cơ sở khám bệnh, chữa bệnh của Nhà nước thuộc tỉnh Thanh Hóa quản lý",
"bhyt,vien_phi",173768,139878,Căn cứ,True,False,False,"Nghị quyết số 114/2024/NQ-HĐND Bãi bỏ Nghị quyết số 23/2024/NQ-HĐND ngày 06 tháng 5 năm 2024 của HĐND tỉnh Bắc Giang quy định mức giá dịch vụ khám bệnh, chữa bệnh không thuộc phạm vi thanh toán của Quỹ bảo hiểm y tế trong các cơ sở khám bệnh, chữa bệnh của Nhà nước trên địa bàn tỉnh Bắc Giang",
bhyt,10102,10323,"Quy định chi tiết, hướng dẫn thi hành",True,False,False,Thông tư liên tịch số 15/TTLB Hướng dẫn thi hành Nghị định số 47-CP ngày 6/6/94 của Chính phủ sửa đổi một số điều của Điều lệ Bảo hiểm y tế,
bhyt,173888,166391,Căn cứ,True,False,False,Quyết định số 134/2024/QĐ-UBND Bãi bỏ Quyết định số 51/2015/QĐ-UBND ngày 13 tháng 11 năm 2015 của Ủy ban nhân dân Thành phố Hồ Chí Minh về ban hành quy trình thực hiện cấp thẻ Bảo hiểm y tế cho các đối tượng bảo trợ xã hội tại cộng đồng trên địa bàn Thành phố Hồ Chí Minh,
bhyt,185037,161414,Thay thế,True,False,True,"Nghị quyết số 57/2025/NQ-HĐND Quy định chính sách hỗ trợ mức đóng bảo hiểm y tế cho các nhóm đối tượng xã hội đang thường trú trên địa bàn thành phố Hải Phòng, giai đoạn 2026 - 2030",
bhyt,28001050-7b7c-11f1-9c9a-857c170a090b,172923,Căn cứ,False,True,False,,Luật Bảo hiểm y tế sửa đổi 2024 số Luật số 51/2024/QH15
vien_phi,45773,5542,Căn cứ,True,False,False,"Quyết định số 1169/QĐ-UBND Về giá thu một phần viện phí, lệ phí tại các cơ sở y tế",
"bhyt,vien_phi",173621,168125,Căn cứ,True,False,False,"Nghị quyết số 40/2024/NQ-HĐND Bãi bỏ Nghị quyết số 01/2024/NQ-HĐND ngày 19 tháng 01 năm 2024 của Hội đồng nhân dân tỉnh Đồng Nai quy định giá dịch vụ khám bệnh, chữa bệnh không thuộc phạm vi thanh toán của Quỹ bảo hiểm y tế trong các cơ sở khám bệnh, chữa bệnh của Nhà nước trên địa bàn tỉnh Đồng Nai",
"bhyt,vien_phi",173398,70800,Căn cứ,True,False,False,"Nghị quyết số 09/2024/NQ-HĐND Bãi bỏ Nghị quyết số 19/2023/NQ-HĐND ngày 12 tháng 12 năm 2023 của Hội đồng nhân dân tỉnh quy định mức giá dịch vụ khám bệnh, chữa bệnh không thuộc phạm vi thanh toán của Quỹ bảo hiểm y tế mà không phải dịch vụ khám bệnh chữa bệnh theo yêu cầu tại các cơ sở khám bệnh, chữa bệnh của Nhà nước thuộc tỉnh Phú Thọ quản lý",
bhyt,186614,179711,Căn cứ,False,True,False,,Nghị định số 188/2025/NĐ-CP hướng dẫn Luật Bảo hiểm y tế
bhyt,109324,4120,Căn cứ,True,True,False,Thông tư liên tịch số 07/2002/TTLT-BTC-BYT Sửa đổi bổ sung một số điều của thông tư liên tịch số 151/1998 TTlT - BTC - BYT ngày 20/11/1998 của Liên bộ Tài chính và Bộ y tế hướng dẫn chế độ quản lý tài chính quỹ bảo hiểm y tế,Thông tư liên tịch số 151/1998/TTLT-BTC-BYT Thông tư hướng dẫn chế độ quản lý tài chính quỹ bảo hiểm y tế
bhyt,113306,113057,Văn bản căn cứ,True,False,False,"Quyết định số 02/2016/QĐ-UBND Về việc ban hành Quy chế phối hợp thực hiện liên thông các thủ tục hành chính về đăng ký khai sinh, đăng ký thường trú, cấp thẻ bảo hiểm y tế cho trẻ em dưới 6 tuổi trên địa bàn tỉnh Trà Vinh",
bhyt,12326,179711,"Văn bản HD, QĐ chi tiết",False,True,False,,Nghị định số 188/2025/NĐ-CP hướng dẫn Luật Bảo hiểm y tế
bhyt,14461,40940,"Văn bản HD, QĐ chi tiết",False,True,False,,"Quyết định số 1111/QĐ-BHXH Về việc ban hành Quy định quản lý thu bảo hiểm xã hội, bảo hiểm y tế; quản lý sổ bảo hiểm xã hội, thẻ bảo hiểm y tế"
"bhyt,vien_phi",141832,26742,Căn cứ,True,False,False,"Quyết định số 10/2020/QĐ-UBND Bãi bỏ Quyết định số 74/2017/QĐ-UBND ngày 01 tháng 9 năm 2017 của Ủy ban nhân dân tỉnh về việc quy định mức giá dịch vụ khám bệnh, chữa bệnh không thuộc phạm vi thanh toán của Quỹ bảo hiểm y tế tại các cơ sở y tế công lập thuộc tỉnh Thừa Thiên Huế",
bhyt,181847,93200,Thay thế,True,False,True,"Nghị định số 233/2025/NĐ-CP Quy định cơ chế tài chính về bảo hiểm xã hội, bảo hiểm thất nghiệp, bảo hiểm y tế; chi tổ chức và hoạt động bảo hiểm xã hội, bảo hiểm thất nghiệp, bảo hiểm y tế",
bhyt,84439,17141,Dẫn chiếu,True,False,False,"Quyết định số 30/2014/QĐ-UBND Ban hành quy định việc quản lý, cấp phát thẻ Bảo hiểm y tế cho các đối tượng được ngân sách Nhà nước đóng, hỗ trợ tiền đóng Bảo hiểm y tế trên địa bàn tỉnh Bình Thuận",
bhyt,a58d0900-6ae3-11f1-9463-4ba9a7c0cbbb,179427,Căn cứ,True,False,False,"Nghị quyết số 17/2026/NQ-HĐND Sửa đổi, bổ sung một số điều của nghị quyết số 19/2025/NQ-HĐND ngày 09 tháng 7 năm 2025 của Hội đồng nhân dân thành phố Hà Nội quy định nội dung, mức hỗ trợ đóng bảo hiểm xã hội, bảo hiểm y tế cho các đối tượng chính sách xã hội của thành phố Hà Nội",
"bhyt,vien_phi",148465,132188,Căn cứ,True,False,False,"Thông tư số 04/2021/TT-BYT hướng dẫn thanh toán chi phí khám bệnh, chữa bệnh bảo hiểm y tế theo định suất",
bhyt,144205,12326,Căn cứ,True,False,False,"Thông tư số 13/2020/TT-BYTT Sửa đổi, bổ sung một số điều của Thông tư số 35/2016/TT-BYT ngày 28 tháng 9 năm 2016 của Bộ trưởng Bộ Y tế ban hành Danh mục và tỷ lệ, điều kiện thanh toán đối với dịch vụ kỹ thuật y tế thuộc phạm vi được hưởng của người tham gia bảo hiểm y tế",
bhyt,127519,70807,Căn cứ,True,False,False,Quyết định số Số: 10/2018/QĐ-UBND Quy định mức hỗ trợ đóng bảo hiểm y tế cho người thuộc hộ gia đình nghèo đa chiều thiếu hụt dịch vụ xã hội cơ bản khác (không bị thiếu hụt bảo hiểm y tế) trên địa bàn tỉnh Điện Biên,
bhyt,36793,172923,Văn bản sửa đổi,False,True,False,,Luật Bảo hiểm y tế sửa đổi 2024 số Luật số 51/2024/QH15
bhyt,167307,173064,Văn bản quy định hết hiệu lực,False,True,False,,"Nghị quyết số 31/2024/NQ-HĐND Về việc bãi bỏ Nghị quyết số 04/2024/NQ-HĐND ngày 21 tháng 5 năm 2024 của Hội đồng nhân dân tỉnh quy định giá cụ thể dịch vụ khám bệnh, chữa bệnh không thuộc danh mục do quỹ bảo hiểm y tế thanh toán mà không phải là dịch vụ khám bệnh, chữa bệnh theo yêu cầu đối với các cơ sở khám bệnh, chửa bệnh của Nhà nước trên địa bàn tỉnh Long An"
"bhyt,vien_phi",173398,168128,"Quy định chi tiết, hướng dẫn thi hành",True,False,False,"Nghị quyết số 09/2024/NQ-HĐND Bãi bỏ Nghị quyết số 19/2023/NQ-HĐND ngày 12 tháng 12 năm 2023 của Hội đồng nhân dân tỉnh quy định mức giá dịch vụ khám bệnh, chữa bệnh không thuộc phạm vi thanh toán của Quỹ bảo hiểm y tế mà không phải dịch vụ khám bệnh chữa bệnh theo yêu cầu tại các cơ sở khám bệnh, chữa bệnh của Nhà nước thuộc tỉnh Phú Thọ quản lý",
bhyt,158024,70807,Căn cứ,True,False,False,Nghị quyết số 26/2022/NQ-HĐND Quy định mức hỗ trợ đóng bảo hiểm y tế cho người thuộc hộ gia đình cận nghèo giai đoạn 2023-2025 trên địa bàn tỉnh Ninh Thuận,
bhyt,138637,25170,Căn cứ,True,False,False,Nghị quyết số 15/2019/NQ-HĐND Về việc quy định mức giá dịch vụ khám chữa bệnh không thuộc phạm vi thanh toán của Quỹ Bảo hiểm y tế trên địa bàn tỉnh Bến Tre,
bhyt,171713,128250,"Quy định chi tiết, hướng dẫn thi hành",True,False,False,"Thông tư 37/2024/TT-BYT quy định nguyên tắc, tiêu chí xây dựng, cập nhật, ghi thông tin, cấu trúc danh mục và hướng dẫn thanh toán đối với thuốc hóa dược, sinh phẩm, thuốc phóng xạ và chất đánh dấu thuộc phạm vi được hưởng của người tham gia bảo hiểm y tế do Bộ trưởng Bộ Y tế ban hành",
bhyt,21163,24218,Căn cứ,True,False,False,Quyết định số 900/QĐ-CT Về việc quy định tạm thời mức thu các Dịch vụ kỹ thuật phục hồi chức năng được bảo hiểm y tế thanh toán,
bhyt,40940,12326,Căn cứ,True,False,False,"Quyết định số 1111/QĐ-BHXH Về việc ban hành Quy định quản lý thu bảo hiểm xã hội, bảo hiểm y tế; quản lý sổ bảo hiểm xã hội, thẻ bảo hiểm y tế",
bhyt,167234,12326,Căn cứ,True,False,False,"Nghị quyết số 05/2024/NQ-HĐND Sửa đổi khoản 1 Điều 1 Nghị quyết số 19/2022/NQ-HĐND ngày 09 tháng 12 năm 2022 của Hội đồng nhân dân tỉnh quy định mức hỗ trợ đóng bảo hiểm y tế cho người có uy tín trong đồng bào dân tộc thiểu số không thuộc đối tượng đã được ngân sách nhà nước đóng và hỗ trợ mức đóng bảo hiểm y tế trên địa bàn tỉnh Trà Vinh, giai đoạn 2023 - 2025",
bhyt,267ffff0-6647-11f1-b01e-8bc328b4d0e9,168128,Căn cứ,True,False,False,Nghị quyết số 14/2026/NQ-HĐND Nghị quyết quy định chính sách hỗ trợ an sinh xã hội cho người dân thủ đô,
bhyt,173743,170583,Căn cứ,True,False,False,"Nghị quyết số 118/2024/NQ-HĐND Bãi bỏ Nghị quyết số 32/2024/NQ-HĐND ngày 11 tháng 7 năm 2024 của Hội đồng nhân dân tỉnh quy định giá cụ thể dịch vụ khám bệnh, chữa bệnh không thuộc phạm vi thanh toán của Quỹ bảo hiểm y tế nhưng không phải là đối tượng khám chữa bệnh theo yêu cầu trong các cơ sở khám bệnh, chữa bệnh của Nhà nước trên địa bàn tỉnh Kon Tum",
"bhyt,vien_phi",175644,70819,Căn cứ,True,False,False,"Nghị quyết số 01/2025/NQ-HĐND bãi bỏ Nghị quyết số 01/2024/NQ-HĐND ngày 31 tháng 01 năm 2024 của HĐND tỉnh Ninh Bình quy định mức giá dịch vụ khám bệnh, chữa bệnh không thuộc phạm vi thanh toán của quỹ Bảo hiểm y tế trong các cơ sở khám bệnh, chữa bệnh của Nhà nước trên địa bàn tỉnh Ninh Bình",
"bhyt,vien_phi",172675,168125,Căn cứ,True,False,False,"Nghị quyết số 21/2024/NQ-HĐND Bãi bỏ Nghị quyết số 124/2019/NQ-HĐND ngày 13 tháng 12 năm 2019 của Hội đồng nhân dân tỉnh Quy định mức giá dịch vụ khám bệnh, chữa bệnh tại các cơ sở khám bệnh, chữa bệnh của Nhà nước trên địa bàn tỉnh Bà Rịa - Vũng Tàu không thuộc phạm vi thanh toán của Quỹ bảo hiểm y tế và nguyên tắc áp dụng giá khám bệnh, chữa bệnh trong một số trường hợp",
bhyt,152757,12326,Căn cứ,True,False,False,Nghị quyết số Số: 04/2022/NQ-HĐND Quy định chính sách hỗ trợ bảo hiểm y tế đối với đồng bào dân tộc thiểu số trên địa bàn tỉnh Quảng Nam giai đoạn 2022 - 2025,
bhyt,110946,38018,Dẫn chiếu,False,True,False,,Nghị định số 105/2014/NĐ-CP Quy định chi tiết và hướng dẫn thi hành một số điều của Luật Bảo hiểm y tế
bhyt,54850,27117,Căn cứ,True,False,False,"Quyết định số 08/2015/QĐ-TTg Thí điểm về giao dịch điện tử trong việc thực hiện thủ tục tham gia bảo hiểm xã hội, bảo hiểm y tế, bảo hiểm thất nghiệp và đề nghị cấp sổ bảo hiểm xã hội, thẻ bảo hiểm y tế",
bhyt,79102,38018,Dẫn chiếu,False,True,False,,Nghị định số 105/2014/NĐ-CP Quy định chi tiết và hướng dẫn thi hành một số điều của Luật Bảo hiểm y tế
bhyt,146838,132188,Căn cứ,True,False,False,"Quyết định số Số: 03/2021/QĐ-UBND Quy định mức hỗ trợ đóng bảo hiểm y tế cho người thuộc hộ gia đình cận nghèo, người thuộc hộ gia đình làm nông nghiệp, lâm nghiệp, ngư nghiệp có mức sống trung bình và học sinh, sinh viên trên địa bàn tỉnh Điện Biên",
bhyt,0682b030-84d3-11f1-8e08-0594f352574d,136584,Thay thế,True,False,True,Nghị quyết số 60/2026/NQ-HĐND Quy định mức hỗ trợ đóng bảo hiểm y tế trên địa bàn tỉnh Quảng Ngãi,
bhyt,88138,63866,Căn cứ,True,False,False,"Quyết định 11862/QĐ-UBND năm 2014 bãi bỏ Quyết định 02/2013/QĐ-UBND về Quy chế thực hiện cơ chế một cửa liên thông nhóm thủ tục hành chính thuộc lĩnh vực hộ tịch, bảo hiểm y tế và đăng ký, quản lý cư trú trên địa bàn Quận Bình Tân, thành phố Hồ Chí Minh",
"bhyt,vien_phi",174421,170581,Căn cứ,True,False,False,"Nghị quyết số 30/2024/NQ-HĐND Bãi bỏ Nghị quyết số 09/2019/NQ-HĐND ngày 06 tháng 12 năm 2019 của Hội đồng nhân dân tỉnh “về việc quy định mức giá dịch vụ khám bệnh, chữa bệnh không thuộc phạm vi thanh toán của Quỹ bảo hiểm y tế trong các cơ sở khám bệnh, chữa bệnh của Nhà nước trên địa bàn tỉnh Bạc Liêu”",
"bhyt,vien_phi",174415,167197,Căn cứ,True,False,False,"Nghị quyết số 01/2025/NQ-HĐND Bãi bỏ Nghị quyết số 12/2024/NQ-HĐND ngày 17 tháng 6 năm 2024 của Hội đồng nhân dân tỉnh quy định giá dịch vụ khám bệnh, chữa bệnh không thuộc phạm vi thanh toán của Quỹ Bảo hiểm y tế nhưng không phải là đối tượng khám bệnh, chữa bệnh theo yêu cầu tại các cơ sở khám bệnh, chữa bệnh công lập thuộc tỉnh Thừa Thiên Huế",
"bhyt,vien_phi",169332,168894,Căn cứ,True,False,False,"Nghị quyết số 06/2024/NQ-HĐND Về việc ban hành mức giá dịch vụ khám bệnh, chữa bệnh không thuộc phạm vi thanh toán của Quỹ bảo hiểm y tế mà không phải là dịch vụ khám bệnh, chữa bệnh theo yêu cầu tại các cơ sở khám bệnh, chữa bệnh của Nhà nước trên địa bàn tỉnh Khánh Hòa",
"bhyt,vien_phi",27f12c90-58e8-11f1-a671-8bd8cc508176,36793,Căn cứ,True,False,False,"Thông tư 12/2026/TT-BTC Quy định trình tự, thủ tục giám định chi phí khám bệnh, chữa bệnh bảo hiểm y tế, biểu mẫu tổng hợp thanh toán, quyết toán và biện pháp thi hành Nghị định số 188/2025/NĐ-CP ngày 01 tháng 7 năm 2025 của Chính phủ quy định chi tiết và hướng dẫn thi hành một số điều của Luật Bảo hiểm y tế",
bhyt,170853,12326,Căn cứ,True,False,False,"Nghị định số 63/2024/NĐ-CP Quy định việc thực hiện liên thông điện tử 02 nhóm thủ tục hành chính: Đăng ký khai sinh, đăng ký thường trú, cấp thẻ bảo hiểm y tế cho trẻ em dưới 6 tuổi; đăng ký khai tử, xóa đăng ký thường trú, giải quyết mai táng phí, tử tuất",
bhyt,87214,11130,Căn cứ,True,False,False,Thông tư liên tịch số 40/1998/TTLT-BGDĐT-BYT Về việc hướng dẫn bảo hiểm y tế học sinh,
bhyt,117045,185356,Văn bản quy định hết hiệu lực,False,True,False,,Nghị quyết số '26/2025/NQ-HĐND Quy định mức hỗ trợ đóng bảo hiểm y tế cho một số đối tượng trên địa bàn thành phố Cần Thơ
bhyt,157577,103581,Căn cứ,True,False,False,Nghị quyết số 304/2022/NQ-HĐND Quy định mức hỗ trợ đóng bảo hiểm y tế cho đối tượng thuộc hộ cận nghèo trên địa bàn tỉnh Thanh Hóa quý IV năm 2022,
bhyt,267ffff0-6647-11f1-b01e-8bc328b4d0e9,5cb1afe0-5f05-11f1-9481-57487a853907,Căn cứ,True,False,False,Nghị quyết số 14/2026/NQ-HĐND Nghị quyết quy định chính sách hỗ trợ an sinh xã hội cho người dân thủ đô,
bhyt,156969,113253,Căn cứ,True,False,False,Nghị quyết số 61/2022/NQ-HĐND Về việc Quy định hỗ trợ kinh phí đóng Bảo hiểm y tế đối với một số nhóm đối tượng có đăng ký thường trú trên địa bàn tỉnh Ninh Bình,
bhyt,155774,135466,Căn cứ,False,True,False,,"Thông tư số 27/2018/TT-BYT Hướng dẫn thực hiện bảo hiểm y tế và khám bệnh, chữa bệnh liên quan đến HIV/AIDS"
bhyt,183011,121438,Căn cứ,True,False,False,"Nghị quyết số 26/2017/NQ-HĐND Về việc sửa đổi, bổ sung Khoản 3 Điều 1 của Nghị quyết số 31/2015/NQ-HĐND ngày 10/12/2015 của Hội đồng nhân dân tỉnh Ninh Bình về việc hỗ trợ kinh phí đóng bảo hiểm y tế cho một số đối tượng có hộ khẩu thường trú tại tỉnh Ninh Bình",
bhyt,165832,139878,Căn cứ,True,False,False,"Quyết định số 48/2023/QĐ-UBND Bãi bỏ Quyết định số 42/2016/QĐ-UBND ngày 28 tháng 10 năm 2016 của Ủy ban nhân dân Thành phố ban hành Quy chế thực hiện liên thông thủ tục hành chính về đăng ký khai sinh, đăng ký thường trú, cấp thẻ bảo hiểm y tế cho trẻ em dưới 06 tuổi và đăng ký khai tử, xóa đăng ký thường trú trên địa bàn Thành phố Hồ Chí Minh",
bhyt,120345,22796,Dẫn chiếu,False,True,False,,Quyết định số 20/2002/QĐ-TTg Về việc chuyển Bảo hiểm Y tế Việt Nam sang Bảo hiểm Xã hội Việt Nam.
bhyt,146198,180170,Văn bản quy định hết hiệu lực,False,True,False,,"Nghị quyết số 08/2025/NQ-HĐND Quy định chính sách hỗ trợ thêm mức đóng bảo hiểm y tế cho một số đối tượng trên địa bàn tỉnh Nghệ An, giai đoạn 2026 – 2030"
bhyt,83c773d0-64b9-11f1-9b44-bbe6b0239ff6,172923,Căn cứ,True,True,False,Nghị quyết số 08/2026/NQ-HĐND Quy định mức hỗ trợ đóng bảo hiểm y tế cho người có uy tín trong đồng bào dân tộc thiểu số không thuộc đối tượng đã được ngân sách nhà nước đóng và hỗ trợ đóng bảo hiểm y tế trên địa bàn tỉnh An Giang,Luật Bảo hiểm y tế sửa đổi 2024 số Luật số 51/2024/QH15
"bhyt,vien_phi",173832,70800,Căn cứ,True,False,False,"Nghị quyết số 27/2024/NQ-HĐND Quy định giá dịch vụ khám bệnh, chữa bệnh thuộc danh mục do quỹ bảo hiểm y tế thanh toán; giá dịch vụ khám bệnh, chữa bệnh do ngân sách nhà nước thanh toán; giá dịch vụ khám bệnh, chữa bệnh không thuộc danh mục do quỹ bảo hiểm y tế thanh toán mà không phải là dịch vụ khám bệnh, chữa bệnh theo yêu cầu đối với các cơ sở khám bệnh, chữa bệnh của Nhà nước trên địa bàn tỉnh Bến Tre",
"bhyt,vien_phi",169332,115469,Căn cứ,True,False,False,"Nghị quyết số 06/2024/NQ-HĐND Về việc ban hành mức giá dịch vụ khám bệnh, chữa bệnh không thuộc phạm vi thanh toán của Quỹ bảo hiểm y tế mà không phải là dịch vụ khám bệnh, chữa bệnh theo yêu cầu tại các cơ sở khám bệnh, chữa bệnh của Nhà nước trên địa bàn tỉnh Khánh Hòa",
"bhyt,vien_phi",173101,70800,Căn cứ,True,False,False,"Nghị quyết số 22/2024/NQ-HĐND Bãi bỏ Nghị quyết số 07/2020/NQ-HĐND ngày 11 tháng 6 năm 2020 của Hội đồng nhân dân tỉnh Quy định giá dịch vụ khám bệnh, chữa bệnh không thuộc phạm vi thanh toán của Quỹ bảo hiểm y tế trong các cơ sở khám bệnh, chữa bệnh công lập trên địa bàn tỉnh",
"bhyt,vien_phi",173398,70800,"Quy định chi tiết, hướng dẫn thi hành",True,False,False,"Nghị quyết số 09/2024/NQ-HĐND Bãi bỏ Nghị quyết số 19/2023/NQ-HĐND ngày 12 tháng 12 năm 2023 của Hội đồng nhân dân tỉnh quy định mức giá dịch vụ khám bệnh, chữa bệnh không thuộc phạm vi thanh toán của Quỹ bảo hiểm y tế mà không phải dịch vụ khám bệnh chữa bệnh theo yêu cầu tại các cơ sở khám bệnh, chữa bệnh của Nhà nước thuộc tỉnh Phú Thọ quản lý",
bhyt,159113,25170,Căn cứ,True,False,False,Nghị quyết số 09/2022/NQ-HĐND Quy định giá dịch vụ xét nghiệm SARS-CoV-2 (chưa bao gồm chi phí sinh phẩm xét nghiệm) trong trường hợp không thuộc phạm vi thanh toán của Quỹ bảo hiểm y tế đối với các cơ sở y tế công lập trên địa bàn tỉnh Vĩnh Phúc,
bhyt,170853,46744,Căn cứ,True,False,False,"Nghị định số 63/2024/NĐ-CP Quy định việc thực hiện liên thông điện tử 02 nhóm thủ tục hành chính: Đăng ký khai sinh, đăng ký thường trú, cấp thẻ bảo hiểm y tế cho trẻ em dưới 6 tuổi; đăng ký khai tử, xóa đăng ký thường trú, giải quyết mai táng phí, tử tuất",
bhyt,48242,96394,Căn cứ,True,True,False,"Quyết định số 05/2015/QĐ-UBND Về việc thực hiện chế độ hỗ trợ bảo hiểm xã hội tự nguyện, bảo hiểm y tế cho công an viên và thôn, ấp, khu đội trưởng được bố trí ở thôn, ấp, khu phố trên địa bàn tỉnh Bà Rịa - Vũng Tàu","Nghị quyết số 42/2014/NQ-HDND Về việc phê duyệt chế độ hỗ trợ bảo hiểm xã hội tự nguyện, bảo hiểm y tế cho công an viên và thôn, ấp, khu đội trưởng được bố trí ở thôn, ấp, khu phố trên địa bàn tỉnh Bà Rịa - Vũng Tàu"
bhyt,110272,21892,Căn cứ,True,False,False,Thông tư liên tịch số 77/2003/TTLT-BTC-BYT hướng dẫn thực hiện bảo hiểm y tế tự nguyện,
bhyt,40940,14461,Căn cứ,True,False,False,"Quyết định số 1111/QĐ-BHXH Về việc ban hành Quy định quản lý thu bảo hiểm xã hội, bảo hiểm y tế; quản lý sổ bảo hiểm xã hội, thẻ bảo hiểm y tế",
bhyt,185152,172923,Căn cứ,False,True,False,,Luật Bảo hiểm y tế sửa đổi 2024 số Luật số 51/2024/QH15
"bhyt,vien_phi",173398,168125,Căn cứ,True,False,False,"Nghị quyết số 09/2024/NQ-HĐND Bãi bỏ Nghị quyết số 19/2023/NQ-HĐND ngày 12 tháng 12 năm 2023 của Hội đồng nhân dân tỉnh quy định mức giá dịch vụ khám bệnh, chữa bệnh không thuộc phạm vi thanh toán của Quỹ bảo hiểm y tế mà không phải dịch vụ khám bệnh chữa bệnh theo yêu cầu tại các cơ sở khám bệnh, chữa bệnh của Nhà nước thuộc tỉnh Phú Thọ quản lý",
bhyt,101359,119949,Văn bản quy định hết hiệu lực,False,True,False,,Nghị quyết số 70/2016/NQ-HĐND Quy định mức hỗ trợ đóng bảo hiểm y tế cho người thuộc hộ gia đình cận nghèo trên địa bàn tỉnh Ninh Thuận năm 2017
bhyt,159070,135133,Căn cứ,True,False,False,"Nghị quyết số 34/2022/NQ-HĐND Quy định việc hỗ trợ đóng bảo hiểm xã hội và bảo hiểm y tế cho ấp (khu) đội trưởng, người hoạt động không chuyên trách ở ấp, khu phố và người trực tiếp tham gia công việc ở ấp, khu phố trên địa bàn tỉnh Kiên Giang",
bhyt,74259,73977,Dẫn chiếu,True,False,False,"Quyết định số 16/2013/QĐ-UBND Về việc sửa đổi, bổ sung điểm c, khoản 2, Điều 1 Quy định phân cấp quản lý mua, cấp phát thẻ bảo hiểm y tế cho các đối tượng được ngân sách nhà nước đảm bảo trên địa bàn tỉnh Hòa Bình ban hành kèm theo Quyết định số 14/2012/QĐ-UBND ngày 19 tháng 9 năm 2012 của UBND tỉnh Hòa Bình",
bhyt,185204,179427,Căn cứ,True,False,False,"Nghị quyết số 91/2025/NQ-HĐND Quy định chính sách hỗ trợ đóng bảo hiểm y tế cho một số nhóm đối tượng trên địa bàn tỉnh Quảng Ninh, giai đoạn 2026-2030",
"bhyt,vien_phi",172424,168125,Căn cứ,True,False,False,"Nghị quyết số 49/2024/NQ-HĐND Bãi bỏ Nghị quyết số 32/2024/NQ-HĐND ngày 19/4/2024 của HĐND tỉnh quy định mức giá dịch vụ khám bệnh, chữa bệnh không thuộc phạm vi thanh toán của Quỹ Bảo hiểm y tế (nhưng không phải là dịch vụ khám bệnh, chữa bệnh của Nhà nước thuộc tỉnh Quảng Ninh quản lý)",
"bhyt,vien_phi",173768,167197,Căn cứ,True,False,False,"Nghị quyết số 114/2024/NQ-HĐND Bãi bỏ Nghị quyết số 23/2024/NQ-HĐND ngày 06 tháng 5 năm 2024 của HĐND tỉnh Bắc Giang quy định mức giá dịch vụ khám bệnh, chữa bệnh không thuộc phạm vi thanh toán của Quỹ bảo hiểm y tế trong các cơ sở khám bệnh, chữa bệnh của Nhà nước trên địa bàn tỉnh Bắc Giang",
bhyt,156169,115469,Căn cứ,True,False,False,"Nghị quyết số 12/2022/NQ-HĐND Quy định mức giá dịch vụ xét nghiệm SARS-CoV-2 trong trường hợp không thuộc phạm vi thanh toán của Quỹ bảo hiểm y tế tại các cơ sở khám bệnh, chữa bệnh công lập thuộc tỉnh Ninh Thuận",
bhyt,153950,70800,Căn cứ,True,False,False,Nghị quyết số 13/2022/NQ-HĐND Quy định giá dịch vụ xét nghiệm SARS-CoV-2 không thuộc phạm vi thanh toán của Quỹ bảo hiểm y tế trong các cơ sở khám chữa bệnh của Nhà nước thuộc phạm vi quản lý của tỉnh Nam Định,
bhyt,178011,36793,Căn cứ,True,False,False,Nghị quyết số 09/2025/NQ-HĐND Quy định mức hỗ trợ đóng bảo hiểm y tế cho một số đối tượng trên địa bàn tỉnh An Giang,
bhyt,40272,21892,"Quy định chi tiết, hướng dẫn thi hành",True,False,False,Quyết định số 2559/QĐ-BHXH Ban hành quy định về tổ chức thực hiện chế độ khám chữa bệnh bảo hiểm y tế,
bhyt,173922,168128,Căn cứ,True,False,False,"Nghị quyết số 32/2024/NQ-HĐND Quy định giá cụ thể dịch vụ khám bệnh, chữa bệnh do Quỹ bảo hiểm y tế thanh toán; giá cụ thể dịch vụ khám bệnh, chữa bệnh do ngân sách nhà nước thanh toán, giá cụ thể dịch vụ khám bệnh, chữa bệnh không thuộc danh mục do quỹ bảo hiểm y tế thanh toán mà không phải là dịch vụ khám bệnh, chữa bệnh theo yêu cầu đối với các cơ sở khám bệnh, chữa bệnh của Nhà nước trên địa bàn tỉnh Đắk Lắk",
bhyt,152757,166391,Căn cứ,True,False,False,Nghị quyết số Số: 04/2022/NQ-HĐND Quy định chính sách hỗ trợ bảo hiểm y tế đối với đồng bào dân tộc thiểu số trên địa bàn tỉnh Quảng Nam giai đoạn 2022 - 2025,
bhyt,179772,79102,Dẫn chiếu,True,False,False,"Thông tư số 63/2025/TT-BQP Quy định, hướng dẫn thực hiện một số điều của Nghị định số 70/2015/NĐ-CP ngày 01 tháng 9 năm 2015 của Chính phủ quy định chi tiết và hướng dẫn thi hành một số điều của Luật Bảo hiểm y tế đối với quân đội nhân dân, công an nhân dân và người làm công tác cơ yếu; Nghị định số 74/2025/NĐ-CP ngày 31 tháng 3 năm 2025 sửa đổi, bổ sung một số điều của Nghị định số 70/2015/NĐ-CP ngày 01 tháng 9 năm 2015 của Chính phủ",
bhyt,169585,70800,Căn cứ,True,False,False,Thông tư 08/2024/TT-BYT bãi bỏ một phần các văn bản quy phạm pháp luật do Bộ trưởng Bộ Y tế ban hành,
bhyt,138162,169585,Văn bản quy định hết hiệu lực 1 phần,False,True,False,,Thông tư 08/2024/TT-BYT bãi bỏ một phần các văn bản quy phạm pháp luật do Bộ trưởng Bộ Y tế ban hành
"bhyt,vien_phi",173856,185924,Văn bản bổ sung,False,True,False,,"Nghị quyết số 50/2025/NQ-HĐND Sửa đổi, bổ sung một số điều của Nghị quyết số 28/2024/NQ-HĐND ngày 31 tháng 12 năm 2024 của Hội đồng nhân dân tỉnh quy định giá dịch vụ khám bệnh, chữa bệnh do quỹ bảo hiểm y tế thanh toán; giá dịch vụ khám bệnh, chữa bệnh do ngân sách nhà nước thanh toán; giá dịch vụ khám bệnh, chữa bệnh không thuộc danh mục do quỹ bảo hiểm y tế thanh toán mà không phải là dịch vụ khám bệnh, chữa bệnh theo yêu cầu đối với các cơ sở khám bệnh, chữa bệnh của Nhà nước thuộc tỉnh Lạng Sơn quản lý"
bhyt,185524,179711,Căn cứ,True,True,False,"Nghị quyết số 818/2025/NQ-HĐND Quy định mức hỗ trợ từ ngân sách nhà nước đóng bảo hiểm y tế, bảo hiểm xã hội tự nguyện cho một số đối tượng trên địa bàn tỉnh Hưng Yên",Nghị định số 188/2025/NĐ-CP hướng dẫn Luật Bảo hiểm y tế
"bhyt,vien_phi",173621,167197,Căn cứ,True,False,False,"Nghị quyết số 40/2024/NQ-HĐND Bãi bỏ Nghị quyết số 01/2024/NQ-HĐND ngày 19 tháng 01 năm 2024 của Hội đồng nhân dân tỉnh Đồng Nai quy định giá dịch vụ khám bệnh, chữa bệnh không thuộc phạm vi thanh toán của Quỹ bảo hiểm y tế trong các cơ sở khám bệnh, chữa bệnh của Nhà nước trên địa bàn tỉnh Đồng Nai",
"bhyt,vien_phi",173398,166391,"Quy định chi tiết, hướng dẫn thi hành",True,False,False,"Nghị quyết số 09/2024/NQ-HĐND Bãi bỏ Nghị quyết số 19/2023/NQ-HĐND ngày 12 tháng 12 năm 2023 của Hội đồng nhân dân tỉnh quy định mức giá dịch vụ khám bệnh, chữa bệnh không thuộc phạm vi thanh toán của Quỹ bảo hiểm y tế mà không phải dịch vụ khám bệnh chữa bệnh theo yêu cầu tại các cơ sở khám bệnh, chữa bệnh của Nhà nước thuộc tỉnh Phú Thọ quản lý",
bhyt,129005,46744,"Quy định chi tiết, hướng dẫn thi hành",True,False,False,Thông tư số 56/2017/TT-BYT quy định chi tiết thi hành Luật bảo hiểm xã hội và Luật an toàn vệ sinh lao động thuộc lĩnh vực y tế,
bhyt,155147,12326,Căn cứ,True,False,False,"Quyết định số 18/2022/QĐ-UBND Ban hành Quy định đăng ký khám bệnh, chữa bệnh bảo hiểm y tế ban đầu và chuyển tuyến khám bệnh, chữa bệnh bảo hiểm y tế trên địa bàn tỉnh Ninh Thuận",
bhyt,124961,123510,Căn cứ,False,True,False,,Nghị quyết số 68/2017/NQ-HĐND Quy định mức hỗ trợ kinh phí đóng bảo hiểm y tế và chi phí cùng chi trả sử dụng thuốc kháng vi rút HIV đối với người nhiễm HIV/AIDS trên địa bàn tỉnh Điện Biên
bhyt,95267,80696,Văn bản căn cứ,True,False,False,"về ban hành Quy chế phối hợp công tác thực hiện pháp luật về bảo hiểm xã hội, bảo hiểm y tế, bảo hiểm thất nghiệp",
bhyt,a58d0900-6ae3-11f1-9463-4ba9a7c0cbbb,175440,Căn cứ,True,False,False,"Nghị quyết số 17/2026/NQ-HĐND Sửa đổi, bổ sung một số điều của nghị quyết số 19/2025/NQ-HĐND ngày 09 tháng 7 năm 2025 của Hội đồng nhân dân thành phố Hà Nội quy định nội dung, mức hỗ trợ đóng bảo hiểm xã hội, bảo hiểm y tế cho các đối tượng chính sách xã hội của thành phố Hà Nội",
bhyt,40940,11735,"Quy định chi tiết, hướng dẫn thi hành",True,False,False,"Quyết định số 1111/QĐ-BHXH Về việc ban hành Quy định quản lý thu bảo hiểm xã hội, bảo hiểm y tế; quản lý sổ bảo hiểm xã hội, thẻ bảo hiểm y tế",
bhyt,179920,169990,Căn cứ,True,False,False,"Nghị quyết số 19/2025/NQ-HĐND Quy định nội dung, mức hỗ trợ đóng bảo hiểm xã hội tự nguyện, bảo hiểm y tế cho các đối tượng chính sách xã hội của thành phố Hà Nội (Thực hiện điểm a, điểm b khoản 3, khoản 4 Điều 27 Luật Thủ đô)",
"bhyt,vien_phi",173621,165092,Bãi bỏ,True,False,True,"Nghị quyết số 40/2024/NQ-HĐND Bãi bỏ Nghị quyết số 01/2024/NQ-HĐND ngày 19 tháng 01 năm 2024 của Hội đồng nhân dân tỉnh Đồng Nai quy định giá dịch vụ khám bệnh, chữa bệnh không thuộc phạm vi thanh toán của Quỹ bảo hiểm y tế trong các cơ sở khám bệnh, chữa bệnh của Nhà nước trên địa bàn tỉnh Đồng Nai",
"bhyt,vien_phi",142680,103581,Căn cứ,True,False,False,"Quyết định số 12/2020/QĐ-UBND Bãi bỏ Quyết định số 51/2017/QĐ-UBND ngày 21/8/2017 của UBND tỉnh Quảng Ngãi Quy định mức giá dịch vụ khám bệnh, chữa bệnh không thuộc phạm vi thanh toán của Quỹ bảo hiểm y tế trong các cơ sở khám bệnh, chữa bệnh của Nhà nước thuộc tỉnh Quảng Ngãi quản lý",
bhyt,155518,139878,Căn cứ,True,False,False,Nghị quyết số 10/2022/NQ-HĐND Quy định mức giá dịch vụ xét nghiệm SARS-CoV-2 bao gồm chi phí trực tiếp và chi phí tiền lương (chưa bao gồm sinh phẩm xét nghiệm phản ứng) trong trường hợp không thuộc phạm vi thanh toán của Quỹ bảo hiểm y tế trên địa bàn tỉnh An Giang,
bhyt,136555,132188,Căn cứ,True,False,False,"Nghị quyết số 166/2019/NQ-HĐND Quy định mức hỗ trợ đóng bảo hiểm y tế cho người thuộc hộ gia đình cận nghèo, người thuộc hộ gia đình nghèo đa chiều không thiếu hụt về bảo hiểm y tế trên địa bàn tỉnh Đồng Nai giai đoạn 2019 - 2020",
bhyt,136555,12326,Căn cứ,True,False,False,"Nghị quyết số 166/2019/NQ-HĐND Quy định mức hỗ trợ đóng bảo hiểm y tế cho người thuộc hộ gia đình cận nghèo, người thuộc hộ gia đình nghèo đa chiều không thiếu hụt về bảo hiểm y tế trên địa bàn tỉnh Đồng Nai giai đoạn 2019 - 2020",
bhyt,179736,176042,Căn cứ,True,False,False,"Thông tư số 27/2025/TT-BYT quy định nguyên tắc, tiêu chí xây dựng, cập nhật, ghi thông tin, cấu trúc danh mục và hướng dẫn thanh toán đối với thuốc dược liệu, thuốc có kết hợp dược chất với các dược liệu, thuốc cổ truyền, dược liệu thuộc phạm vi được hưởng của người tham gia bảo hiểm y tế do Bộ trưởng Bộ Y tế ban hành",
bhyt,87214,11130,"Quy định chi tiết, hướng dẫn thi hành",True,False,False,Thông tư liên tịch số 40/1998/TTLT-BGDĐT-BYT Về việc hướng dẫn bảo hiểm y tế học sinh,
bhyt,127243,38018,Căn cứ,True,True,False,"Quyết định số 52/2017/QĐ-UBND Sửa đổi, bổ sung Quyết định số 52/2016/QĐ-UBND ngày 21/12/2016 của UBND tỉnh về việc hỗ trợ kinh phí đóng bảo hiểm y tế giai đoạn 2017-2020",Nghị định số 105/2014/NĐ-CP Quy định chi tiết và hướng dẫn thi hành một số điều của Luật Bảo hiểm y tế
bhyt,121926,38018,Căn cứ,False,True,False,,Nghị định số 105/2014/NĐ-CP Quy định chi tiết và hướng dẫn thi hành một số điều của Luật Bảo hiểm y tế
bhyt,181930,12326,Căn cứ,True,False,False,Nghị quyết số 17/2025/NQ-HĐND Ban hành Quy định mức hỗ trợ đóng bảo hiểm y tế đối với một số đối tượng trên địa bàn tỉnh Vĩnh Long,
"bhyt,vien_phi",172678,70800,Căn cứ,True,False,False,"Nghị quyết số 23/2024/NQ-HĐND Bãi bỏ toàn bộ Nghị quyết số 16/2022/NQ-HĐND ngày 09/12/2022 của Hội đồng nhân dân thành phố quy định mức giá dịch vụ khám bệnh, chữa bệnh không thuộc phạm vi thanh toán của Quỹ bảo hiểm y tế trong các cơ sở khám bệnh, chữa bệnh của Nhà nước thuộc thành phố Hải Phòng",
bhyt,176101,172699,Căn cứ,True,False,False,"Nghị quyết số 28/2024/NQ-HĐND Quy định giá cụ thể dịch vụ khám bệnh, chữa bệnh thuộc danh mục do quỹ bảo hiểm y tế thanh toán, giá cụ thể dịch vụ khám bệnh, chữa bệnh do ngân sách nhà nước thanh toán, giá cụ thể dịch vụ khám bệnh, chữa bệnh không thuộc danh mục do quỹ bảo hiểm y tế thanh toán mà không phải là dịch vụ khám bệnh, chữa bệnh theo yêu cầu đối với các cơ sở khám bệnh, chữa bệnh của Nhà nước trên địa bàn tỉnh Hà Nam quản lý thuộc phạm vi được phân quyền",
bhyt,152410,166391,Căn cứ,True,False,False,"Nghị quyết số 16/2021/NQ-HĐND Quy định mức hỗ trợ đóng bảo hiểm y tế từ ngân sách địa phương đối với người thuộc hộ gia đình làm nông nghiệp, lâm nghiệp, ngư nghiệp có mức sống trung bình và học sinh, sinh viên trên địa bàn tỉnh Kiên Giang",
"bhyt,vien_phi",27f12c90-58e8-11f1-a671-8bd8cc508176,181847,Căn cứ,True,True,False,"Thông tư 12/2026/TT-BTC Quy định trình tự, thủ tục giám định chi phí khám bệnh, chữa bệnh bảo hiểm y tế, biểu mẫu tổng hợp thanh toán, quyết toán và biện pháp thi hành Nghị định số 188/2025/NĐ-CP ngày 01 tháng 7 năm 2025 của Chính phủ quy định chi tiết và hướng dẫn thi hành một số điều của Luật Bảo hiểm y tế","Nghị định số 233/2025/NĐ-CP Quy định cơ chế tài chính về bảo hiểm xã hội, bảo hiểm thất nghiệp, bảo hiểm y tế; chi tổ chức và hoạt động bảo hiểm xã hội, bảo hiểm thất nghiệp, bảo hiểm y tế"
bhyt,179711,12326,Căn cứ,True,False,False,Nghị định số 188/2025/NĐ-CP hướng dẫn Luật Bảo hiểm y tế,
bhyt,89019,80764,Văn bản căn cứ,True,False,False,"Quyết định 1204/QĐ-UBND năm 2013 điều chỉnh mục tiêu kế hoạch thực hiện bảo hiểm y tế toàn dân trên địa bàn thành phố Hồ Chí Minh, giai đoạn 2012-2015 và giai đoạn 2016-2010 kèm theo Quyết định 5063/QĐ-UBND",
bhyt,144342,186050,Văn bản quy định hết hiệu lực,False,True,False,,Nghị quyết số 43/2025/NQ-HĐND Quy định mức hỗ trợ đóng bảo hiểm y tế cho các đối tượng được ngân sách nhà nước hỗ trợ mức đóng trên địa bàn tỉnh Đồng Tháp
bhyt,145285,140624,Căn cứ,False,True,False,,Thông tư số 30/2019/TT-BLĐTBXH Hướng dẫn lập danh sách đối tượng tham gia bảo hiểm y tế do Bộ Lao động - Thương binh và Xã hội quản lý
bhyt,83c773d0-64b9-11f1-9b44-bbe6b0239ff6,165887,Thay thế,True,False,True,Nghị quyết số 08/2026/NQ-HĐND Quy định mức hỗ trợ đóng bảo hiểm y tế cho người có uy tín trong đồng bào dân tộc thiểu số không thuộc đối tượng đã được ngân sách nhà nước đóng và hỗ trợ đóng bảo hiểm y tế trên địa bàn tỉnh An Giang,
bhyt,157873,166391,Căn cứ,True,False,False,Nghị quyết số 93/2022/NQ-HĐND Quy định chính sách hỗ trợ mua thẻ bảo hiểm y tế cho một số đối tượng tham gia bảo hiểm y tế trên địa bàn tỉnh Cao Bằng giai đoạn 2023-2025,
bhyt,10427,26100,"Văn bản HD, QĐ chi tiết",False,True,False,,"Quyết định số 02/2011/QĐ-TTg Sửa đổi khoản 1 điều 4 Quyết định số 87/2010/QĐ-TTg ngày 24 tháng 12 năm 2010 của Thủ tướng Chính phủ về việc cho doanh nghiệp, người lao động thuộc Tập đoàn Công nghiệp tàu thủy Việt Nam và Tổng công ty Hàng hải Việt Nam vay để chi trả nợ tiền lương, nợ bảo hiểm xã hội, bảo hiểm y tế, bảo hiểm thất nghiệp, trợ cấp thôi việc, trợ cấp mất việc làm, tạo việc làm, học nghề"
bhyt,185306,179427,Căn cứ,True,False,False,Nghị quyết số 75/2025/NQ-HĐND Quy định mức hỗ trợ đóng bảo hiểm y tế cho người bệnh phong tại Bệnh viện Bến Sắn; trẻ em và người có hoàn cảnh khó khăn trên địa bàn Thành phố Hồ Chí Minh,
bhyt,181930,119084,Căn cứ,True,False,False,Nghị quyết số 17/2025/NQ-HĐND Ban hành Quy định mức hỗ trợ đóng bảo hiểm y tế đối với một số đối tượng trên địa bàn tỉnh Vĩnh Long,
"bhyt,vien_phi",174421,139878,Căn cứ,True,False,False,"Nghị quyết số 30/2024/NQ-HĐND Bãi bỏ Nghị quyết số 09/2019/NQ-HĐND ngày 06 tháng 12 năm 2019 của Hội đồng nhân dân tỉnh “về việc quy định mức giá dịch vụ khám bệnh, chữa bệnh không thuộc phạm vi thanh toán của Quỹ bảo hiểm y tế trong các cơ sở khám bệnh, chữa bệnh của Nhà nước trên địa bàn tỉnh Bạc Liêu”",
bhyt,132858,32912,Căn cứ,True,False,False,"Quyết định số 51/2018/QĐ-TTg Về chi phí quản lý bảo hiểm xã hội, bảo hiểm thất nghiệp, bảo hiểm y tế giai đoạn 2019 - 2021",
bhyt,17462,17873,Căn cứ,False,True,False,,Quyết định số 196/2005/QĐ-TTg Về việc thành lập Vụ Bảo hiểm y tế thuộc Bộ Y tế
vien_phi,65855,23094,Căn cứ,True,False,False,Quyết định số 2758/QĐ-UBND V/v bổ sung danh mục và mức giá thu một phần viện phí Đo mật độ xương tại các cơ sở khám chữa bênh trên đia bàn tỉnh,
"bhyt,vien_phi",172978,166391,Căn cứ,True,False,False,"Nghị quyết số 111/2024/NQ-HĐND Bãi bỏ Nghị quyết số 78/2024/NQ-HĐND ngày 10 tháng 7 năm 2024 của Hội đồng nhân dân tỉnh Gia Lai quy định giá dịch vụ khám bệnh, chữa bệnh không thuộc phạm vi thanh toán của Quỹ Bảo hiểm y tế nhưng không phải là dịch vụ khám bệnh, chữa bệnh theo yêu cầu trong các cơ sở khám bệnh, chữa bệnh của Nhà nước thuộc tỉnh Gia Lai quản lý",
bhyt,74259,20068,Căn cứ,True,False,False,"Quyết định số 16/2013/QĐ-UBND Về việc sửa đổi, bổ sung điểm c, khoản 2, Điều 1 Quy định phân cấp quản lý mua, cấp phát thẻ bảo hiểm y tế cho các đối tượng được ngân sách nhà nước đảm bảo trên địa bàn tỉnh Hòa Bình ban hành kèm theo Quyết định số 14/2012/QĐ-UBND ngày 19 tháng 9 năm 2012 của UBND tỉnh Hòa Bình",
"bhyt,vien_phi",174415,167565,Căn cứ,True,False,False,"Nghị quyết số 01/2025/NQ-HĐND Bãi bỏ Nghị quyết số 12/2024/NQ-HĐND ngày 17 tháng 6 năm 2024 của Hội đồng nhân dân tỉnh quy định giá dịch vụ khám bệnh, chữa bệnh không thuộc phạm vi thanh toán của Quỹ Bảo hiểm y tế nhưng không phải là đối tượng khám bệnh, chữa bệnh theo yêu cầu tại các cơ sở khám bệnh, chữa bệnh công lập thuộc tỉnh Thừa Thiên Huế",
bhyt,145559,100567,Căn cứ,True,False,False,Nghị quyết số 332/2020/NQ-HĐND Quy định mức hỗ trợ từ ngân sách nhà nước đóng bảo hiểm y tế cho một số đối tượng trên địa bàn tỉnh Hưng Yên giai đoạn 2021 - 2025,
bhyt,187714,172923,Căn cứ,False,True,False,,Luật Bảo hiểm y tế sửa đổi 2024 số Luật số 51/2024/QH15
bhyt,158729,103581,Căn cứ,True,False,False,Quyết định số 81/2022/QĐ-UBND Quy định mức hỗ trợ đóng bảo hiểm y tế cho người thuộc hộ gia đình cận nghèo giai đoạn 2023-2025 trên địa bàn tỉnh Ninh Thuận,
bhyt,106346,67295,Căn cứ,False,True,False,,"Thông tư liên tịch số 05/2015/TTLT-BTP-BCA-BYT Hướng dẫn thực hiện liên thông các thủ tục hành chính về đăng ký khai sinh, đăng ký thường trú, cấp thẻ bảo hiểm y tế cho trẻ em dưới 6 tuổi"
bhyt,40977,24584,Căn cứ,True,False,False,"Quyết định số 82/QĐ-BHXH Ban hành quy định về tổ chức thực hiện hợp đồng khám chữa bệnh, giám định chi trả chi phí khám, chữa bệnh, quản lý và sử dụng quỹ bảo hiểm ý tế",
bhyt,157778,173640,Căn cứ,True,False,False,Nghị quyết số 105/2022/NQ-HĐND Quy định mức hỗ trợ đóng bảo hiểm y tế cho nhóm đối tượng trên địa bàn tỉnh Nam Định,
"bhyt,vien_phi",173283,139878,Căn cứ,True,False,False,"Nghị quyết số 30/2024/NQ-HĐND Bãi bỏ Nghị quyết số 39/2023/NQ-HĐND ngày 08 tháng 12 năm 2023 của Hội đồng nhân dân Thành phố quy định giá dịch vụ khám bệnh, chữa bệnh không thuộc phạm vi thanh toán của Quỹ Bảo hiểm y tế trong các cơ sở khám bệnh, chữa bệnh của Nhà nước thuộc Thành phố Hồ Chí Minh quản lý và mức giá dịch vụ khám bệnh, chữa bệnh trong một số trường hợp",
bhyt,186050,179427,Căn cứ,True,False,False,Nghị quyết số 43/2025/NQ-HĐND Quy định mức hỗ trợ đóng bảo hiểm y tế cho các đối tượng được ngân sách nhà nước hỗ trợ mức đóng trên địa bàn tỉnh Đồng Tháp,
bhyt,88622,12326,Căn cứ,True,False,False,"Quyết định 3651/QĐ-UBND ban hành Kế hoạch Chương trình hành động 32-CTrHĐ/TU thực hiện Nghị quyết 21-NQ/TW về tăng cường sự lãnh đạo của Đảng đối với công tác bảo hiểm xã hội, bảo hiểm y tế giai đoạn 2012 - 2020 do thành phố Hồ Chí Minh ban hành",
bhyt,184266,174277,Thay thế,True,False,True,"Nghị quyết số 35/2025/NQ-HĐND Quy định chính sách hỗ trợ tiền ăn thêm, tiền mua bảo hiểm y tế và chi phí sinh hoạt khác đối với một số nhóm đối tượng đang được chăm sóc, nuôi dưỡng tại các đơn vị do Sở Y tế và Sở Nội vụ quản lý",
"bhyt,vien_phi",185924,179427,Căn cứ,True,False,False,"Nghị quyết số 50/2025/NQ-HĐND Sửa đổi, bổ sung một số điều của Nghị quyết số 28/2024/NQ-HĐND ngày 31 tháng 12 năm 2024 của Hội đồng nhân dân tỉnh quy định giá dịch vụ khám bệnh, chữa bệnh do quỹ bảo hiểm y tế thanh toán; giá dịch vụ khám bệnh, chữa bệnh do ngân sách nhà nước thanh toán; giá dịch vụ khám bệnh, chữa bệnh không thuộc danh mục do quỹ bảo hiểm y tế thanh toán mà không phải là dịch vụ khám bệnh, chữa bệnh theo yêu cầu đối với các cơ sở khám bệnh, chữa bệnh của Nhà nước thuộc tỉnh Lạng Sơn quản lý",
bhyt,21183,10420,Căn cứ,True,False,False,"Quyết định số 119/2001/QĐ-UB Về việc thực hiện chế độ bảo hiểm xã hội, bảo hiểm y tế đối với cán bộ y tế cơ sở",
bhyt,173064,70819,Căn cứ,True,False,False,"Nghị quyết số 31/2024/NQ-HĐND Về việc bãi bỏ Nghị quyết số 04/2024/NQ-HĐND ngày 21 tháng 5 năm 2024 của Hội đồng nhân dân tỉnh quy định giá cụ thể dịch vụ khám bệnh, chữa bệnh không thuộc danh mục do quỹ bảo hiểm y tế thanh toán mà không phải là dịch vụ khám bệnh, chữa bệnh theo yêu cầu đối với các cơ sở khám bệnh, chửa bệnh của Nhà nước trên địa bàn tỉnh Long An",
bhyt,81695,81693,Căn cứ,True,False,False,Quyết định số 28/2015/QĐ-UBND Về việc hỗ trợ mua bảo hiểm y tế cho cộng tác viên Dân số - Kế hoạch hóa gia đình giai đoạn 2016 - 2020 trên địa bàn tỉnh Bình Dương,
bhyt,79219,36793,Căn cứ,True,False,False,"Quyết định số 76/2014/QĐ-UBND Ban hành Quy định quản lý, cấp phát thẻ bảo hiểm y tế cho đối tượng Ngân sách nhà nước đảm bảo toàn bộ hoặc một phần kinh phí áp dụng trên địa bàn tỉnh Hà Tĩnh",
bhyt,49829,12326,Căn cứ,True,False,False,"Quyết định số 24/2014/QĐ-UBND Ban hành Quy chế phối hợp công tác trong thực hiện pháp luật về bảo hiểm xã hội, bảo hiểm y tế, bảo hiểm thất nghiệp trên địa bàn tỉnh",
vien_phi,119060,20068,Căn cứ,True,False,False,Quyết định số 2340/2007/QĐ-UBND Về việc Ban hành mức giá thu một phần viện phí và các dịch vụ y tế áp dụng tại các cơ sở khám chữa bệnh trong hệ thống y tế nhà nước thuộc tỉnh Thái Nguyên quản lý,
bhyt,40357,40287,"Quy định chi tiết, hướng dẫn thi hành",True,False,False,Quyết định số 1005/QĐ-BHXH Về việc sửa đổi bổ sung một số điểm tại quy định về tổ chức thực hiện chế độ KCB bảo hiểm y tế ban hành kèm theo Quyết định số 2559/QĐ-BHXH ngày 27/9/2005 Của Tổng Giám đốc Bảo hiểm xã hội Việt Nam,
bhyt,49829,36793,Căn cứ,True,False,False,"Quyết định số 24/2014/QĐ-UBND Ban hành Quy chế phối hợp công tác trong thực hiện pháp luật về bảo hiểm xã hội, bảo hiểm y tế, bảo hiểm thất nghiệp trên địa bàn tỉnh",
bhyt,185038,178717,Căn cứ,True,False,False,Nghị quyết số 15/2025/NQ-HĐND Quy định mức hỗ trợ đóng bảo hiểm y tế cho một số đối tượng trên địa bàn tỉnh Cà Mau,
bhyt,184799,178717,Căn cứ,True,False,False,"Nghị quyết số 23/2025/NQ-HĐND Quy định mức hỗ trợ đóng bảo hiểm y tế đối với người thuộc hộ cận nghèo, người cao tuổi từ đủ 60 tuổi đến dưới 75 tuổi, người dân tộc thiểu số có khó khăn đặc thù trên địa bàn tỉnh Lào Cai",
bhyt,79219,24549,Căn cứ,True,False,False,"Quyết định số 76/2014/QĐ-UBND Ban hành Quy định quản lý, cấp phát thẻ bảo hiểm y tế cho đối tượng Ngân sách nhà nước đảm bảo toàn bộ hoặc một phần kinh phí áp dụng trên địa bàn tỉnh Hà Tĩnh",
bhyt,84439,11802,Dẫn chiếu,True,True,False,"Quyết định số 30/2014/QĐ-UBND Ban hành quy định việc quản lý, cấp phát thẻ Bảo hiểm y tế cho các đối tượng được ngân sách Nhà nước đóng, hỗ trợ tiền đóng Bảo hiểm y tế trên địa bàn tỉnh Bình Thuận",Quyết định số 170/2008/QĐ-TTg Về chế độ bảo hiểm y tế và trợ cấp mai táng đối với thanh niên xung phong thời kỳ kháng chiến chống Pháp
bhyt,81695,17855,Căn cứ,True,False,False,Quyết định số 28/2015/QĐ-UBND Về việc hỗ trợ mua bảo hiểm y tế cho cộng tác viên Dân số - Kế hoạch hóa gia đình giai đoạn 2016 - 2020 trên địa bàn tỉnh Bình Dương,
bhyt,184266,173641,Căn cứ,True,False,False,"Nghị quyết số 35/2025/NQ-HĐND Quy định chính sách hỗ trợ tiền ăn thêm, tiền mua bảo hiểm y tế và chi phí sinh hoạt khác đối với một số nhóm đối tượng đang được chăm sóc, nuôi dưỡng tại các đơn vị do Sở Y tế và Sở Nội vụ quản lý",
bhyt,184890,172923,Căn cứ,True,True,False,Nghị quyết số 35/2025/NQ-HĐND Quy định mức hỗ trợ kinh phí đóng bảo hiểm y tế cho một số đối tượng trên địa bàn tỉnh Gia Lai,Luật Bảo hiểm y tế sửa đổi 2024 số Luật số 51/2024/QH15
bhyt,184799,179427,Căn cứ,True,False,False,"Nghị quyết số 23/2025/NQ-HĐND Quy định mức hỗ trợ đóng bảo hiểm y tế đối với người thuộc hộ cận nghèo, người cao tuổi từ đủ 60 tuổi đến dưới 75 tuổi, người dân tộc thiểu số có khó khăn đặc thù trên địa bàn tỉnh Lào Cai",
bhyt,187533,175440,Căn cứ,True,False,False,Nghị quyết số 09/2026/NQ-HĐND Quy định mức hỗ trợ đóng bảo hiểm y tế cho một số đối tượng trên địa bàn tỉnh Điện Biên,
bhyt,173389,166391,Căn cứ,True,False,False,Nghị quyết số 42/2024/NQ-HĐND Về hỗ trợ chi phí mua thẻ bảo hiểm y tế cho người nhiễm HIV/AIDS và hỗ trợ chi phí cùng chi trả thuốc kháng vi rút HIV cho người nhiễm HIV/AIDS có thẻ bảo hiểm y tế trên địa bàn Thành phố Hồ Chí Minh,
bhyt,5326,11130,Căn cứ,True,False,False,Quyết định số 449/1997/QĐ-UB Về việc ban hành bản quy chế làm việc của Hội đồng quản trị Bảo hiểm y tế tỉnh.,
bhyt,4508b790-6869-11f1-896d-1f64195cf782,176730,Căn cứ,True,False,False,"Nghị quyết số 09/2026/NQ-HĐND Quy định mức hỗ trợ đóng bảo hiểm y tế cho đối tượng hộ cận nghèo trên địa bàn tỉnh Thanh Hóa, giai đoạn 2026 - 2030",
bhyt,180170,178340,Căn cứ,True,False,False,"Nghị quyết số 08/2025/NQ-HĐND Quy định chính sách hỗ trợ thêm mức đóng bảo hiểm y tế cho một số đối tượng trên địa bàn tỉnh Nghệ An, giai đoạn 2026 – 2030",
bhyt,158729,139878,Căn cứ,True,False,False,Quyết định số 81/2022/QĐ-UBND Quy định mức hỗ trợ đóng bảo hiểm y tế cho người thuộc hộ gia đình cận nghèo giai đoạn 2023-2025 trên địa bàn tỉnh Ninh Thuận,
"bhyt,vien_phi",155057,153632,Căn cứ,True,False,False,"Quyết định số 10/2022/QĐ-UBND Về sửa đổi, bổ sung Quyết định 56/2019/QĐ-UBND ngày 31 tháng 12 năm 2019 của Ủy ban nhân dân tỉnh Hà Nam về quy định mức giá dịch vụ khám bệnh, chữa bệnh không thuộc phạm vi thanh toán của Quỹ bảo hiểm y tế trong các cơ sở khám bệnh, chữa bệnh của Nhà nước thuộc địa phương quản lý trên địa bàn tỉnh Hà Nam",
bhyt,51860,17940,Căn cứ,True,False,False,Quyết định số 1219/QĐ-UBND Về việc ban hành quy trình cấp thẻ bảo hiểm y tế cho người nghèo,
bhyt,1436ff20-8581-11f1-877b-a7a9e01872e9,179711,Căn cứ,False,True,False,,Nghị định số 188/2025/NĐ-CP hướng dẫn Luật Bảo hiểm y tế
bhyt,185356,154670,Thay thế,True,False,True,Nghị quyết số '26/2025/NQ-HĐND Quy định mức hỗ trợ đóng bảo hiểm y tế cho một số đối tượng trên địa bàn thành phố Cần Thơ,
bhyt,65845,38018,Căn cứ,False,True,False,,Nghị định số 105/2014/NĐ-CP Quy định chi tiết và hướng dẫn thi hành một số điều của Luật Bảo hiểm y tế
bhyt,117674,26353,Căn cứ,True,False,False,"Nghị định số 21/2016/NĐ-CP Quy định việc thực hiện chức năng thanh tra chuyên ngành về đóng bảo hiểm xã hội, bảo hiểm thất nghiệp, bảo hiểm y tế của cơ quan bảo hiểm xã hội",
bhyt,179797,153459,Hợp nhất,True,False,False,Văn bản hợp nhất số 04/VBHN-BYT Quy định chi tiết và hướng dẫn biện pháp thi hành một số điều của luật bảo hiểm y tế,
bhyt,187392,179711,Căn cứ,True,True,False,Quyết định số 32/2026/QĐ-UBND triển khai Nghị quyết số 23/2025/NQ-HĐND ngày 10 tháng 12 năm 2025 của Hội đồng nhân dân tỉnh về việc quy định mức hỗ trợ đóng bảo hiểm y tế cho các đối tượng không được hưởng mức hỗ trợ từ ngân sách nhà nước đối với Thanh niên thi hành nghĩa vụ Kinh tế - Quốc phòng của tỉnh Tây Ninh và Đoàn xây dựng kinh tế Thanh niên trên địa bàn tỉnh Tây Ninh,Nghị định số 188/2025/NĐ-CP hướng dẫn Luật Bảo hiểm y tế
"bhyt,vien_phi",144093,27624,Căn cứ,True,False,False,"Quyết định số 36/2020/QĐ-UBND Về việc bãi bỏ Quyết định số 24/2017/QĐ-UBND ngày 21/8/2017 của Ủy ban nhân dân tỉnh về việc Quy định mức giá dịch vụ khám bệnh, chữa bệnh không thuộc phạm vi thanh toán của Quỹ bảo hiểm y tế trong các cơ sở khám bệnh, chữa bệnh của Nhà nước trên địa bàn tỉnh Lạng Sơn",
bhyt,19666,28013,"Văn bản HD, QĐ chi tiết",False,True,False,,Thông tư số 178/2012/TT-BTC Hướng dẫn kế toán áp dụng cho Bảo hiểm xã hội Việt Nam
bhyt,185662,172923,Căn cứ,True,True,False,Nghị quyết số 43/2025/NQ-HĐND Quy định mức hỗ trợ đóng bảo hiểm y tế cho một số đối tượng trên địa bàn tỉnh Tuyên Quang,Luật Bảo hiểm y tế sửa đổi 2024 số Luật số 51/2024/QH15
bhyt,154152,32610,Căn cứ,True,False,False,Nghị quyết số 04/2022/NQ-HĐND Quy định giá dịch vụ xét nghiệm SARS-CoV-2 không thuộc phạm vi thanh toán của Quỹ Bảo hiểm y tế áp dụng cho các cơ sở y tế công lập thuộc tỉnh Phú Thọ quản lý,
"bhyt,vien_phi",126175,123243,Căn cứ,True,False,False,"Quyết định số 23/2017/QĐ-UBND Triển khai thực hiện Nghị quyết số 08/2017/NQ-HĐND Ngày 14 tháng 7 năm 2017 của Hội đồng nhân dân tỉnh Bạc Liêu về việc quy định mức giá dịch vụ khám bệnh, chữa bệnh không thuộc phạm vi thanh toán của Quỹ bảo hiểm y tế trong các cơ sở khám bệnh, chữa bệnh của Nhà nước trên địa bàn tỉnh Bạc Liêu",
bhyt,38018,113135,"Văn bản HD, QĐ chi tiết",True,False,False,Nghị định số 105/2014/NĐ-CP Quy định chi tiết và hướng dẫn thi hành một số điều của Luật Bảo hiểm y tế,
bhyt,132188,176707,Văn bản sửa đổi,False,True,False,,"Nghị định số 74/2025/NĐ-CP Sửa đổi, bổ sung một số điều của Nghị định số 70/2015/NĐ-CP ngày 01 tháng 09 năm 2015 của Chính phủ quy định chi tiết và hướng dẫn thi hành một số điều của Luật Bảo hiểm y tế đói với Quân đội nhân dân, công an nhân dân và người làm công tác cơ yếu"
bhyt,62448,7601,Dẫn chiếu,True,False,False,Quyết định số 538/QĐ-TTg Phê duyệt Đề án thực hiện lộ trình tiến tới bảo hiểm y tế toàn dân giai đoạn 2012-2015 và 2020,
bhyt,167234,182511,Căn cứ,True,False,False,"Nghị quyết số 05/2024/NQ-HĐND Sửa đổi khoản 1 Điều 1 Nghị quyết số 19/2022/NQ-HĐND ngày 09 tháng 12 năm 2022 của Hội đồng nhân dân tỉnh quy định mức hỗ trợ đóng bảo hiểm y tế cho người có uy tín trong đồng bào dân tộc thiểu số không thuộc đối tượng đã được ngân sách nhà nước đóng và hỗ trợ mức đóng bảo hiểm y tế trên địa bàn tỉnh Trà Vinh, giai đoạn 2023 - 2025",
bhyt,185356,168950,Thay thế,True,False,True,Nghị quyết số '26/2025/NQ-HĐND Quy định mức hỗ trợ đóng bảo hiểm y tế cho một số đối tượng trên địa bàn thành phố Cần Thơ,
bhyt,176101,140287,Thay thế,True,False,True,"Nghị quyết số 28/2024/NQ-HĐND Quy định giá cụ thể dịch vụ khám bệnh, chữa bệnh thuộc danh mục do quỹ bảo hiểm y tế thanh toán, giá cụ thể dịch vụ khám bệnh, chữa bệnh do ngân sách nhà nước thanh toán, giá cụ thể dịch vụ khám bệnh, chữa bệnh không thuộc danh mục do quỹ bảo hiểm y tế thanh toán mà không phải là dịch vụ khám bệnh, chữa bệnh theo yêu cầu đối với các cơ sở khám bệnh, chữa bệnh của Nhà nước trên địa bàn tỉnh Hà Nam quản lý thuộc phạm vi được phân quyền",
bhyt,145559,79102,Căn cứ,True,False,False,Nghị quyết số 332/2020/NQ-HĐND Quy định mức hỗ trợ từ ngân sách nhà nước đóng bảo hiểm y tế cho một số đối tượng trên địa bàn tỉnh Hưng Yên giai đoạn 2021 - 2025,
bhyt,172923,36793,"Sửa đổi, bổ sung",True,False,False,Luật Bảo hiểm y tế sửa đổi 2024 số Luật số 51/2024/QH15,
bhyt,28013,26051,Dẫn chiếu,True,False,False,Thông tư số 178/2012/TT-BTC Hướng dẫn kế toán áp dụng cho Bảo hiểm xã hội Việt Nam,
bhyt,83049,67295,Căn cứ,False,True,False,,"Thông tư liên tịch số 05/2015/TTLT-BTP-BCA-BYT Hướng dẫn thực hiện liên thông các thủ tục hành chính về đăng ký khai sinh, đăng ký thường trú, cấp thẻ bảo hiểm y tế cho trẻ em dưới 6 tuổi"
bhyt,179920,179149,Căn cứ,True,False,False,"Nghị quyết số 19/2025/NQ-HĐND Quy định nội dung, mức hỗ trợ đóng bảo hiểm xã hội tự nguyện, bảo hiểm y tế cho các đối tượng chính sách xã hội của thành phố Hà Nội (Thực hiện điểm a, điểm b khoản 3, khoản 4 Điều 27 Luật Thủ đô)",
"bhyt,vien_phi",175354,167117,Bãi bỏ,True,False,True,"Nghị quyết số 10/2025/NQ-HĐND Bãi bỏ Nghị quyết số 32/2024/NQ-HĐND ngày 10 tháng 05 năm 2024 của Hội đồng nhân dân tỉnh Quy định giá dịch vụ khám bệnh, chữa bệnh không thuộc phạm vi thanh toán của Quỹ Bảo hiểm y tế mà không phải là dịch vụ khám bệnh, chữa bệnh theo yêu cầu trong các cơ sở khám bệnh, chữa bệnh của Nhà nước trên địa bàn tỉnh Quảng Trị",
"bhyt,vien_phi",175644,172699,Căn cứ,True,False,False,"Nghị quyết số 01/2025/NQ-HĐND bãi bỏ Nghị quyết số 01/2024/NQ-HĐND ngày 31 tháng 01 năm 2024 của HĐND tỉnh Ninh Bình quy định mức giá dịch vụ khám bệnh, chữa bệnh không thuộc phạm vi thanh toán của quỹ Bảo hiểm y tế trong các cơ sở khám bệnh, chữa bệnh của Nhà nước trên địa bàn tỉnh Ninh Bình",
"bhyt,vien_phi",173768,70819,Căn cứ,True,False,False,"Nghị quyết số 114/2024/NQ-HĐND Bãi bỏ Nghị quyết số 23/2024/NQ-HĐND ngày 06 tháng 5 năm 2024 của HĐND tỉnh Bắc Giang quy định mức giá dịch vụ khám bệnh, chữa bệnh không thuộc phạm vi thanh toán của Quỹ bảo hiểm y tế trong các cơ sở khám bệnh, chữa bệnh của Nhà nước trên địa bàn tỉnh Bắc Giang",
bhyt,156261,139878,Căn cứ,True,False,False,"Quyết định số 19/2022/QĐ-TTg Về chi phí quản lý bảo hiểm xã hội, bảo hiểm thất nghiệp, bảo hiểm y tế giai đoạn 2022 - 2024",
bhyt,267ffff0-6647-11f1-b01e-8bc328b4d0e9,251c4420-5265-11f1-848d-2bb321e41052,Căn cứ,True,False,False,Nghị quyết số 14/2026/NQ-HĐND Nghị quyết quy định chính sách hỗ trợ an sinh xã hội cho người dân thủ đô,
bhyt,83c773d0-64b9-11f1-9b44-bbe6b0239ff6,176696,Căn cứ,True,False,False,Nghị quyết số 08/2026/NQ-HĐND Quy định mức hỗ trợ đóng bảo hiểm y tế cho người có uy tín trong đồng bào dân tộc thiểu số không thuộc đối tượng đã được ngân sách nhà nước đóng và hỗ trợ đóng bảo hiểm y tế trên địa bàn tỉnh An Giang,
bhyt,185204,178717,Căn cứ,True,False,False,"Nghị quyết số 91/2025/NQ-HĐND Quy định chính sách hỗ trợ đóng bảo hiểm y tế cho một số nhóm đối tượng trên địa bàn tỉnh Quảng Ninh, giai đoạn 2026-2030",
"bhyt,vien_phi",172675,139878,Căn cứ,True,False,False,"Nghị quyết số 21/2024/NQ-HĐND Bãi bỏ Nghị quyết số 124/2019/NQ-HĐND ngày 13 tháng 12 năm 2019 của Hội đồng nhân dân tỉnh Quy định mức giá dịch vụ khám bệnh, chữa bệnh tại các cơ sở khám bệnh, chữa bệnh của Nhà nước trên địa bàn tỉnh Bà Rịa - Vũng Tàu không thuộc phạm vi thanh toán của Quỹ bảo hiểm y tế và nguyên tắc áp dụng giá khám bệnh, chữa bệnh trong một số trường hợp",
bhyt,84439,84414,Văn bản dẫn chiếu,True,False,False,"Quyết định số 30/2014/QĐ-UBND Ban hành quy định việc quản lý, cấp phát thẻ Bảo hiểm y tế cho các đối tượng được ngân sách Nhà nước đóng, hỗ trợ tiền đóng Bảo hiểm y tế trên địa bàn tỉnh Bình Thuận",
bhyt,62144,22313,Căn cứ,True,False,False,"Nghị quyết số 79/2002/NQ-HĐND Về việc thực hiện chế độ bảo hiểm xã hội, bảo hiểm y tế và chế độ thôi việc đối với giáo viên mầm non dân lập",
"bhyt,vien_phi",173463,168128,Căn cứ,True,False,False,"Nghị quyết số 13/2024/NQ-HĐND Về việc Bãi bỏ các Nghị quyết của Hội đồng nhân dân tỉnh quy định giá dịch vụ khám bệnh, chữa bệnh không thuộc phạm vi thanh toán của Quỹ bảo hiểm y tế trong các cơ sở khám bệnh, chữa bệnh của Nhà nước trên địa bàn tỉnh Bắc Ninh",
bhyt,168803,70807,Căn cứ,True,False,False,Nghị quyết số 15/2024/NQ-HĐND Quy định chính sách hỗ trợ kinh phí đóng bảo hiểm y tế; chi phí cùng chi trả đối với thuốc kháng HIV cho người nhiễm HIV/AIDS có thẻ bảo hiểm y tế trên địa bàn tỉnh Nghệ An,
bhyt,dbc1a020-80e2-11f1-b5dd-c1a50ca8fa9c,135489,Bãi bỏ,True,False,True,"Thông tư Quy định thực hiện chương trình hỗ trợ thuốc miễn phí cho cơ sở khám bệnh, chữa bệnh để điều trị cho người bệnh",
bhyt,161822,148321,Căn cứ,True,False,False,"Quyết định số 38/2023/QĐ-UBND Sửa đổi, bổ sung một số điều của Quyết định số 36/2018/QĐ-UBND ngày 13/6/2018 của Ủy ban nhân dân tỉnh Thừa Thiên Huế quy định mức hỗ trợ kinh phí đóng bảo hiểm y tế và chi phí cùng chi trả đối với thuốc kháng vi rút HIV (ARV) cho người nhiễm HIV/AIDS trên địa bàn tỉnh Thừa Thiên Huế",
vien_phi,45773,24213,Căn cứ,True,False,False,"Quyết định số 1169/QĐ-UBND Về giá thu một phần viện phí, lệ phí tại các cơ sở y tế",
"bhyt,vien_phi",173621,70800,Căn cứ,True,False,False,"Nghị quyết số 40/2024/NQ-HĐND Bãi bỏ Nghị quyết số 01/2024/NQ-HĐND ngày 19 tháng 01 năm 2024 của Hội đồng nhân dân tỉnh Đồng Nai quy định giá dịch vụ khám bệnh, chữa bệnh không thuộc phạm vi thanh toán của Quỹ bảo hiểm y tế trong các cơ sở khám bệnh, chữa bệnh của Nhà nước trên địa bàn tỉnh Đồng Nai",
"bhyt,vien_phi",169332,140101,Thay thế,True,False,True,"Nghị quyết số 06/2024/NQ-HĐND Về việc ban hành mức giá dịch vụ khám bệnh, chữa bệnh không thuộc phạm vi thanh toán của Quỹ bảo hiểm y tế mà không phải là dịch vụ khám bệnh, chữa bệnh theo yêu cầu tại các cơ sở khám bệnh, chữa bệnh của Nhà nước trên địa bàn tỉnh Khánh Hòa",
bhyt,152409,139878,Căn cứ,True,False,False,Nghị quyết số 15/2021/NQ-HĐND Về việc hỗ trợ kinh phí đóng bảo hiểm y tế đối với trẻ em có hoàn cảnh khó khăn đang được nuôi dưỡng tại các cơ sở bảo trợ xã hội ngoài công lập trên địa bàn tỉnh Kiên Giang,
bhyt,119949,65845,Căn cứ,True,False,False,Nghị quyết số 70/2016/NQ-HĐND Quy định mức hỗ trợ đóng bảo hiểm y tế cho người thuộc hộ gia đình cận nghèo trên địa bàn tỉnh Ninh Thuận năm 2017,
bhyt,115366,57410,Căn cứ,True,False,False,"Nghị quyết số 22/2016/NQ-HĐND V/v quy định mức giá dịch vụ khám chữa bệnh, chữa bệnh đối với người không có thẻ bảo hiểm y tế tại cơ sở y tế công lập trên địa bàn tỉnh",
bhyt,159070,36793,Căn cứ,True,False,False,"Nghị quyết số 34/2022/NQ-HĐND Quy định việc hỗ trợ đóng bảo hiểm xã hội và bảo hiểm y tế cho ấp (khu) đội trưởng, người hoạt động không chuyên trách ở ấp, khu phố và người trực tiếp tham gia công việc ở ấp, khu phố trên địa bàn tỉnh Kiên Giang",
"bhyt,vien_phi",184589,175440,Căn cứ,True,False,False,"Nghị quyết số 68/2025/NQ-HĐND Quy định mức hỗ trợ đóng bảo hiểm y tế cho các đối tượng cao hơn mức hỗ trợ tối thiểu; đối tượng được hỗ trợ và mức hỗ trợ cùng chi trả chi phí khám bệnh, chữa bệnh bảo hiểm y tế cho người tham gia bảo hiểm y tế khi đi khám bệnh, chữa bệnh trên địa bàn tỉnh Lâm Đồng",
bhyt,182608,179711,Căn cứ,True,True,False,"Thông tư số 86 /2025/TT-BCA Quy định biện pháp thực hiện bảo hiểm y tế đối với công nhân công an, người lao động, học sinh, sinh viên và thân nhân của cán bộ, chiến sĩ, công nhân công an đang công tác, học tập trong Công an nhân dân",Nghị định số 188/2025/NĐ-CP hướng dẫn Luật Bảo hiểm y tế
bhyt,57819,87214,"Quy định chi tiết, hướng dẫn thi hành",True,True,False,Quyết định số 69/2002/QĐ-UB Về việc sửa đổi Quyết định số 76/2001/QĐ-UB/VX ngày 16-8-2001 của UBND tỉnh Nghệ An về việc điều chỉnh mức đóng Bảo hiểm y tế học sinh và Y tế trường học tự nguyện,Thông tư liên tịch số 40/1998/TTLT-BGDĐT-BYT Về việc hướng dẫn bảo hiểm y tế học sinh
"bhyt,vien_phi",173463,70819,Căn cứ,True,False,False,"Nghị quyết số 13/2024/NQ-HĐND Về việc Bãi bỏ các Nghị quyết của Hội đồng nhân dân tỉnh quy định giá dịch vụ khám bệnh, chữa bệnh không thuộc phạm vi thanh toán của Quỹ bảo hiểm y tế trong các cơ sở khám bệnh, chữa bệnh của Nhà nước trên địa bàn tỉnh Bắc Ninh",
bhyt,184559,179711,Căn cứ,True,True,False,Nghị quyết số 64/2025/NQ-HĐND Quy định mức hỗ trợ đóng bảo hiểm y tế cho một số đối tượng trên địa bàn tỉnh Phú Thọ giao đoạn 2026-2030,Nghị định số 188/2025/NĐ-CP hướng dẫn Luật Bảo hiểm y tế
bhyt,177933,70807,Căn cứ,True,False,False,"Nghị quyết số 04/2025/NQ-HĐND Hỗ trợ mức đóng bảo hiểm y tế và chi phí cùng chi trả đối với thuốc kháng vi-rút HIV cho người nhiễm HIV/AIDS đang điều trị tại các cơ sở khám, chữa bệnh công lập thuộc mạng lưới phòng, chống HIV/AIDS của tỉnh Khánh Hòa",
bhyt,152757,70800,Căn cứ,True,False,False,Nghị quyết số Số: 04/2022/NQ-HĐND Quy định chính sách hỗ trợ bảo hiểm y tế đối với đồng bào dân tộc thiểu số trên địa bàn tỉnh Quảng Nam giai đoạn 2022 - 2025,
bhyt,07b5f650-84a2-11f1-8697-9b2ec910d716,8619b9a0-5e55-11f1-8e5a-2929924511d6,Căn cứ,False,True,False,,"Nghị định 02/2025/NĐ-CP Sửa đổi, bổ sung một số điều của nghị định số 146/2018/NĐ-CP ngày 17 tháng 10 năm 2018 của chính phủ quy định chi tiết và hướng dẫn biện pháp thi hành luật bảo hiểm y tể, đã được sửa đổi, bổ sung một số điều tại nghị định số 75/2023/NĐ-CP ngày 19 tháng 10 năm 2023 của chính phủ"
bhyt,169565,12326,Căn cứ,True,False,False,"Thông tư 13/2020/TT-BYT sửa đổi Thông tư 35/2016/TT-BYT về Danh mục và tỷ lệ, điều kiện thanh toán đối với dịch vụ kỹ thuật y tế thuộc phạm vi được hưởng của người tham gia bảo hiểm y tế do Bộ trưởng Bộ Y tế ban hành",
bhyt,186050,175440,Căn cứ,True,False,False,Nghị quyết số 43/2025/NQ-HĐND Quy định mức hỗ trợ đóng bảo hiểm y tế cho các đối tượng được ngân sách nhà nước hỗ trợ mức đóng trên địa bàn tỉnh Đồng Tháp,
vien_phi,65855,24213,Căn cứ,True,False,False,Quyết định số 2758/QĐ-UBND V/v bổ sung danh mục và mức giá thu một phần viện phí Đo mật độ xương tại các cơ sở khám chữa bênh trên đia bàn tỉnh,
bhyt,a58d0900-6ae3-11f1-9463-4ba9a7c0cbbb,178717,Căn cứ,True,False,False,"Nghị quyết số 17/2026/NQ-HĐND Sửa đổi, bổ sung một số điều của nghị quyết số 19/2025/NQ-HĐND ngày 09 tháng 7 năm 2025 của Hội đồng nhân dân thành phố Hà Nội quy định nội dung, mức hỗ trợ đóng bảo hiểm xã hội, bảo hiểm y tế cho các đối tượng chính sách xã hội của thành phố Hà Nội",
bhyt,185524,145559,Dẫn chiếu,True,True,False,"Nghị quyết số 818/2025/NQ-HĐND Quy định mức hỗ trợ từ ngân sách nhà nước đóng bảo hiểm y tế, bảo hiểm xã hội tự nguyện cho một số đối tượng trên địa bàn tỉnh Hưng Yên",Nghị quyết số 332/2020/NQ-HĐND Quy định mức hỗ trợ từ ngân sách nhà nước đóng bảo hiểm y tế cho một số đối tượng trên địa bàn tỉnh Hưng Yên giai đoạn 2021 - 2025
bhyt,181930,178340,Căn cứ,True,False,False,Nghị quyết số 17/2025/NQ-HĐND Ban hành Quy định mức hỗ trợ đóng bảo hiểm y tế đối với một số đối tượng trên địa bàn tỉnh Vĩnh Long,
bhyt,156169,151168,Căn cứ,True,False,False,"Nghị quyết số 12/2022/NQ-HĐND Quy định mức giá dịch vụ xét nghiệm SARS-CoV-2 trong trường hợp không thuộc phạm vi thanh toán của Quỹ bảo hiểm y tế tại các cơ sở khám bệnh, chữa bệnh công lập thuộc tỉnh Ninh Thuận",
bhyt,12326,38018,"Văn bản HD, QĐ chi tiết",False,True,False,,Nghị định số 105/2014/NĐ-CP Quy định chi tiết và hướng dẫn thi hành một số điều của Luật Bảo hiểm y tế
bhyt,40287,40357,"Văn bản HD, QĐ chi tiết",False,True,False,,Quyết định số 1005/QĐ-BHXH Về việc sửa đổi bổ sung một số điểm tại quy định về tổ chức thực hiện chế độ KCB bảo hiểm y tế ban hành kèm theo Quyết định số 2559/QĐ-BHXH ngày 27/9/2005 Của Tổng Giám đốc Bảo hiểm xã hội Việt Nam
bhyt,158050,166391,Căn cứ,True,False,False,"Nghị quyết số 61/2022/NQ-HĐND Quy định mức giá dịch vụ xét nghiệm SARS-CoV-2 không thuộc phạm vi thanh toán của Quỹ bảo hiểm y tế cho các cơ sở khám bệnh, chữa bệnh của Nhà nước trên địa bàn tỉnh Lai Châu",
bhyt,155764,70819,Căn cứ,True,False,False,Nghị quyết số 07/2022/NQ-HĐND Về việc quy định mức hỗ trợ kinh phí mua thẻ bảo hiểm y tế cho người thuộc hộ cận nghèo trên địa bàn tỉnh Khánh Hòa giai đoạn 2022-2025,
bhyt,4120,7543,Căn cứ,True,False,False,Thông tư liên tịch số 151/1998/TTLT-BTC-BYT Thông tư hướng dẫn chế độ quản lý tài chính quỹ bảo hiểm y tế,
bhyt,100267,36793,Căn cứ,True,False,False,"Quyết định số 25/2015/QĐ-UBND Ban hành Quy định đăng ký khám bệnh, chữa bệnh ban đầu và chuyển tuyến khám bệnh, chữa bệnh bảo hiểm y tế trên địa bàn tỉnh Ninh Thuận",
bhyt,184266,175440,Căn cứ,True,False,False,"Nghị quyết số 35/2025/NQ-HĐND Quy định chính sách hỗ trợ tiền ăn thêm, tiền mua bảo hiểm y tế và chi phí sinh hoạt khác đối với một số nhóm đối tượng đang được chăm sóc, nuôi dưỡng tại các đơn vị do Sở Y tế và Sở Nội vụ quản lý",
bhyt,40940,11735,Căn cứ,True,False,False,"Quyết định số 1111/QĐ-BHXH Về việc ban hành Quy định quản lý thu bảo hiểm xã hội, bảo hiểm y tế; quản lý sổ bảo hiểm xã hội, thẻ bảo hiểm y tế",
"bhyt,vien_phi",173176,170581,Căn cứ,True,False,False,"Nghị quyết số 68/2024/NQ-HĐND Quy định giá dịch vụ khám bệnh, chữa bệnh thuộc danh mục thanh toán của Quỹ bảo hiểm y tế, giá dịch vụ khám bệnh, chữa bệnh do ngân sách nhà nước thanh toán và giá dịch vụ khám bệnh, chữa bệnh không thuộc danh mục thanh toán của Quỹ bảo hiểm y tế mà không phải là dịch vụ khám bệnh, chữa bệnh theo yêu cầu tại các cơ sở khám bệnh, chữa bệnh công lập thuộc thành phố Đà Nẵng",
"bhyt,vien_phi",173935,169457,Bãi bỏ,True,False,True,"Nghị quyết số 29/2024/NQ-HĐND Bãi bỏ Nghị quyết số 15/2024/NQ-HĐND ngày 11 tháng 7 năm 2024 của Hội đồng nhân dân tỉnh Ninh Thuận quy định giá dịch vụ khám bệnh, chữa bệnh không thuộc phạm vi thanh toán của Quỹ bảo hiểm y tế trong các cơ sở khám bệnh, chữa bệnh của Nhà nước trên địa bàn tỉnh Ninh Thuận",
"bhyt,vien_phi",173101,166391,Căn cứ,True,False,False,"Nghị quyết số 22/2024/NQ-HĐND Bãi bỏ Nghị quyết số 07/2020/NQ-HĐND ngày 11 tháng 6 năm 2020 của Hội đồng nhân dân tỉnh Quy định giá dịch vụ khám bệnh, chữa bệnh không thuộc phạm vi thanh toán của Quỹ bảo hiểm y tế trong các cơ sở khám bệnh, chữa bệnh công lập trên địa bàn tỉnh",
bhyt,136555,130361,"Quy định chi tiết, hướng dẫn thi hành",True,False,False,"Nghị quyết số 166/2019/NQ-HĐND Quy định mức hỗ trợ đóng bảo hiểm y tế cho người thuộc hộ gia đình cận nghèo, người thuộc hộ gia đình nghèo đa chiều không thiếu hụt về bảo hiểm y tế trên địa bàn tỉnh Đồng Nai giai đoạn 2019 - 2020",
bhyt,100567,176707,Văn bản sửa đổi,False,True,False,,"Nghị định số 74/2025/NĐ-CP Sửa đổi, bổ sung một số điều của Nghị định số 70/2015/NĐ-CP ngày 01 tháng 09 năm 2015 của Chính phủ quy định chi tiết và hướng dẫn thi hành một số điều của Luật Bảo hiểm y tế đói với Quân đội nhân dân, công an nhân dân và người làm công tác cơ yếu"
bhyt,184909,146648,Căn cứ,True,False,False,Nghị quyết số 36/2025/NQ-HĐND quy định mức hỗ trợ đóng bảo hiểm y tế cho một số đối tượng trên địa bàn tỉnh Đồng Nai giai đoạn 2026 - 2030,
bhyt,156429,115469,Căn cứ,True,False,False,Nghị quyết số 13/2022/NQ-HĐND.loi Về việc Quy định mức giá dịch vụ xét nghiệm SARS-CoV-2 không thuộc phạm vi thanh toán của Quỹ bảo hiểm y tế tại các cơ sở y tế của Nhà nước thuộc tỉnh Thừa Thiên Huế,
bhyt,171713,159334,Căn cứ,True,False,False,"Thông tư 37/2024/TT-BYT quy định nguyên tắc, tiêu chí xây dựng, cập nhật, ghi thông tin, cấu trúc danh mục và hướng dẫn thanh toán đối với thuốc hóa dược, sinh phẩm, thuốc phóng xạ và chất đánh dấu thuộc phạm vi được hưởng của người tham gia bảo hiểm y tế do Bộ trưởng Bộ Y tế ban hành",
bhyt,176707,79102,"Sửa đổi, bổ sung",True,False,False,"Nghị định số 74/2025/NĐ-CP Sửa đổi, bổ sung một số điều của Nghị định số 70/2015/NĐ-CP ngày 01 tháng 09 năm 2015 của Chính phủ quy định chi tiết và hướng dẫn thi hành một số điều của Luật Bảo hiểm y tế đói với Quân đội nhân dân, công an nhân dân và người làm công tác cơ yếu",
bhyt,179711,160120,Dẫn chiếu,True,False,False,Nghị định số 188/2025/NĐ-CP hướng dẫn Luật Bảo hiểm y tế,
"bhyt,vien_phi",157394,70800,Căn cứ,True,False,False,"Quyết định số 27/2020/QĐ-UBND Quy định giá dịch vụ khám bệnh, chữa bệnh không thuộc phạm vi thanh toán của Quỹ bảo hiểm y tế trong các cơ sở khám bệnh, chữa bệnh của Nhà nước trên địa bàn tỉnh Ninh Thuận",
bhyt,22843,11802,"Văn bản HD, QĐ chi tiết",False,True,False,,Quyết định số 170/2008/QĐ-TTg Về chế độ bảo hiểm y tế và trợ cấp mai táng đối với thanh niên xung phong thời kỳ kháng chiến chống Pháp
bhyt,184882,135466,Căn cứ,False,True,False,,"Thông tư số 27/2018/TT-BYT Hướng dẫn thực hiện bảo hiểm y tế và khám bệnh, chữa bệnh liên quan đến HIV/AIDS"
"bhyt,vien_phi",175354,168125,Căn cứ,True,False,False,"Nghị quyết số 10/2025/NQ-HĐND Bãi bỏ Nghị quyết số 32/2024/NQ-HĐND ngày 10 tháng 05 năm 2024 của Hội đồng nhân dân tỉnh Quy định giá dịch vụ khám bệnh, chữa bệnh không thuộc phạm vi thanh toán của Quỹ Bảo hiểm y tế mà không phải là dịch vụ khám bệnh, chữa bệnh theo yêu cầu trong các cơ sở khám bệnh, chữa bệnh của Nhà nước trên địa bàn tỉnh Quảng Trị",
bhyt,152410,36793,Căn cứ,True,False,False,"Nghị quyết số 16/2021/NQ-HĐND Quy định mức hỗ trợ đóng bảo hiểm y tế từ ngân sách địa phương đối với người thuộc hộ gia đình làm nông nghiệp, lâm nghiệp, ngư nghiệp có mức sống trung bình và học sinh, sinh viên trên địa bàn tỉnh Kiên Giang",
bhyt,123244,38018,Căn cứ,False,True,False,,Nghị định số 105/2014/NĐ-CP Quy định chi tiết và hướng dẫn thi hành một số điều của Luật Bảo hiểm y tế
bhyt,166665,179244,Văn bản bổ sung,False,True,False,,"Thông tư số 15/2025/TT-BYT quy định về phân cấp, phân định thẩm quyền của chính quyền địa phương 02 cấp trong lĩnh vực y, dược cổ truyền do Bộ trưởng Bộ Y tế ban hành"
vien_phi,45773,51839,Văn bản dẫn chiếu,True,False,False,"Quyết định số 1169/QĐ-UBND Về giá thu một phần viện phí, lệ phí tại các cơ sở y tế",
"bhyt,vien_phi",137630,157394,Văn bản quy định hết hiệu lực,False,True,False,,"Quyết định số 27/2020/QĐ-UBND Quy định giá dịch vụ khám bệnh, chữa bệnh không thuộc phạm vi thanh toán của Quỹ bảo hiểm y tế trong các cơ sở khám bệnh, chữa bệnh của Nhà nước trên địa bàn tỉnh Ninh Thuận"
"bhyt,vien_phi",172863,70800,Căn cứ,True,False,False,"Nghị quyết số 140/2024/NQ-HĐND Quy định giá dịch vụ khám bệnh, chữa bệnh thuộc danh mục do Quỹ bảo hiểm y tế thanh toán; giá dịch vụ khám bệnh, chữa bệnh do ngân sách nhà nước thanh toán; giá dịch vụ khám bệnh, chữa bệnh không thuộc danh mục do Quỹ bảo hiểm y tế thanh toán mà không phải là dịch vụ khám bệnh, chữa bệnh theo yêu cầu cho các cơ sở khám bệnh, chữa bệnh của Nhà nước thuộc phạm quản lý của tỉnh Nam Định",
bhyt,48905,12326,Căn cứ,True,False,False,"Quyết định số 37/2014/QĐ-UBND Ban hành Quy chế phối hợp trong công tác thực hiện pháp luật về bảo hiểm xã hội, bảo hiểm y tế, bảo hiểm thất nghiệp trên địa bàn tỉnh Hà Nam",
bhyt,173389,139878,Căn cứ,True,False,False,Nghị quyết số 42/2024/NQ-HĐND Về hỗ trợ chi phí mua thẻ bảo hiểm y tế cho người nhiễm HIV/AIDS và hỗ trợ chi phí cùng chi trả thuốc kháng vi rút HIV cho người nhiễm HIV/AIDS có thẻ bảo hiểm y tế trên địa bàn Thành phố Hồ Chí Minh,
bhyt,40940,40334,Thay thế,True,False,True,"Quyết định số 1111/QĐ-BHXH Về việc ban hành Quy định quản lý thu bảo hiểm xã hội, bảo hiểm y tế; quản lý sổ bảo hiểm xã hội, thẻ bảo hiểm y tế",
bhyt,83c773d0-64b9-11f1-9b44-bbe6b0239ff6,163819,Căn cứ,True,False,False,Nghị quyết số 08/2026/NQ-HĐND Quy định mức hỗ trợ đóng bảo hiểm y tế cho người có uy tín trong đồng bào dân tộc thiểu số không thuộc đối tượng đã được ngân sách nhà nước đóng và hỗ trợ đóng bảo hiểm y tế trên địa bàn tỉnh An Giang,
"bhyt,vien_phi",173101,142800,Bãi bỏ,True,False,True,"Nghị quyết số 22/2024/NQ-HĐND Bãi bỏ Nghị quyết số 07/2020/NQ-HĐND ngày 11 tháng 6 năm 2020 của Hội đồng nhân dân tỉnh Quy định giá dịch vụ khám bệnh, chữa bệnh không thuộc phạm vi thanh toán của Quỹ bảo hiểm y tế trong các cơ sở khám bệnh, chữa bệnh công lập trên địa bàn tỉnh",
bhyt,153839,32484,Căn cứ,True,False,False,Nghị quyết số 113/2022/NQ-UBND Quy định mức giá dịch vụ xét nghiệm SARS-CoV-2 không thuộc phạm vi thanh toán của Quỹ bảo hiểm y tế trên địa bàn tỉnh Hòa Bình,
bhyt,129005,123277,Thay thế,True,False,True,Thông tư số 56/2017/TT-BYT quy định chi tiết thi hành Luật bảo hiểm xã hội và Luật an toàn vệ sinh lao động thuộc lĩnh vực y tế,
bhyt,124961,38018,Căn cứ,False,True,False,,Nghị định số 105/2014/NĐ-CP Quy định chi tiết và hướng dẫn thi hành một số điều của Luật Bảo hiểm y tế
bhyt,51860,19261,Căn cứ,True,False,False,Quyết định số 1219/QĐ-UBND Về việc ban hành quy trình cấp thẻ bảo hiểm y tế cho người nghèo,
bhyt,88622,24549,Dẫn chiếu,True,False,False,"Quyết định 3651/QĐ-UBND ban hành Kế hoạch Chương trình hành động 32-CTrHĐ/TU thực hiện Nghị quyết 21-NQ/TW về tăng cường sự lãnh đạo của Đảng đối với công tác bảo hiểm xã hội, bảo hiểm y tế giai đoạn 2012 - 2020 do thành phố Hồ Chí Minh ban hành",
bhyt,158024,132188,Căn cứ,True,False,False,Nghị quyết số 26/2022/NQ-HĐND Quy định mức hỗ trợ đóng bảo hiểm y tế cho người thuộc hộ gia đình cận nghèo giai đoạn 2023-2025 trên địa bàn tỉnh Ninh Thuận,
"bhyt,vien_phi",144093,139878,Căn cứ,True,False,False,"Quyết định số 36/2020/QĐ-UBND Về việc bãi bỏ Quyết định số 24/2017/QĐ-UBND ngày 21/8/2017 của Ủy ban nhân dân tỉnh về việc Quy định mức giá dịch vụ khám bệnh, chữa bệnh không thuộc phạm vi thanh toán của Quỹ bảo hiểm y tế trong các cơ sở khám bệnh, chữa bệnh của Nhà nước trên địa bàn tỉnh Lạng Sơn",
"bhyt,vien_phi",173856,185924,Văn bản sửa đổi,False,True,False,,"Nghị quyết số 50/2025/NQ-HĐND Sửa đổi, bổ sung một số điều của Nghị quyết số 28/2024/NQ-HĐND ngày 31 tháng 12 năm 2024 của Hội đồng nhân dân tỉnh quy định giá dịch vụ khám bệnh, chữa bệnh do quỹ bảo hiểm y tế thanh toán; giá dịch vụ khám bệnh, chữa bệnh do ngân sách nhà nước thanh toán; giá dịch vụ khám bệnh, chữa bệnh không thuộc danh mục do quỹ bảo hiểm y tế thanh toán mà không phải là dịch vụ khám bệnh, chữa bệnh theo yêu cầu đối với các cơ sở khám bệnh, chữa bệnh của Nhà nước thuộc tỉnh Lạng Sơn quản lý"
bhyt,12326,176707,"Văn bản HD, QĐ chi tiết",False,True,False,,"Nghị định số 74/2025/NĐ-CP Sửa đổi, bổ sung một số điều của Nghị định số 70/2015/NĐ-CP ngày 01 tháng 09 năm 2015 của Chính phủ quy định chi tiết và hướng dẫn thi hành một số điều của Luật Bảo hiểm y tế đói với Quân đội nhân dân, công an nhân dân và người làm công tác cơ yếu"
bhyt,157778,139878,Căn cứ,True,False,False,Nghị quyết số 105/2022/NQ-HĐND Quy định mức hỗ trợ đóng bảo hiểm y tế cho nhóm đối tượng trên địa bàn tỉnh Nam Định,
bhyt,150222,139878,Căn cứ,True,False,False,"Quyết định số 29/2021/QĐ-UBND Bãi bỏ Quyết định số 1202/2008/QĐ-UBND ngày 14 tháng 7 năm 2008 của Ủy ban nhân dân tỉnh Cao Bằng ban hành Quy định về chế độ tiền công, chế độ bảo hiểm xã hội, bảo hiểm y tế, chế độ bồi thường tai nạn lao động, chế độ tiền thưởng đối với huấn luyện viên, vận động viên thể thao của tỉnh Cao Bằng",
bhyt,267ffff0-6647-11f1-b01e-8bc328b4d0e9,167907,Căn cứ,True,False,False,Nghị quyết số 14/2026/NQ-HĐND Nghị quyết quy định chính sách hỗ trợ an sinh xã hội cho người dân thủ đô,
bhyt,aab8d490-6543-11f1-9a32-d1e78b0240e4,175440,Căn cứ,True,False,False,Quy định hỗ trợ đóng bảo hiểm y tế và chính sách hỗ trợ một phần kinh phí phục vụ công tác thông tin tuyên truyền cho người có uy tín trong đồng bào dân tộc thiểu số trên địa bàn tỉnh Vĩnh Long,
"bhyt,vien_phi",186215,176730,Căn cứ,True,False,False,"Nghị quyết số 36/2025/NQ-HĐND Bãi bỏ Nghị quyết số 29/2024/NQ-HĐND ngày 30 tháng 12 năm 2024 của Hội đồng nhân dân tỉnh Bạc Liêu quy định giá dịch vụ khám bệnh, chữa bệnh do quỹ bảo hiểm y tế thanh toán; giá dịch vụ khám bệnh, chữa bệnh do Ngân sách nhà nước thanh toán; giá dịch vụ khám bệnh, chữa bệnh không thuộc danh mục do quỹ bảo hiểm y tế thanh toán mà không phải là dịch vụ khám bệnh, chữa bệnh theo yêu cầu đối với các cơ sở khám bệnh, chữa bệnh của Nhà nước trên địa bàn tỉnh Bạc Liêu",
bhyt,184708,178717,Căn cứ,True,False,False,"Nghị quyết số 57/2025/NQ-HĐND Quy định chính sách hỗ trợ mức đóng bảo hiểm y tế cho các nhóm đối tượng xã hội đang thường trú trên địa bàn thành phố Hải Phòng, giai đoạn 2026 - 2030",
"bhyt,vien_phi",174245,103581,Căn cứ,True,False,False,"Nghị quyết số 26/2024/NQ-HĐND Bãi bỏ Nghị quyết số 04/2024/NQ-HĐND ngày 19 tháng 4 năm 2024 của Hội đồng nhân dân tỉnh An Giang quy định mức giá dịch vụ khám bệnh, chữa bệnh không thuộc phạm vi thanh toán của Quỹ bảo hiểm y tế mà không phải là đối tượng khám bệnh, chữa bệnh theo yêu cầu tạ",
bhyt,174989,139878,Căn cứ,True,False,False,Nghị quyết số 01/2025/NQ-HĐND Quy định mức hỗ trợ bảo hiểm y tế cho người dân tộc thiểu số đang sinh sống tại khu vực biên giới trên địa bàn tỉnh Kiên Giang,
bhyt,156969,36793,Căn cứ,True,False,False,Nghị quyết số 61/2022/NQ-HĐND Về việc Quy định hỗ trợ kinh phí đóng Bảo hiểm y tế đối với một số nhóm đối tượng có đăng ký thường trú trên địa bàn tỉnh Ninh Bình,
bhyt,117603,38018,Dẫn chiếu,False,True,False,,Nghị định số 105/2014/NĐ-CP Quy định chi tiết và hướng dẫn thi hành một số điều của Luật Bảo hiểm y tế
bhyt,156169,25170,Căn cứ,True,False,False,"Nghị quyết số 12/2022/NQ-HĐND Quy định mức giá dịch vụ xét nghiệm SARS-CoV-2 trong trường hợp không thuộc phạm vi thanh toán của Quỹ bảo hiểm y tế tại các cơ sở khám bệnh, chữa bệnh công lập thuộc tỉnh Ninh Thuận",
bhyt,156169,153632,Căn cứ,True,False,False,"Nghị quyết số 12/2022/NQ-HĐND Quy định mức giá dịch vụ xét nghiệm SARS-CoV-2 trong trường hợp không thuộc phạm vi thanh toán của Quỹ bảo hiểm y tế tại các cơ sở khám bệnh, chữa bệnh công lập thuộc tỉnh Ninh Thuận",
bhyt,111911,38018,Căn cứ,False,True,False,,Nghị định số 105/2014/NĐ-CP Quy định chi tiết và hướng dẫn thi hành một số điều của Luật Bảo hiểm y tế
bhyt,143792,20068,Căn cứ,True,False,False,Nghị quyết số 06/2014/NQ-HĐND Về chế độ hỗ trợ mua bảo hiểm y tế cho người đồng bào dân tộc thiểu số không thuộc vùng có điều kiện kinh tế - xã hội khó khăn trên địa bàn tỉnh Khánh Hòa,
"bhyt,vien_phi",144093,124796,Bãi bỏ,True,False,True,"Quyết định số 36/2020/QĐ-UBND Về việc bãi bỏ Quyết định số 24/2017/QĐ-UBND ngày 21/8/2017 của Ủy ban nhân dân tỉnh về việc Quy định mức giá dịch vụ khám bệnh, chữa bệnh không thuộc phạm vi thanh toán của Quỹ bảo hiểm y tế trong các cơ sở khám bệnh, chữa bệnh của Nhà nước trên địa bàn tỉnh Lạng Sơn",
bhyt,130288,67295,Căn cứ,False,True,False,,"Thông tư liên tịch số 05/2015/TTLT-BTP-BCA-BYT Hướng dẫn thực hiện liên thông các thủ tục hành chính về đăng ký khai sinh, đăng ký thường trú, cấp thẻ bảo hiểm y tế cho trẻ em dưới 6 tuổi"
bhyt,54852,36793,Căn cứ,True,False,False,"Quyết định số 03/2015/QĐ-UBND Về việc thực hiện hỗ trợ đóng bảo hiểm xã hội tự nguyện, bảo hiểm y tế cho Công an viên thường trực cấp xã trên địa bàn tỉnh Quảng Nam",
bhyt,62448,26898,Dẫn chiếu,True,False,False,Quyết định số 538/QĐ-TTg Phê duyệt Đề án thực hiện lộ trình tiến tới bảo hiểm y tế toàn dân giai đoạn 2012-2015 và 2020,
"bhyt,vien_phi",175644,169191,Bãi bỏ,True,False,True,"Nghị quyết số 01/2025/NQ-HĐND bãi bỏ Nghị quyết số 01/2024/NQ-HĐND ngày 31 tháng 01 năm 2024 của HĐND tỉnh Ninh Bình quy định mức giá dịch vụ khám bệnh, chữa bệnh không thuộc phạm vi thanh toán của quỹ Bảo hiểm y tế trong các cơ sở khám bệnh, chữa bệnh của Nhà nước trên địa bàn tỉnh Ninh Bình",
"bhyt,vien_phi",174274,103581,Căn cứ,True,False,False,"Nghị quyết số 41/2024/NQ-HĐND Bãi bỏ Nghị quyết số 26/2024/NQ-HĐND ngày 31 tháng 5 năm 2024 của Hội đồng nhân dân tỉnh quy định giá dịch vụ khám bệnh, chữa bệnh không thuộc danh mục do Quỹ bảo hiểm y tế thanh toán mà không phải là dịch vụ khám bệnh, chữa bệnh theo yêu cầu đối với các cơ sở khám bệnh, chữa bệnh của Nhà nước thuộc tỉnh Thanh Hóa quản lý",
bhyt,156169,139878,Căn cứ,True,False,False,"Nghị quyết số 12/2022/NQ-HĐND Quy định mức giá dịch vụ xét nghiệm SARS-CoV-2 trong trường hợp không thuộc phạm vi thanh toán của Quỹ bảo hiểm y tế tại các cơ sở khám bệnh, chữa bệnh công lập thuộc tỉnh Ninh Thuận",
bhyt,154152,12900,Căn cứ,True,False,False,Nghị quyết số 04/2022/NQ-HĐND Quy định giá dịch vụ xét nghiệm SARS-CoV-2 không thuộc phạm vi thanh toán của Quỹ Bảo hiểm y tế áp dụng cho các cơ sở y tế công lập thuộc tỉnh Phú Thọ quản lý,
bhyt,123748,38018,Căn cứ,False,True,False,,Nghị định số 105/2014/NĐ-CP Quy định chi tiết và hướng dẫn thi hành một số điều của Luật Bảo hiểm y tế
bhyt,173888,70819,Căn cứ,True,False,False,Quyết định số 134/2024/QĐ-UBND Bãi bỏ Quyết định số 51/2015/QĐ-UBND ngày 13 tháng 11 năm 2015 của Ủy ban nhân dân Thành phố Hồ Chí Minh về ban hành quy trình thực hiện cấp thẻ Bảo hiểm y tế cho các đối tượng bảo trợ xã hội tại cộng đồng trên địa bàn Thành phố Hồ Chí Minh,
bhyt,159368,171713,Văn bản bổ sung,False,True,False,,"Thông tư 37/2024/TT-BYT quy định nguyên tắc, tiêu chí xây dựng, cập nhật, ghi thông tin, cấu trúc danh mục và hướng dẫn thanh toán đối với thuốc hóa dược, sinh phẩm, thuốc phóng xạ và chất đánh dấu thuộc phạm vi được hưởng của người tham gia bảo hiểm y tế do Bộ trưởng Bộ Y tế ban hành"
bhyt,21993,22796,Căn cứ,True,True,False,Thông tư liên tịch số 09/2002/TTLT/BTCCBCP-BLĐTBXH-BTC-BYT Hướng dẫn về việc chuyển Bảo hiểm y tế Việt Nam sang Bảo hiểm xã hội Việt Nam.,Quyết định số 20/2002/QĐ-TTg Về việc chuyển Bảo hiểm Y tế Việt Nam sang Bảo hiểm Xã hội Việt Nam.
bhyt,555174c0-66ed-11f1-a036-8bf17f3cc74c,135536,Bãi bỏ,True,False,True,Nghị quyết Quy định mức hỗ trợ đóng bảo hiểm y tế cho một số đối tượng trên địa bàn tỉnh Thái Nguyên,
bhyt,184708,158071,Tạm ngưng hiệu lực,True,False,False,"Nghị quyết số 57/2025/NQ-HĐND Quy định chính sách hỗ trợ mức đóng bảo hiểm y tế cho các nhóm đối tượng xã hội đang thường trú trên địa bàn thành phố Hải Phòng, giai đoạn 2026 - 2030",
bhyt,184764,178340,Căn cứ,True,False,False,"Nghị quyết số 110/2025/NQ-HĐND Quy định mức hỗ trợ đóng bảo hiểm y tế cho người thuộc hộ gia đình cận nghèo; học sinh, sinh viên là người dân tộc thiểu số; người thuộc hộ gia đình làm nông nghiệp, lâm nghiệp, ngư nghiệp có mức sống trung bình trên địa bàn tỉnh Lai Châu giai đoạn 2026 – 2030",
bhyt,3c7280b0-58e8-11f1-8ac3-d768273af8f0,179140,Căn cứ,True,False,False,"Thông tư 09/2026/TT-BTC Quy định về việc tạo lập sổ bảo hiểm xã hội, thẻ bảo hiểm y tế bản điện tử",
bhyt,183009,12326,Căn cứ,True,False,False,Nghị quyết số 10/2013/NQ-HĐND Hỗ trợ kinh phí từ Ngân sách tỉnh để mua Bảo hiểm y tế cho Người cao tuổi trên địa bàn tỉnh Ninh Bình,
bhyt,139461,33447,Căn cứ,True,False,False,Quyết định số 39/2019/QĐ-UBND Bãi bỏ Quyết định số 52/2003/QĐ-UB ngày 09 tháng 6 năm 2003của Uỷ ban nhân dân tỉnh và Quyết định số 53/2003/QĐ-UB ngày 10 tháng 6 năm 2003 của Uỷ ban nhân dân tỉnh,
bhyt,127617,70800,Căn cứ,True,False,False,Quyết định số 02/2018/QĐ-UBND Quy định mức hỗ trợ đóng bảo hiểm y tế cho hộ cận nghèo năm 2018 và người thuộc hộ nghèo đa chiều thiếu hụt các dịch vụ xã hội cơ bản khác (không thiếu hụt bảo hiểm y tế) gai đoạn 2017-2018 trên địa bàn tỉnh Ninh Thuận,
bhyt,31779,12326,Dẫn chiếu,True,False,False,"Nghị quyết số 21-NQ/TW Về tăng cường sự lãnh đạo của Đảng đối với công tác bảo hiểm xã hội, y tế giai đoạn 2012 – 2020",
bhyt,100276,36793,Căn cứ,True,False,False,"Quyết định số 31/2015/QĐ-UBND Về việc bổ sung Điều 6 Quyết định số 25/2015/QĐ-UBND ngày 12 tháng 5 năm 2015 của Ủy ban nhân dân tỉnh quy định đăng ký khám bệnh, chữa bệnh ban đầu và chuyển tuyến khám bệnh, chữa bệnh bảo hiểm y tế trên địa bàn tỉnh Ninh Thuận",
bhyt,81695,65845,Căn cứ,True,False,False,Quyết định số 28/2015/QĐ-UBND Về việc hỗ trợ mua bảo hiểm y tế cho cộng tác viên Dân số - Kế hoạch hóa gia đình giai đoạn 2016 - 2020 trên địa bàn tỉnh Bình Dương,
bhyt,113306,113113,Căn cứ,True,False,False,"Quyết định số 02/2016/QĐ-UBND Về việc ban hành Quy chế phối hợp thực hiện liên thông các thủ tục hành chính về đăng ký khai sinh, đăng ký thường trú, cấp thẻ bảo hiểm y tế cho trẻ em dưới 6 tuổi trên địa bàn tỉnh Trà Vinh",
bhyt,173064,139878,Căn cứ,True,False,False,"Nghị quyết số 31/2024/NQ-HĐND Về việc bãi bỏ Nghị quyết số 04/2024/NQ-HĐND ngày 21 tháng 5 năm 2024 của Hội đồng nhân dân tỉnh quy định giá cụ thể dịch vụ khám bệnh, chữa bệnh không thuộc danh mục do quỹ bảo hiểm y tế thanh toán mà không phải là dịch vụ khám bệnh, chữa bệnh theo yêu cầu đối với các cơ sở khám bệnh, chửa bệnh của Nhà nước trên địa bàn tỉnh Long An",
bhyt,48242,25239,Căn cứ,True,False,False,"Quyết định số 05/2015/QĐ-UBND Về việc thực hiện chế độ hỗ trợ bảo hiểm xã hội tự nguyện, bảo hiểm y tế cho công an viên và thôn, ấp, khu đội trưởng được bố trí ở thôn, ấp, khu phố trên địa bàn tỉnh Bà Rịa - Vũng Tàu",
bhyt,187533,176696,Căn cứ,True,False,False,Nghị quyết số 09/2026/NQ-HĐND Quy định mức hỗ trợ đóng bảo hiểm y tế cho một số đối tượng trên địa bàn tỉnh Điện Biên,
bhyt,157778,70819,Căn cứ,True,False,False,Nghị quyết số 105/2022/NQ-HĐND Quy định mức hỗ trợ đóng bảo hiểm y tế cho nhóm đối tượng trên địa bàn tỉnh Nam Định,
bhyt,185038,179427,Căn cứ,True,False,False,Nghị quyết số 15/2025/NQ-HĐND Quy định mức hỗ trợ đóng bảo hiểm y tế cho một số đối tượng trên địa bàn tỉnh Cà Mau,
"bhyt,vien_phi",168588,146383,Căn cứ,True,False,False,"Nghị quyết số 26/2024/NQ-HĐND Quy định giá dịch vụ khám bệnh, chữa bệnh không thuộc danh mục do Quỹ bảo hiểm y tế thanh toán mà không phải là dịch vụ khám bệnh, chữa bệnh theo yêu cầu đối với các cơ sở khám bệnh, chữa bệnh của Nhà nước thuộc tỉnh Thanh Hóa quản lý",
bhyt,186050,179644,Căn cứ,True,False,False,Nghị quyết số 43/2025/NQ-HĐND Quy định mức hỗ trợ đóng bảo hiểm y tế cho các đối tượng được ngân sách nhà nước hỗ trợ mức đóng trên địa bàn tỉnh Đồng Tháp,
bhyt,91087,41467,Căn cứ,True,False,False,"Quyết định 55/2010/QĐ-UBND bãi bỏ thủ tục hành chính áp dụng tại Ủy ban nhân dân quận, huyện, phường, xã, thị trấn trên địa bàn thành phố Hồ Chí Minh trong các lĩnh vực lao động - tiền lương - tiền công, việc làm, bảo hiểm y tế, bảo vệ và chăm sóc trẻ em, bảo trợ xã hội do Ủy ban nhân dân thành phố Hồ Chí Minh ban hành",
"bhyt,vien_phi",173283,166391,Căn cứ,True,False,False,"Nghị quyết số 30/2024/NQ-HĐND Bãi bỏ Nghị quyết số 39/2023/NQ-HĐND ngày 08 tháng 12 năm 2023 của Hội đồng nhân dân Thành phố quy định giá dịch vụ khám bệnh, chữa bệnh không thuộc phạm vi thanh toán của Quỹ Bảo hiểm y tế trong các cơ sở khám bệnh, chữa bệnh của Nhà nước thuộc Thành phố Hồ Chí Minh quản lý và mức giá dịch vụ khám bệnh, chữa bệnh trong một số trường hợp",
bhyt,61668,61530,Căn cứ,True,False,False,Quyết định số 287/2014/QĐ-UBND Về việc hỗ trợ kinh phí cho đối tượng cận nghèo mua bảo hiểm y tế,
bhyt,186050,178717,Căn cứ,True,False,False,Nghị quyết số 43/2025/NQ-HĐND Quy định mức hỗ trợ đóng bảo hiểm y tế cho các đối tượng được ngân sách nhà nước hỗ trợ mức đóng trên địa bàn tỉnh Đồng Tháp,
bhyt,150222,133028,Căn cứ,True,False,False,"Quyết định số 29/2021/QĐ-UBND Bãi bỏ Quyết định số 1202/2008/QĐ-UBND ngày 14 tháng 7 năm 2008 của Ủy ban nhân dân tỉnh Cao Bằng ban hành Quy định về chế độ tiền công, chế độ bảo hiểm xã hội, bảo hiểm y tế, chế độ bồi thường tai nạn lao động, chế độ tiền thưởng đối với huấn luyện viên, vận động viên thể thao của tỉnh Cao Bằng",
